pace_pad,q_bot_em,q_x_left_bot,q_x_right_bot,champ_capture_excl_uconn,uconn_excluded,avg_inside_per_season,inside_growth,depth_corr
0.25,0.94,0.1,0.7,2,False,16.142857142857142,7.19047619047619,0.17454849621192764
0.25,0.94,0.1,0.75,2,False,16.61904761904762,7.666666666666668,0.17495033840829186
0.25,0.94,0.1,0.8,3,False,17.142857142857142,8.19047619047619,0.1750512275816491
0.25,0.94,0.1,0.85,3,False,17.61904761904762,8.666666666666668,0.1751029447161057
0.25,0.94,0.1,0.9,3,False,18.38095238095238,9.428571428571427,0.1754141268816097
0.25,0.94,0.15,0.7,2,False,15.523809523809524,6.571428571428571,0.17424607688751703
0.25,0.94,0.15,0.75,2,False,16.0,7.0476190476190474,0.17461235735248298
0.25,0.94,0.15,0.8,3,False,16.523809523809526,7.571428571428573,0.1747052564402364
0.25,0.94,0.15,0.85,3,False,17.0,8.047619047619047,0.17472331007697647
0.25,0.94,0.15,0.9,3,False,17.761904761904763,8.80952380952381,0.17497517140015229
0.25,0.94,0.2,0.7,2,False,14.904761904761905,5.9523809523809526,0.17414026765576962
0.25,0.94,0.2,0.75,2,False,15.380952380952381,6.428571428571429,0.17445783712309557
0.25,0.94,0.2,0.8,3,False,15.904761904761905,6.9523809523809526,0.174521057075774
0.25,0.94,0.2,0.85,3,False,16.38095238095238,7.428571428571427,0.17450293652571258
0.25,0.94,0.2,0.9,3,False,17.142857142857142,8.19047619047619,0.1746996250687007
0.25,0.94,0.25,0.7,2,False,14.523809523809524,5.571428571428571,0.17406985267533234
0.25,0.94,0.25,0.75,2,False,15.0,6.0476190476190474,0.17437481331159932
0.25,0.94,0.25,0.8,3,False,15.523809523809524,6.571428571428571,0.1743992051040727
0.25,0.94,0.25,0.85,3,False,16.0,7.0476190476190474,0.17436789615867326
0.25,0.94,0.25,0.9,3,False,16.761904761904763,7.80952380952381,0.1745343392343665
0.25,0.94,0.3,0.7,2,False,13.80952380952381,4.857142857142858,0.17410803038521772
0.25,0.94,0.3,0.75,2,False,14.285714285714286,5.333333333333334,0.17437156143805976
0.25,0.94,0.3,0.8,3,False,14.80952380952381,5.857142857142858,0.1743800284449529
0.25,0.94,0.3,0.85,3,False,15.285714285714286,6.333333333333334,0.17433428899173428
0.25,0.94,0.3,0.9,3,False,16.047619047619047,7.095238095238095,0.17445476142964753
0.25,0.945,0.1,0.7,2,False,14.714285714285714,5.761904761904761,0.17503853865032526
0.25,0.945,0.1,0.75,2,False,15.0,6.0476190476190474,0.17526525422763375
0.25,0.945,0.1,0.8,3,False,15.523809523809524,6.571428571428571,0.1752772666508302
0.25,0.945,0.1,0.85,3,False,16.285714285714285,7.333333333333332,0.17518403671284213
0.25,0.945,0.1,0.9,3,False,16.761904761904763,7.80952380952381,0.17560721045791566
0.25,0.945,0.15,0.7,2,False,14.238095238095237,5.285714285714285,0.1748269901720193
0.25,0.945,0.15,0.75,2,False,14.523809523809524,5.571428571428571,0.17499813547861467
0.25,0.945,0.15,0.8,3,False,15.047619047619047,6.095238095238095,0.17501198293730597
0.25,0.945,0.15,0.85,3,False,15.80952380952381,6.857142857142858,0.1749022666410702
0.25,0.945,0.15,0.9,3,False,16.285714285714285,7.333333333333332,0.17525741050831004
0.25,0.945,0.2,0.7,2,False,13.714285714285714,4.761904761904761,0.17484344509211094
0.25,0.945,0.2,0.75,2,False,14.0,5.0476190476190474,0.17499869888843275
0.25,0.945,0.2,0.8,3,False,14.523809523809524,5.571428571428571,0.17497481027403836
0.25,0.945,0.2,0.85,3,False,15.285714285714286,6.333333333333334,0.17483793350902938
0.25,0.945,0.2,0.9,3,False,15.761904761904763,6.80952380952381,0.1751568366160838
0.25,0.945,0.25,0.7,2,False,13.142857142857142,4.19047619047619,0.174746682837835
0.25,0.945,0.25,0.75,2,False,13.428571428571429,4.476190476190476,0.17487336849824317
0.25,0.945,0.25,0.8,3,False,13.952380952380953,5.0,0.17483888351130095
0.25,0.945,0.25,0.85,3,False,14.714285714285714,5.761904761904761,0.17466313261204688
0.25,0.945,0.25,0.9,3,False,15.19047619047619,6.238095238095237,0.17493518696377572
0.25,0.945,0.3,0.7,2,False,12.857142857142858,3.904761904761905,0.17474583648463513
0.25,0.945,0.3,0.75,2,False,13.142857142857142,4.19047619047619,0.1748354441773048
0.25,0.945,0.3,0.8,3,False,13.666666666666666,4.7142857142857135,0.17476606703169856
0.25,0.945,0.3,0.85,3,False,14.428571428571429,5.476190476190476,0.17457969594311298
0.25,0.945,0.3,0.9,3,False,14.904761904761905,5.9523809523809526,0.17482403899151022
0.25,0.95,0.1,0.7,1,False,13.476190476190476,4.523809523809524,0.17578019953032228
0.25,0.95,0.1,0.75,1,False,13.714285714285714,4.761904761904761,0.17572668792386034
0.25,0.95,0.1,0.8,1,False,14.142857142857142,5.19047619047619,0.17565630778368407
0.25,0.95,0.1,0.85,2,False,14.761904761904763,5.80952380952381,0.17553320865532676
0.25,0.95,0.1,0.9,3,False,15.238095238095237,6.285714285714285,0.17556368409705578
0.25,0.95,0.15,0.7,1,False,13.238095238095237,4.285714285714285,0.17566725453030826
0.25,0.95,0.15,0.75,1,False,13.476190476190476,4.523809523809524,0.1755804547499879
0.25,0.95,0.15,0.8,1,False,13.904761904761905,4.9523809523809526,0.17550206246412067
0.25,0.95,0.15,0.85,2,False,14.523809523809524,5.571428571428571,0.17538287479358816
0.25,0.95,0.15,0.9,3,False,15.0,6.0476190476190474,0.1753628995110899
0.25,0.95,0.2,0.7,1,False,12.571428571428571,3.6190476190476186,0.17561150690033756
0.25,0.95,0.2,0.75,1,False,12.80952380952381,3.8571428571428577,0.17550085108480665
0.25,0.95,0.2,0.8,1,False,13.238095238095237,4.285714285714285,0.1753852119557036
0.25,0.95,0.2,0.85,2,False,13.857142857142858,4.904761904761905,0.17524279581814006
0.25,0.95,0.2,0.9,3,False,14.333333333333334,5.380952380952381,0.17520691619230508
0.25,0.95,0.25,0.7,1,False,12.380952380952381,3.428571428571429,0.17563484802098417
0.25,0.95,0.25,0.75,1,False,12.619047619047619,3.666666666666666,0.1755294814345249
0.25,0.95,0.25,0.8,1,False,13.047619047619047,4.095238095238095,0.17539718238535168
0.25,0.95,0.25,0.85,2,False,13.666666666666666,4.7142857142857135,0.17523287889588113
0.25,0.95,0.25,0.9,3,False,14.142857142857142,5.19047619047619,0.17518515569586599
0.25,0.95,0.3,0.7,1,False,11.904761904761905,2.9523809523809526,0.17548914568918883
0.25,0.95,0.3,0.75,1,False,12.142857142857142,3.19047619047619,0.17537566217042508
0.25,0.95,0.3,0.8,1,False,12.571428571428571,3.6190476190476186,0.17522415032291142
0.25,0.95,0.3,0.85,2,False,13.19047619047619,4.238095238095237,0.1750234306064378
0.25,0.95,0.3,0.9,3,False,13.666666666666666,4.7142857142857135,0.17496581236427064
0.25,0.955,0.1,0.7,1,False,11.761904761904763,2.80952380952381,0.17671436006631733
0.25,0.955,0.1,0.75,1,False,12.238095238095237,3.2857142857142847,0.1767499956063648
0.25,0.955,0.1,0.8,1,False,12.619047619047619,3.666666666666666,0.1766988993766344
0.25,0.955,0.1,0.85,2,False,13.095238095238095,4.142857142857142,0.17661178416430032
0.25,0.955,0.1,0.9,3,False,13.428571428571429,4.476190476190476,0.17659357192471847
0.25,0.955,0.15,0.7,1,False,11.571428571428571,2.6190476190476186,0.17670139775826624
0.25,0.955,0.15,0.75,1,False,12.047619047619047,3.095238095238095,0.17672826798270208
0.25,0.955,0.15,0.8,1,False,12.428571428571429,3.4761904761904763,0.1766576115545956
0.25,0.955,0.15,0.85,2,False,12.904761904761905,3.9523809523809526,0.17655436595580526
0.25,0.955,0.15,0.9,3,False,13.238095238095237,4.285714285714285,0.1765334227465753
0.25,0.955,0.2,0.7,1,False,11.285714285714286,2.333333333333334,0.17652488203631214
0.25,0.955,0.2,0.75,1,False,11.761904761904763,2.80952380952381,0.1765374799065373
0.25,0.955,0.2,0.8,1,False,12.142857142857142,3.19047619047619,0.17646066249992115
0.25,0.955,0.2,0.85,2,False,12.619047619047619,3.666666666666666,0.17631624822790617
0.25,0.955,0.2,0.9,3,False,12.952380952380953,4.0,0.17626777858951637
0.25,0.955,0.25,0.7,1,False,10.761904761904763,1.8095238095238102,0.17645905773111736
0.25,0.955,0.25,0.75,1,False,11.238095238095237,2.2857142857142847,0.1764601843274878
0.25,0.955,0.25,0.8,1,False,11.619047619047619,2.666666666666666,0.17635771073425066
0.25,0.955,0.25,0.85,2,False,12.095238095238095,3.1428571428571423,0.1761763080415351
0.25,0.955,0.25,0.9,3,False,12.428571428571429,3.4761904761904763,0.17611303007619936
0.25,0.955,0.3,0.7,1,False,10.523809523809524,1.5714285714285712,0.17658184993940884
0.25,0.955,0.3,0.75,1,False,11.0,2.0476190476190474,0.1765574798707153
0.25,0.955,0.3,0.8,1,False,11.380952380952381,2.428571428571429,0.1764301149080971
0.25,0.955,0.3,0.85,2,False,11.857142857142858,2.904761904761905,0.17623390625172183
0.25,0.955,0.3,0.9,3,False,12.19047619047619,3.2380952380952372,0.17617456531777287
0.25,0.96,0.1,0.7,0,True,10.761904761904763,1.8095238095238102,0.17792993927505757
0.25,0.96,0.1,0.75,0,True,10.952380952380953,2.0,0.17795004313209709
0.25,0.96,0.1,0.8,1,True,11.142857142857142,2.19047619047619,0.1779457587803033
0.25,0.96,0.1,0.85,2,True,11.666666666666666,2.7142857142857135,0.17781770230884067
0.25,0.96,0.1,0.9,3,True,11.952380952380953,3.0,0.17784396799854885
0.25,0.96,0.15,0.7,0,True,10.571428571428571,1.6190476190476186,0.17781839154571674
0.25,0.96,0.15,0.75,0,True,10.761904761904763,1.8095238095238102,0.17781934598925925
0.25,0.96,0.15,0.8,1,True,10.952380952380953,2.0,0.1777992261286506
0.25,0.96,0.15,0.85,2,True,11.476190476190476,2.5238095238095237,0.17765059172122866
0.25,0.96,0.15,0.9,3,True,11.761904761904763,2.80952380952381,0.17766391541478477
0.25,0.96,0.2,0.7,0,True,10.19047619047619,1.2380952380952372,0.17776123180558195
0.25,0.96,0.2,0.75,0,True,10.380952380952381,1.4285714285714288,0.17776150612575073
0.25,0.96,0.2,0.8,1,True,10.571428571428571,1.6190476190476186,0.17772757086659044
0.25,0.96,0.2,0.85,2,True,11.095238095238095,2.1428571428571423,0.17755286911516843
0.25,0.96,0.2,0.9,3,True,11.380952380952381,2.428571428571429,0.17755517651190642
0.25,0.96,0.25,0.7,0,True,9.857142857142858,0.9047619047619051,0.1776348951915985
0.25,0.96,0.25,0.75,0,True,10.047619047619047,1.095238095238095,0.17760421305926508
0.25,0.96,0.25,0.8,1,True,10.238095238095237,1.2857142857142847,0.17754837588254344
0.25,0.96,0.25,0.85,2,True,10.761904761904763,1.8095238095238102,0.17735999528399884
0.25,0.96,0.25,0.9,3,True,11.047619047619047,2.095238095238095,0.17732604807323446
0.25,0.96,0.3,0.7,0,True,9.571428571428571,0.6190476190476186,0.17765262783334915
0.25,0.96,0.3,0.75,0,True,9.761904761904763,0.8095238095238102,0.17760616226003154
0.25,0.96,0.3,0.8,1,True,9.952380952380953,1.0,0.17753528862322415
0.25,0.96,0.3,0.85,2,True,10.476190476190476,1.5238095238095237,0.1773324607212123
0.25,0.96,0.3,0.9,3,True,10.761904761904763,1.8095238095238102,0.1772874953902434
0.25,0.965,0.1,0.7,0,True,9.476190476190476,0.5238095238095237,0.17887253993301658
0.25,0.965,0.1,0.75,0,True,9.666666666666666,0.7142857142857135,0.178783400698381
0.25,0.965,0.1,0.8,0,True,9.904761904761905,0.9523809523809526,0.17867260447017283
0.25,0.965,0.1,0.85,1,True,10.285714285714286,1.333333333333334,0.17854184627840045
0.25,0.965,0.1,0.9,3,True,10.619047619047619,1.666666666666666,0.178551027071292
0.25,0.965,0.15,0.7,0,True,9.333333333333334,0.3809523809523814,0.17860978722241674
0.25,0.965,0.15,0.75,0,True,9.523809523809524,0.5714285714285712,0.17851242736827438
0.25,0.965,0.15,0.8,0,True,9.761904761904763,0.8095238095238102,0.17838627567060794
0.25,0.965,0.15,0.85,1,True,10.142857142857142,1.1904761904761898,0.17823954830003585
0.25,0.965,0.15,0.9,3,True,10.476190476190476,1.5238095238095237,0.178232034583617
0.25,0.965,0.2,0.7,0,True,9.047619047619047,0.0952380952380949,0.17850844131037374
0.25,0.965,0.2,0.75,0,True,9.238095238095237,0.2857142857142847,0.17838942995229826
0.25,0.965,0.2,0.8,0,True,9.476190476190476,0.5238095238095237,0.17825844364981938
0.25,0.965,0.2,0.85,1,True,9.857142857142858,0.9047619047619051,0.17809643370524472
0.25,0.965,0.2,0.9,3,True,10.19047619047619,1.2380952380952372,0.17808468853179124
0.25,0.965,0.25,0.7,0,True,8.761904761904763,-0.1904761904761898,0.17837839467589797
0.25,0.965,0.25,0.75,0,True,8.952380952380953,0.0,0.17824271842229672
0.25,0.965,0.25,0.8,0,True,9.19047619047619,0.23809523809523725,0.1780979089045845
0.25,0.965,0.25,0.85,1,True,9.571428571428571,0.6190476190476186,0.17793798238258288
0.25,0.965,0.25,0.9,3,True,9.904761904761905,0.9523809523809526,0.17790057749049912
0.25,0.965,0.3,0.7,0,True,8.380952380952381,-0.5714285714285712,0.1783582419812582
0.25,0.965,0.3,0.75,0,True,8.571428571428571,-0.3809523809523814,0.17820520822174504
0.25,0.965,0.3,0.8,0,True,8.80952380952381,-0.14285714285714235,0.17805411385238473
0.25,0.965,0.3,0.85,1,True,9.19047619047619,0.23809523809523725,0.17788932041962896
0.25,0.965,0.3,0.9,3,True,9.523809523809524,0.5714285714285712,0.17784007902415086
0.25,0.97,0.1,0.7,0,True,8.285714285714286,-0.6666666666666661,0.1815910044948489
0.25,0.97,0.1,0.75,0,True,8.380952380952381,-0.5714285714285712,0.18147309662526281
0.25,0.97,0.1,0.8,0,True,8.714285714285714,-0.23809523809523903,0.18122735158691025
0.25,0.97,0.1,0.85,0,True,8.857142857142858,-0.0952380952380949,0.18113374509842745
0.25,0.97,0.1,0.9,2,True,9.380952380952381,0.4285714285714288,0.18117690872028144
0.25,0.97,0.15,0.7,0,True,8.0,-0.9523809523809526,0.18148199931552395
0.25,0.97,0.15,0.75,0,True,8.095238095238095,-0.8571428571428577,0.18136624788079433
0.25,0.97,0.15,0.8,0,True,8.428571428571429,-0.5238095238095237,0.1811045769459408
0.25,0.97,0.15,0.85,0,True,8.571428571428571,-0.3809523809523814,0.1809950630243445
0.25,0.97,0.15,0.9,2,True,9.095238095238095,0.14285714285714235,0.1809997823110663
0.25,0.97,0.2,0.7,0,True,7.809523809523809,-1.1428571428571432,0.18134513021277326
0.25,0.97,0.2,0.75,0,True,7.904761904761905,-1.0476190476190474,0.18119391906086824
0.25,0.97,0.2,0.8,0,True,8.238095238095237,-0.7142857142857153,0.18091113957846294
0.25,0.97,0.2,0.85,0,True,8.380952380952381,-0.5714285714285712,0.1807834416656421
0.25,0.97,0.2,0.9,2,True,8.904761904761905,-0.04761904761904745,0.1807816816375232
0.25,0.97,0.25,0.7,0,True,7.428571428571429,-1.5238095238095237,0.18128750842261998
0.25,0.97,0.25,0.75,0,True,7.523809523809524,-1.4285714285714288,0.18114208965850412
0.25,0.97,0.25,0.8,0,True,7.857142857142857,-1.0952380952380958,0.18083682643974128
0.25,0.97,0.25,0.85,0,True,8.0,-0.9523809523809526,0.18069464477681574
0.25,0.97,0.25,0.9,2,True,8.523809523809524,-0.4285714285714288,0.18068702073185625
0.25,0.97,0.3,0.7,0,True,7.285714285714286,-1.666666666666667,0.18131819502005994
0.25,0.97,0.3,0.75,0,True,7.380952380952381,-1.5714285714285712,0.1811509209421644
0.25,0.97,0.3,0.8,0,True,7.714285714285714,-1.2380952380952381,0.1808398720091265
0.25,0.97,0.3,0.85,0,True,7.857142857142857,-1.0952380952380958,0.1806904233342459
0.25,0.97,0.3,0.9,2,True,8.380952380952381,-0.5714285714285712,0.18068280129134065
0.5,0.94,0.1,0.7,4,False,16.285714285714285,7.333333333333332,0.17449021756272612
0.5,0.94,0.1,0.75,4,False,16.857142857142858,7.904761904761905,0.17488540912535042
0.5,0.94,0.1,0.8,4,False,17.285714285714285,8.333333333333332,0.17500371108662702
0.5,0.94,0.1,0.85,4,False,17.80952380952381,8.857142857142858,0.17509289231278444
0.5,0.94,0.1,0.9,4,False,18.523809523809526,9.571428571428573,0.17539468652959464
0.5,0.94,0.15,0.7,4,False,15.761904761904763,6.80952380952381,0.1741922721846164
0.5,0.94,0.15,0.75,4,False,16.333333333333332,7.38095238095238,0.1745692101913016
0.5,0.94,0.15,0.8,4,False,16.761904761904763,7.80952380952381,0.17467891229743382
0.5,0.94,0.15,0.85,4,False,17.285714285714285,8.333333333333332,0.1747167647141426
0.5,0.94,0.15,0.9,4,False,18.0,9.047619047619047,0.1749663993188327
0.5,0.94,0.2,0.7,4,False,15.142857142857142,6.19047619047619,0.17407165246745068
0.5,0.94,0.2,0.75,4,False,15.714285714285714,6.761904761904761,0.17439261521397964
0.5,0.94,0.2,0.8,4,False,16.142857142857142,7.19047619047619,0.1744769736671441
0.5,0.94,0.2,0.85,4,False,16.666666666666668,7.714285714285715,0.1744920191508316
0.5,0.94,0.2,0.9,4,False,17.38095238095238,8.428571428571427,0.1746839232601787
0.5,0.94,0.25,0.7,4,False,14.666666666666666,5.7142857142857135,0.17397295251732323
0.5,0.94,0.25,0.75,4,False,15.238095238095237,6.285714285714285,0.17427755766597422
0.5,0.94,0.25,0.8,4,False,15.666666666666666,6.7142857142857135,0.1743339146763405
0.5,0.94,0.25,0.85,4,False,16.19047619047619,7.238095238095237,0.17432228232808283
0.5,0.94,0.25,0.9,4,False,16.904761904761905,7.9523809523809526,0.1744920508582247
0.5,0.94,0.3,0.7,4,False,14.0,5.0476190476190474,0.17398275899236415
0.5,0.94,0.3,0.75,4,False,14.571428571428571,5.619047619047619,0.1742665508748285
0.5,0.94,0.3,0.8,4,False,15.0,6.0476190476190474,0.17428832991898702
0.5,0.94,0.3,0.85,4,False,15.523809523809524,6.571428571428571,0.174264389046594
0.5,0.94,0.3,0.9,4,False,16.238095238095237,7.285714285714285,0.1743822197097651
0.5,0.945,0.1,0.7,4,False,15.0,6.0476190476190474,0.17499803744786677
0.5,0.945,0.1,0.75,4,False,15.238095238095237,6.285714285714285,0.17525599329436184
0.5,0.945,0.1,0.8,4,False,15.904761904761905,6.9523809523809526,0.17524295294990674
0.5,0.945,0.1,0.85,4,False,16.38095238095238,7.428571428571427,0.17515841273793276
0.5,0.945,0.1,0.9,4,False,16.857142857142858,7.904761904761905,0.17558749526170447
0.5,0.945,0.15,0.7,4,False,14.523809523809524,5.571428571428571,0.17477980290842401
0.5,0.945,0.15,0.75,4,False,14.761904761904763,5.80952380952381,0.17497102756561628
0.5,0.945,0.15,0.8,4,False,15.428571428571429,6.476190476190476,0.17496636868175106
0.5,0.945,0.15,0.85,4,False,15.904761904761905,6.9523809523809526,0.1748876457798291
0.5,0.945,0.15,0.9,4,False,16.38095238095238,7.428571428571427,0.1752363883210442
0.5,0.945,0.2,0.7,4,False,14.095238095238095,5.142857142857142,0.174780652820334
0.5,0.945,0.2,0.75,4,False,14.333333333333334,5.380952380952381,0.17494445920698684
0.5,0.945,0.2,0.8,4,False,15.0,6.0476190476190474,0.17492138868515963
0.5,0.945,0.2,0.85,4,False,15.476190476190476,6.523809523809524,0.17479362483640154
0.5,0.945,0.2,0.9,4,False,15.952380952380953,7.0,0.17512542455217364
0.5,0.945,0.25,0.7,4,False,13.523809523809524,4.571428571428571,0.1746305007178078
0.5,0.945,0.25,0.75,4,False,13.761904761904763,4.80952380952381,0.17478570024872986
0.5,0.945,0.25,0.8,4,False,14.428571428571429,5.476190476190476,0.17475604590488453
0.5,0.945,0.25,0.85,4,False,14.904761904761905,5.9523809523809526,0.17458264028891599
0.5,0.945,0.25,0.9,4,False,15.380952380952381,6.428571428571429,0.1748517743521529
0.5,0.945,0.3,0.7,4,False,13.142857142857142,4.19047619047619,0.17460998788793444
0.5,0.945,0.3,0.75,4,False,13.380952380952381,4.428571428571429,0.17473840105969418
0.5,0.945,0.3,0.8,4,False,14.047619047619047,5.095238095238095,0.1746630645123027
0.5,0.945,0.3,0.85,4,False,14.523809523809524,5.571428571428571,0.1744812109778738
0.5,0.945,0.3,0.9,4,False,15.0,6.0476190476190474,0.17473139846409733
0.5,0.95,0.1,0.7,4,False,13.666666666666666,4.7142857142857135,0.1756251632418105
0.5,0.95,0.1,0.75,4,False,13.904761904761905,4.9523809523809526,0.17559893670981108
0.5,0.95,0.1,0.8,4,False,14.571428571428571,5.619047619047619,0.17552734286803223
0.5,0.95,0.1,0.85,4,False,14.904761904761905,5.9523809523809526,0.17542408739275245
0.5,0.95,0.1,0.9,4,False,15.428571428571429,6.476190476190476,0.17549812634546902
0.5,0.95,0.15,0.7,4,False,13.380952380952381,4.428571428571429,0.17549674954495675
0.5,0.95,0.15,0.75,4,False,13.619047619047619,4.666666666666666,0.17543045096200877
0.5,0.95,0.15,0.8,4,False,14.285714285714286,5.333333333333334,0.17536274847859806
0.5,0.95,0.15,0.85,4,False,14.619047619047619,5.666666666666666,0.17526724748770697
0.5,0.95,0.15,0.9,4,False,15.142857142857142,6.19047619047619,0.17529726976607843
0.5,0.95,0.2,0.7,4,False,12.80952380952381,3.8571428571428577,0.17543057988972255
0.5,0.95,0.2,0.75,4,False,13.047619047619047,4.095238095238095,0.1753432519732573
0.5,0.95,0.2,0.8,4,False,13.714285714285714,4.761904761904761,0.17525126891935472
0.5,0.95,0.2,0.85,4,False,14.047619047619047,5.095238095238095,0.17511903087044844
0.5,0.95,0.2,0.9,4,False,14.571428571428571,5.619047619047619,0.17513472071600708
0.5,0.95,0.25,0.7,4,False,12.619047619047619,3.666666666666666,0.17542616529032354
0.5,0.95,0.25,0.75,4,False,12.857142857142858,3.904761904761905,0.17534592143413755
0.5,0.95,0.25,0.8,4,False,13.523809523809524,4.571428571428571,0.17523744015004897
0.5,0.95,0.25,0.85,4,False,13.857142857142858,4.904761904761905,0.17509345443372396
0.5,0.95,0.25,0.9,4,False,14.380952380952381,5.428571428571429,0.17508034822735796
0.5,0.95,0.3,0.7,4,False,12.047619047619047,3.095238095238095,0.1752781461112745
0.5,0.95,0.3,0.75,4,False,12.285714285714286,3.333333333333334,0.17519720510435605
0.5,0.95,0.3,0.8,4,False,12.952380952380953,4.0,0.17505526660800586
0.5,0.95,0.3,0.85,4,False,13.285714285714286,4.333333333333334,0.17488382305295944
0.5,0.95,0.3,0.9,4,False,13.80952380952381,4.857142857142858,0.17487132440667924
0.5,0.955,0.1,0.7,3,False,11.904761904761905,2.9523809523809526,0.17640321334919912
0.5,0.955,0.1,0.75,4,False,12.380952380952381,3.428571428571429,0.1764874033790401
0.5,0.955,0.1,0.8,4,False,12.761904761904763,3.80952380952381,0.1764343478346078
0.5,0.955,0.1,0.85,4,False,13.238095238095237,4.285714285714285,0.17636020930987278
0.5,0.955,0.1,0.9,4,False,13.619047619047619,4.666666666666666,0.1763607068925707
0.5,0.955,0.15,0.7,3,False,11.761904761904763,2.80952380952381,0.17637048941293712
0.5,0.955,0.15,0.75,4,False,12.238095238095237,3.2857142857142847,0.17643211064070893
0.5,0.955,0.15,0.8,4,False,12.619047619047619,3.666666666666666,0.17636908761245146
0.5,0.955,0.15,0.85,4,False,13.095238095238095,4.142857142857142,0.17627635997311672
0.5,0.955,0.15,0.9,4,False,13.476190476190476,4.523809523809524,0.1762788364404601
0.5,0.955,0.2,0.7,3,False,11.428571428571429,2.4761904761904763,0.1761903801477874
0.5,0.955,0.2,0.75,4,False,11.904761904761905,2.9523809523809526,0.17623863147909047
0.5,0.955,0.2,0.8,4,False,12.285714285714286,3.333333333333334,0.17615229125833337
0.5,0.955,0.2,0.85,4,False,12.761904761904763,3.80952380952381,0.1760137501082291
0.5,0.955,0.2,0.9,4,False,13.142857142857142,4.19047619047619,0.17600698171870094
0.5,0.955,0.25,0.7,3,False,10.952380952380953,2.0,0.17611420284634746
0.5,0.955,0.25,0.75,4,False,11.428571428571429,2.4761904761904763,0.1761638161809377
0.5,0.955,0.25,0.8,4,False,11.80952380952381,2.8571428571428577,0.17605812788059286
0.5,0.955,0.25,0.85,4,False,12.285714285714286,3.333333333333334,0.17589640123932396
0.5,0.955,0.25,0.9,4,False,12.666666666666666,3.7142857142857135,0.17585700293098072
0.5,0.955,0.3,0.7,3,False,10.714285714285714,1.761904761904761,0.17620535449175978
0.5,0.955,0.3,0.75,4,False,11.19047619047619,2.2380952380952372,0.1762450205303208
0.5,0.955,0.3,0.8,4,False,11.571428571428571,2.6190476190476186,0.1761187961466766
0.5,0.955,0.3,0.85,4,False,12.047619047619047,3.095238095238095,0.17594776273930046
0.5,0.955,0.3,0.9,4,False,12.428571428571429,3.4761904761904763,0.17589302199457874
0.5,0.96,0.1,0.7,4,True,11.047619047619047,2.095238095238095,0.1775424001894307
0.5,0.96,0.1,0.75,4,True,11.142857142857142,2.19047619047619,0.17756482295955694
0.5,0.96,0.1,0.8,4,True,11.380952380952381,2.428571428571429,0.17755656615195345
0.5,0.96,0.1,0.85,4,True,11.761904761904763,2.80952380952381,0.17744243752667474
0.5,0.96,0.1,0.9,4,True,12.142857142857142,3.19047619047619,0.1774966389449808
0.5,0.96,0.15,0.7,4,True,10.904761904761905,1.9523809523809526,0.17742379681824327
0.5,0.96,0.15,0.75,4,True,11.0,2.0476190476190474,0.17742874160819197
0.5,0.96,0.15,0.8,4,True,11.238095238095237,2.2857142857142847,0.17741031228967066
0.5,0.96,0.15,0.85,4,True,11.619047619047619,2.666666666666666,0.17727730216409568
0.5,0.96,0.15,0.9,4,True,12.0,3.0476190476190474,0.17732072918221184
0.5,0.96,0.2,0.7,4,True,10.619047619047619,1.666666666666666,0.1773591800230806
0.5,0.96,0.2,0.75,4,True,10.714285714285714,1.761904761904761,0.17737022828010476
0.5,0.96,0.2,0.8,4,True,10.952380952380953,2.0,0.17734089567676067
0.5,0.96,0.2,0.85,4,True,11.333333333333334,2.3809523809523814,0.17718891918045684
0.5,0.96,0.2,0.9,4,True,11.714285714285714,2.761904761904761,0.17721413764186358
0.5,0.96,0.25,0.7,4,True,10.285714285714286,1.333333333333334,0.17722957152255062
0.5,0.96,0.25,0.75,4,True,10.380952380952381,1.4285714285714288,0.177212815732207
0.5,0.96,0.25,0.8,4,True,10.619047619047619,1.666666666666666,0.17714563308673606
0.5,0.96,0.25,0.85,4,True,11.0,2.0476190476190474,0.17698487555987163
0.5,0.96,0.25,0.9,4,True,11.380952380952381,2.428571428571429,0.17698314509286772
0.5,0.96,0.3,0.7,4,True,9.857142857142858,0.9047619047619051,0.17723764408236467
0.5,0.96,0.3,0.75,4,True,9.952380952380953,1.0,0.17720194639555759
0.5,0.96,0.3,0.8,4,True,10.19047619047619,1.2380952380952372,0.1771314602178155
0.5,0.96,0.3,0.85,4,True,10.571428571428571,1.6190476190476186,0.17695114489172684
0.5,0.96,0.3,0.9,4,True,10.952380952380953,2.0,0.17694063990747608
0.5,0.965,0.1,0.7,3,True,9.714285714285714,0.761904761904761,0.1783661585622357
0.5,0.965,0.1,0.75,4,True,9.952380952380953,1.0,0.17829283850050626
0.5,0.965,0.1,0.8,4,True,10.238095238095237,1.2857142857142847,0.1781837931515958
0.5,0.965,0.1,0.85,4,True,10.476190476190476,1.5238095238095237,0.17806349304131736
0.5,0.965,0.1,0.9,4,True,10.80952380952381,1.8571428571428577,0.17813652351380097
0.5,0.965,0.15,0.7,3,True,9.571428571428571,0.6190476190476186,0.17809921912781362
0.5,0.965,0.15,0.75,4,True,9.80952380952381,0.8571428571428577,0.17800746598278513
0.5,0.965,0.15,0.8,4,True,10.095238095238095,1.1428571428571423,0.17790246892171385
0.5,0.965,0.15,0.85,4,True,10.333333333333334,1.3809523809523814,0.17776507892309273
0.5,0.965,0.15,0.9,4,True,10.666666666666666,1.7142857142857135,0.1778190076308496
0.5,0.965,0.2,0.7,3,True,9.285714285714286,0.3333333333333339,0.17799787357008634
0.5,0.965,0.2,0.75,4,True,9.523809523809524,0.5714285714285712,0.17789790398949032
0.5,0.965,0.2,0.8,4,True,9.80952380952381,0.8571428571428577,0.17777309686415707
0.5,0.965,0.2,0.85,4,True,10.047619047619047,1.095238095238095,0.17763499253277737
0.5,0.965,0.2,0.9,4,True,10.380952380952381,1.4285714285714288,0.17767799589104571
0.5,0.965,0.25,0.7,2,True,8.952380952380953,0.0,0.17785299152231648
0.5,0.965,0.25,0.75,3,True,9.19047619047619,0.23809523809523725,0.17774483707998218
0.5,0.965,0.25,0.8,3,True,9.476190476190476,0.5238095238095237,0.17759821646050855
0.5,0.965,0.25,0.85,3,True,9.714285714285714,0.761904761904761,0.17745942474473406
0.5,0.965,0.25,0.9,3,True,10.047619047619047,1.095238095238095,0.17746900569601554
0.5,0.965,0.3,0.7,2,True,8.571428571428571,-0.3809523809523814,0.17780854723439493
0.5,0.965,0.3,0.75,3,True,8.80952380952381,-0.14285714285714235,0.17768063702674095
0.5,0.965,0.3,0.8,3,True,9.095238095238095,0.14285714285714235,0.17753267924552657
0.5,0.965,0.3,0.85,3,True,9.333333333333334,0.3809523809523814,0.177382876106386
0.5,0.965,0.3,0.9,3,True,9.666666666666666,0.7142857142857135,0.1773795009277229
0.5,0.97,0.1,0.7,2,True,8.523809523809524,-0.4285714285714288,0.18061630657505512
0.5,0.97,0.1,0.75,3,True,8.714285714285714,-0.23809523809523903,0.18051894995719095
0.5,0.97,0.1,0.8,3,True,8.952380952380953,0.0,0.18030951680632443
0.5,0.97,0.1,0.85,3,True,9.095238095238095,0.14285714285714235,0.18025988682619717
0.5,0.97,0.1,0.9,4,True,9.666666666666666,0.7142857142857135,0.1803340086438958
0.5,0.97,0.15,0.7,2,True,8.238095238095237,-0.7142857142857153,0.18052257615691059
0.5,0.97,0.15,0.75,3,True,8.428571428571429,-0.5238095238095237,0.1804152575082721
0.5,0.97,0.15,0.8,3,True,8.666666666666666,-0.2857142857142865,0.18019170661818526
0.5,0.97,0.15,0.85,3,True,8.80952380952381,-0.14285714285714235,0.18012441840365725
0.5,0.97,0.15,0.9,4,True,9.380952380952381,0.4285714285714288,0.1801715685108661
0.5,0.97,0.2,0.7,1,True,8.047619047619047,-0.9047619047619051,0.18038538285034547
0.5,0.97,0.2,0.75,2,True,8.238095238095237,-0.7142857142857153,0.1802632468270414
0.5,0.97,0.2,0.8,2,True,8.476190476190476,-0.4761904761904763,0.18001981611690196
0.5,0.97,0.2,0.85,2,True,8.619047619047619,-0.3333333333333339,0.17994258361094156
0.5,0.97,0.2,0.9,3,True,9.19047619047619,0.23809523809523725,0.17998126435698036
0.5,0.97,0.25,0.7,1,True,7.619047619047619,-1.333333333333334,0.1803281888549088
0.5,0.97,0.25,0.75,2,True,7.809523809523809,-1.1428571428571432,0.18019680390107884
0.5,0.97,0.25,0.8,2,True,8.047619047619047,-0.9047619047619051,0.17993346451773726
0.5,0.97,0.25,0.85,2,True,8.19047619047619,-0.7619047619047628,0.179850554780576
0.5,0.97,0.25,0.9,3,True,8.761904761904763,-0.1904761904761898,0.17987998680981582
0.5,0.97,0.3,0.7,1,True,7.476190476190476,-1.4761904761904763,0.18033110761814644
0.5,0.97,0.3,0.75,2,True,7.666666666666667,-1.2857142857142856,0.18018340535332744
0.5,0.97,0.3,0.8,2,True,7.904761904761905,-1.0476190476190474,0.17991089462237317
0.5,0.97,0.3,0.85,2,True,8.047619047619047,-0.9047619047619051,0.17980888741296627
0.5,0.97,0.3,0.9,3,True,8.619047619047619,-0.3333333333333339,0.1798334014762939
0.75,0.94,0.1,0.7,4,False,16.476190476190474,7.523809523809522,0.17431926971643563
0.75,0.94,0.1,0.75,4,False,16.952380952380953,8.0,0.17470300662479124
0.75,0.94,0.1,0.8,4,False,17.523809523809526,8.571428571428573,0.1748252723997854
0.75,0.94,0.1,0.85,4,False,18.0,9.047619047619047,0.17494300887589997
0.75,0.94,0.1,0.9,4,False,18.61904761904762,9.666666666666668,0.17518324388168433
0.75,0.94,0.15,0.7,4,False,15.952380952380953,7.0,0.1740746260730983
0.75,0.94,0.15,0.75,4,False,16.428571428571427,7.4761904761904745,0.17443454961519345
0.75,0.94,0.15,0.8,4,False,17.0,8.047619047619047,0.17454128617809161
0.75,0.94,0.15,0.85,4,False,17.476190476190474,8.523809523809522,0.17463710211628578
0.75,0.94,0.15,0.9,4,False,18.095238095238095,9.142857142857142,0.17481997248488593
0.75,0.94,0.2,0.7,4,False,15.285714285714286,6.333333333333334,0.17392255002879822
0.75,0.94,0.2,0.75,4,False,15.761904761904763,6.80952380952381,0.17425405161872615
0.75,0.94,0.2,0.8,4,False,16.333333333333332,7.38095238095238,0.17434475901496474
0.75,0.94,0.2,0.85,4,False,16.80952380952381,7.857142857142858,0.1743916318984125
0.75,0.94,0.2,0.9,4,False,17.428571428571427,8.476190476190474,0.174523759157115
0.75,0.94,0.25,0.7,4,False,14.904761904761905,5.9523809523809526,0.17384433912719843
0.75,0.94,0.25,0.75,4,False,15.380952380952381,6.428571428571429,0.17415711675344747
0.75,0.94,0.25,0.8,4,False,15.952380952380953,7.0,0.1742156298462231
0.75,0.94,0.25,0.85,4,False,16.428571428571427,7.4761904761904745,0.17424191510014547
0.75,0.94,0.25,0.9,4,False,17.047619047619047,8.095238095238095,0.17433867171262502
0.75,0.94,0.3,0.7,4,False,14.333333333333334,5.380952380952381,0.17383283397520333
0.75,0.94,0.3,0.75,4,False,14.80952380952381,5.857142857142858,0.1741031920150961
0.75,0.94,0.3,0.8,4,False,15.380952380952381,6.428571428571429,0.1741461121028129
0.75,0.94,0.3,0.85,4,False,15.857142857142858,6.904761904761905,0.1741518811753289
0.75,0.94,0.3,0.9,4,False,16.476190476190474,7.523809523809522,0.17421973811747948
0.75,0.945,0.1,0.7,4,False,15.095238095238095,6.142857142857142,0.17476325887325012
0.75,0.945,0.1,0.75,4,False,15.380952380952381,6.428571428571429,0.1749849648118072
0.75,0.945,0.1,0.8,4,False,16.047619047619047,7.095238095238095,0.17499598347469927
0.75,0.945,0.1,0.85,4,False,16.476190476190474,7.523809523809522,0.17494785369382213
0.75,0.945,0.1,0.9,4,False,17.047619047619047,8.095238095238095,0.17530539467756343
0.75,0.945,0.15,0.7,4,False,14.571428571428571,5.619047619047619,0.17455147663333379
0.75,0.945,0.15,0.75,4,False,14.857142857142858,5.904761904761905,0.17471305774525442
0.75,0.945,0.15,0.8,4,False,15.523809523809524,6.571428571428571,0.17472339519903723
0.75,0.945,0.15,0.85,4,False,15.952380952380953,7.0,0.1746713018862021
0.75,0.945,0.15,0.9,4,False,16.523809523809526,7.571428571428573,0.17496943137625637
0.75,0.945,0.2,0.7,4,False,14.238095238095237,5.285714285714285,0.17450454589647002
0.75,0.945,0.2,0.75,4,False,14.523809523809524,5.571428571428571,0.17464419156109084
0.75,0.945,0.2,0.8,4,False,15.19047619047619,6.238095238095237,0.17464143882279856
0.75,0.945,0.2,0.85,4,False,15.619047619047619,6.666666666666666,0.17456539323580111
0.75,0.945,0.2,0.9,4,False,16.19047619047619,7.238095238095237,0.1748287748200758
0.75,0.945,0.25,0.7,4,False,13.714285714285714,4.761904761904761,0.17440600865922024
0.75,0.945,0.25,0.75,4,False,14.0,5.0476190476190474,0.17455388408616807
0.75,0.945,0.25,0.8,4,False,14.666666666666666,5.7142857142857135,0.17452527128436582
0.75,0.945,0.25,0.85,4,False,15.095238095238095,6.142857142857142,0.1743932200656676
0.75,0.945,0.25,0.9,4,False,15.666666666666666,6.7142857142857135,0.17460948367694085
0.75,0.945,0.3,0.7,4,False,13.19047619047619,4.238095238095237,0.17438179443803672
0.75,0.945,0.3,0.75,4,False,13.476190476190476,4.523809523809524,0.17448260182162292
0.75,0.945,0.3,0.8,4,False,14.142857142857142,5.19047619047619,0.174407542894126
0.75,0.945,0.3,0.85,4,False,14.571428571428571,5.619047619047619,0.174277427917325
0.75,0.945,0.3,0.9,4,False,15.142857142857142,6.19047619047619,0.17448142040282255
0.75,0.95,0.1,0.7,4,False,13.761904761904763,4.80952380952381,0.17527026345073757
0.75,0.95,0.1,0.75,4,False,14.095238095238095,5.142857142857142,0.1752655936655757
0.75,0.95,0.1,0.8,4,False,14.714285714285714,5.761904761904761,0.17522144722632307
0.75,0.95,0.1,0.85,4,False,15.095238095238095,6.142857142857142,0.17512977188443646
0.75,0.95,0.1,0.9,4,False,15.523809523809524,6.571428571428571,0.17519443230741363
0.75,0.95,0.15,0.7,4,False,13.428571428571429,4.476190476190476,0.1751552072888775
0.75,0.95,0.15,0.75,4,False,13.761904761904763,4.80952380952381,0.17511688651307675
0.75,0.95,0.15,0.8,4,False,14.380952380952381,5.428571428571429,0.17506288524356087
0.75,0.95,0.15,0.85,4,False,14.761904761904763,5.80952380952381,0.17497630295582273
0.75,0.95,0.15,0.9,4,False,15.19047619047619,6.238095238095237,0.17501315722407387
0.75,0.95,0.2,0.7,4,False,12.904761904761905,3.9523809523809526,0.1750555722394321
0.75,0.95,0.2,0.75,4,False,13.238095238095237,4.285714285714285,0.1749802814247095
0.75,0.95,0.2,0.8,4,False,13.857142857142858,4.904761904761905,0.17491012034990688
0.75,0.95,0.2,0.85,4,False,14.238095238095237,5.285714285714285,0.17479440458309078
0.75,0.95,0.2,0.9,4,False,14.666666666666666,5.7142857142857135,0.17482477560928222
0.75,0.95,0.25,0.7,4,False,12.714285714285714,3.761904761904761,0.17509847043923252
0.75,0.95,0.25,0.75,4,False,13.047619047619047,4.095238095238095,0.17502634658354474
0.75,0.95,0.25,0.8,4,False,13.666666666666666,4.7142857142857135,0.1749398671619363
0.75,0.95,0.25,0.85,4,False,14.047619047619047,5.095238095238095,0.17480481651937393
0.75,0.95,0.25,0.9,4,False,14.476190476190476,5.523809523809524,0.17480026674796242
0.75,0.95,0.3,0.7,4,False,12.142857142857142,3.19047619047619,0.17493921640430252
0.75,0.95,0.3,0.75,4,False,12.476190476190476,3.5238095238095237,0.17487220827788874
0.75,0.95,0.3,0.8,4,False,13.095238095238095,4.142857142857142,0.17475076952940177
0.75,0.95,0.3,0.85,4,False,13.476190476190476,4.523809523809524,0.17459755076606595
0.75,0.95,0.3,0.9,4,False,13.904761904761905,4.9523809523809526,0.17457682164820168
0.75,0.955,0.1,0.7,4,False,12.047619047619047,3.095238095238095,0.17600759836974192
0.75,0.955,0.1,0.75,4,False,12.523809523809524,3.571428571428571,0.17611555086034497
0.75,0.955,0.1,0.8,4,False,12.952380952380953,4.0,0.17606372602830506
0.75,0.955,0.1,0.85,4,False,13.380952380952381,4.428571428571429,0.1759924091844096
0.75,0.955,0.1,0.9,4,False,13.714285714285714,4.761904761904761,0.17597786089155124
0.75,0.955,0.15,0.7,4,False,11.952380952380953,3.0,0.17597069903710247
0.75,0.955,0.15,0.75,4,False,12.428571428571429,3.4761904761904763,0.17604330030184015
0.75,0.955,0.15,0.8,4,False,12.857142857142858,3.904761904761905,0.17598223062044796
0.75,0.955,0.15,0.85,4,False,13.285714285714286,4.333333333333334,0.17588212372677942
0.75,0.955,0.15,0.9,4,False,13.619047619047619,4.666666666666666,0.17588651037542433
0.75,0.955,0.2,0.7,4,False,11.666666666666666,2.7142857142857135,0.17578184617397713
0.75,0.955,0.2,0.75,4,False,12.142857142857142,3.19047619047619,0.175854501567008
0.75,0.955,0.2,0.8,4,False,12.571428571428571,3.6190476190476186,0.17577569659999695
0.75,0.955,0.2,0.85,4,False,13.0,4.0476190476190474,0.17564611421945275
0.75,0.955,0.2,0.9,4,False,13.333333333333334,4.380952380952381,0.17563410958047998
0.75,0.955,0.25,0.7,4,False,11.142857142857142,2.19047619047619,0.1757230786350018
0.75,0.955,0.25,0.75,4,False,11.619047619047619,2.666666666666666,0.17577927695950565
0.75,0.955,0.25,0.8,4,False,12.047619047619047,3.095238095238095,0.1756775415184042
0.75,0.955,0.25,0.85,4,False,12.476190476190476,3.5238095238095237,0.1755407014358817
0.75,0.955,0.25,0.9,4,False,12.80952380952381,3.8571428571428577,0.17548944513885975
0.75,0.955,0.3,0.7,4,False,10.80952380952381,1.8571428571428577,0.17581898438374824
0.75,0.955,0.3,0.75,4,False,11.285714285714286,2.333333333333334,0.17585667214760226
0.75,0.955,0.3,0.8,4,False,11.714285714285714,2.761904761904761,0.175740585190991
0.75,0.955,0.3,0.85,4,False,12.142857142857142,3.19047619047619,0.17558142564507886
0.75,0.955,0.3,0.9,4,False,12.476190476190476,3.5238095238095237,0.1755216215884261
0.75,0.96,0.1,0.7,4,True,11.142857142857142,2.19047619047619,0.17699193206013933
0.75,0.96,0.1,0.75,4,True,11.238095238095237,2.2857142857142847,0.17703311256951682
0.75,0.96,0.1,0.8,4,True,11.476190476190476,2.5238095238095237,0.17702677052541316
0.75,0.96,0.1,0.85,4,True,11.904761904761905,2.9523809523809526,0.1769044958359477
0.75,0.96,0.1,0.9,4,True,12.285714285714286,3.333333333333334,0.1769731209807324
0.75,0.96,0.15,0.7,4,True,10.952380952380953,2.0,0.1768792742581763
0.75,0.96,0.15,0.75,4,True,11.047619047619047,2.095238095238095,0.17690852647196575
0.75,0.96,0.15,0.8,4,True,11.285714285714286,2.333333333333334,0.17689480501945362
0.75,0.96,0.15,0.85,4,True,11.714285714285714,2.761904761904761,0.17675593029006426
0.75,0.96,0.15,0.9,4,True,12.095238095238095,3.1428571428571423,0.17680924683705915
0.75,0.96,0.2,0.7,4,True,10.714285714285714,1.761904761904761,0.17682888551996423
0.75,0.96,0.2,0.75,4,True,10.80952380952381,1.8571428571428577,0.1768581098553686
0.75,0.96,0.2,0.8,4,True,11.047619047619047,2.095238095238095,0.17683104657703694
0.75,0.96,0.2,0.85,4,True,11.476190476190476,2.5238095238095237,0.17667286356685716
0.75,0.96,0.2,0.9,4,True,11.857142857142858,2.904761904761905,0.17671225716791075
0.75,0.96,0.25,0.7,4,True,10.380952380952381,1.4285714285714288,0.17670447870926714
0.75,0.96,0.25,0.75,4,True,10.476190476190476,1.5238095238095237,0.1767082833413105
0.75,0.96,0.25,0.8,4,True,10.714285714285714,1.761904761904761,0.17665864568523257
0.75,0.96,0.25,0.85,4,True,11.142857142857142,2.19047619047619,0.1764898423563645
0.75,0.96,0.25,0.9,4,True,11.523809523809524,2.571428571428571,0.17648808400095384
0.75,0.96,0.3,0.7,4,True,10.142857142857142,1.1904761904761898,0.17670382126005194
0.75,0.96,0.3,0.75,4,True,10.238095238095237,1.2857142857142847,0.17669637234954844
0.75,0.96,0.3,0.8,4,True,10.476190476190476,1.5238095238095237,0.1766334488166849
0.75,0.96,0.3,0.85,4,True,10.904761904761905,1.9523809523809526,0.17644671516828586
0.75,0.96,0.3,0.9,4,True,11.285714285714286,2.333333333333334,0.17644297062216918
0.75,0.965,0.1,0.7,4,True,9.857142857142858,0.9047619047619051,0.17767933102963657
0.75,0.965,0.1,0.75,4,True,10.095238095238095,1.1428571428571423,0.17759631277032834
0.75,0.965,0.1,0.8,4,True,10.333333333333334,1.3809523809523814,0.17749049680170542
0.75,0.965,0.1,0.85,4,True,10.571428571428571,1.6190476190476186,0.1773958060364148
0.75,0.965,0.1,0.9,4,True,10.952380952380953,2.0,0.17747941670115966
0.75,0.965,0.15,0.7,4,True,9.666666666666666,0.7142857142857135,0.1774566614476706
0.75,0.965,0.15,0.75,4,True,9.904761904761905,0.9523809523809526,0.17735352909700702
0.75,0.965,0.15,0.8,4,True,10.142857142857142,1.1904761904761898,0.17723566111124678
0.75,0.965,0.15,0.85,4,True,10.380952380952381,1.4285714285714288,0.17713421781949776
0.75,0.965,0.15,0.9,4,True,10.761904761904763,1.8095238095238102,0.1771990239406439
0.75,0.965,0.2,0.7,4,True,9.476190476190476,0.5238095238095237,0.17733355341626492
0.75,0.965,0.2,0.75,4,True,9.714285714285714,0.761904761904761,0.17722972754019517
0.75,0.965,0.2,0.8,4,True,9.952380952380953,1.0,0.17710908818591986
0.75,0.965,0.2,0.85,4,True,10.19047619047619,1.2380952380952372,0.1770110084679814
0.75,0.965,0.2,0.9,4,True,10.571428571428571,1.6190476190476186,0.1770691385896103
0.75,0.965,0.25,0.7,4,True,9.142857142857142,0.1904761904761898,0.1772023156662936
0.75,0.965,0.25,0.75,4,True,9.380952380952381,0.4285714285714288,0.17707707356953745
0.75,0.965,0.25,0.8,4,True,9.619047619047619,0.6666666666666661,0.1769384301786141
0.75,0.965,0.25,0.85,4,True,9.857142857142858,0.9047619047619051,0.17683158217163678
0.75,0.965,0.25,0.9,4,True,10.238095238095237,1.2857142857142847,0.17686163686213546
0.75,0.965,0.3,0.7,4,True,8.761904761904763,-0.1904761904761898,0.17716881394793463
0.75,0.965,0.3,0.75,4,True,9.0,0.04761904761904745,0.17703832721781956
0.75,0.965,0.3,0.8,4,True,9.238095238095237,0.2857142857142847,0.17689346435353476
0.75,0.965,0.3,0.85,4,True,9.476190476190476,0.5238095238095237,0.17676786802683866
0.75,0.965,0.3,0.9,4,True,9.857142857142858,0.9047619047619051,0.17679523490374663
0.75,0.97,0.1,0.7,3,True,8.714285714285714,-0.23809523809523903,0.17979738167541115
0.75,0.97,0.1,0.75,4,True,8.857142857142858,-0.0952380952380949,0.17970100160487895
0.75,0.97,0.1,0.8,4,True,9.19047619047619,0.23809523809523725,0.17950665016183395
0.75,0.97,0.1,0.85,4,True,9.285714285714286,0.3333333333333339,0.17947535366094222
0.75,0.97,0.1,0.9,4,True,9.761904761904763,0.8095238095238102,0.17953412398091986
0.75,0.97,0.15,0.7,3,True,8.380952380952381,-0.5714285714285712,0.17973629281996098
0.75,0.97,0.15,0.75,4,True,8.523809523809524,-0.4285714285714288,0.1796252728540129
0.75,0.97,0.15,0.8,4,True,8.857142857142858,-0.0952380952380949,0.17941358683910086
0.75,0.97,0.15,0.85,4,True,8.952380952380953,0.0,0.17936979819328625
0.75,0.97,0.15,0.9,4,True,9.428571428571429,0.4761904761904763,0.17939869915198295
0.75,0.97,0.2,0.7,3,True,8.333333333333334,-0.6190476190476186,0.17959060743649646
0.75,0.97,0.2,0.75,4,True,8.476190476190476,-0.4761904761904763,0.17946709760275958
0.75,0.97,0.2,0.8,4,True,8.80952380952381,-0.14285714285714235,0.17923590608013168
0.75,0.97,0.2,0.85,4,True,8.904761904761905,-0.04761904761904745,0.17917957788362343
0.75,0.97,0.2,0.9,4,True,9.380952380952381,0.4285714285714288,0.17921058974466114
0.75,0.97,0.25,0.7,3,True,7.904761904761905,-1.0476190476190474,0.17955106150180913
0.75,0.97,0.25,0.75,4,True,8.047619047619047,-0.9047619047619051,0.17941442213290745
0.75,0.97,0.25,0.8,4,True,8.380952380952381,-0.5714285714285712,0.17917477106098414
0.75,0.97,0.25,0.85,4,True,8.476190476190476,-0.4761904761904763,0.17910805748165246
0.75,0.97,0.25,0.9,4,True,8.952380952380953,0.0,0.17913137387504036
0.75,0.97,0.3,0.7,3,True,7.714285714285714,-1.2380952380952381,0.1795280144311581
0.75,0.97,0.3,0.75,4,True,7.857142857142857,-1.0952380952380958,0.17938086692126085
0.75,0.97,0.3,0.8,4,True,8.19047619047619,-0.7619047619047628,0.17913231060299992
0.75,0.97,0.3,0.85,4,True,8.285714285714286,-0.6666666666666661,0.17905863334377667
0.75,0.97,0.3,0.9,4,True,8.761904761904763,-0.1904761904761898,0.17907293498142812
1.0,0.94,0.1,0.7,4,False,16.61904761904762,7.666666666666668,0.17422988040018583
1.0,0.94,0.1,0.75,4,False,17.19047619047619,8.238095238095237,0.1745659341296945
1.0,0.94,0.1,0.8,4,False,17.761904761904763,8.80952380952381,0.17467562232951003
1.0,0.94,0.1,0.85,4,False,18.095238095238095,9.142857142857142,0.17479621626132835
1.0,0.94,0.1,0.9,4,False,18.80952380952381,9.857142857142858,0.17499301556646937
1.0,0.94,0.15,0.7,4,False,16.095238095238095,7.142857142857142,0.17399308244569028
1.0,0.94,0.15,0.75,4,False,16.666666666666668,7.714285714285715,0.17431825652954427
1.0,0.94,0.15,0.8,4,False,17.238095238095237,8.285714285714285,0.1744138436004334
1.0,0.94,0.15,0.85,4,False,17.571428571428573,8.61904761904762,0.17449995439393037
1.0,0.94,0.15,0.9,4,False,18.285714285714285,9.333333333333332,0.17464308881584562
1.0,0.94,0.2,0.7,4,False,15.428571428571429,6.476190476190476,0.1738607093009468
1.0,0.94,0.2,0.75,4,False,16.0,7.0476190476190474,0.1741704780116348
1.0,0.94,0.2,0.8,4,False,16.571428571428573,7.61904761904762,0.17424379137929685
1.0,0.94,0.2,0.85,4,False,16.904761904761905,7.9523809523809526,0.17428638790767134
1.0,0.94,0.2,0.9,4,False,17.61904761904762,8.666666666666668,0.17439000894610096
1.0,0.94,0.25,0.7,4,False,15.095238095238095,6.142857142857142,0.17375177981148715
1.0,0.94,0.25,0.75,4,False,15.666666666666666,6.7142857142857135,0.1740391125529751
1.0,0.94,0.25,0.8,4,False,16.238095238095237,7.285714285714285,0.17408812362290427
1.0,0.94,0.25,0.85,4,False,16.571428571428573,7.61904761904762,0.17410393331324195
1.0,0.94,0.25,0.9,4,False,17.285714285714285,8.333333333333332,0.1741896552635161
1.0,0.94,0.3,0.7,4,False,14.523809523809524,5.571428571428571,0.17374180216315893
1.0,0.94,0.3,0.75,4,False,15.095238095238095,6.142857142857142,0.1740112318587883
1.0,0.94,0.3,0.8,4,False,15.666666666666666,6.7142857142857135,0.17404098256937098
1.0,0.94,0.3,0.85,4,False,16.0,7.0476190476190474,0.17403197608974474
1.0,0.94,0.3,0.9,4,False,16.714285714285715,7.761904761904763,0.17409155154092948
1.0,0.945,0.1,0.7,4,False,15.285714285714286,6.333333333333334,0.17459159004556807
1.0,0.945,0.1,0.75,4,False,15.619047619047619,6.666666666666666,0.17481124455188451
1.0,0.945,0.1,0.8,4,False,16.333333333333332,7.38095238095238,0.17482131345242138
1.0,0.945,0.1,0.85,4,False,16.714285714285715,7.761904761904763,0.17476923763475843
1.0,0.945,0.1,0.9,4,False,17.142857142857142,8.19047619047619,0.17507581878583353
1.0,0.945,0.15,0.7,4,False,14.857142857142858,5.904761904761905,0.17443417096158628
1.0,0.945,0.15,0.75,4,False,15.19047619047619,6.238095238095237,0.17459870739825084
1.0,0.945,0.15,0.8,4,False,15.904761904761905,6.9523809523809526,0.17460108069401356
1.0,0.945,0.15,0.85,4,False,16.285714285714285,7.333333333333332,0.1745297359017578
1.0,0.945,0.15,0.9,4,False,16.714285714285715,7.761904761904763,0.1747914849545511
1.0,0.945,0.2,0.7,4,False,14.333333333333334,5.380952380952381,0.1743671420575285
1.0,0.945,0.2,0.75,4,False,14.666666666666666,5.7142857142857135,0.17452138184126706
1.0,0.945,0.2,0.8,4,False,15.380952380952381,6.428571428571429,0.1745076519749612
1.0,0.945,0.2,0.85,4,False,15.761904761904763,6.80952380952381,0.17442280253418255
1.0,0.945,0.2,0.9,4,False,16.19047619047619,7.238095238095237,0.17464815510769224
1.0,0.945,0.25,0.7,4,False,13.80952380952381,4.857142857142858,0.17426613278667755
1.0,0.945,0.25,0.75,4,False,14.142857142857142,5.19047619047619,0.17440304845277324
1.0,0.945,0.25,0.8,4,False,14.857142857142858,5.904761904761905,0.17435082028575413
1.0,0.945,0.25,0.85,4,False,15.238095238095237,6.285714285714285,0.17423273601422087
1.0,0.945,0.25,0.9,4,False,15.666666666666666,6.7142857142857135,0.17440242150446514
1.0,0.945,0.3,0.7,4,False,13.380952380952381,4.428571428571429,0.17422555067833376
1.0,0.945,0.3,0.75,4,False,13.714285714285714,4.761904761904761,0.17433943981750402
1.0,0.945,0.3,0.8,4,False,14.428571428571429,5.476190476190476,0.17425136690046153
1.0,0.945,0.3,0.85,4,False,14.80952380952381,5.857142857142858,0.17413327321467922
1.0,0.945,0.3,0.9,4,False,15.238095238095237,6.285714285714285,0.17429209982223037
1.0,0.95,0.1,0.7,4,False,13.904761904761905,4.9523809523809526,0.17502302994297303
1.0,0.95,0.1,0.75,4,False,14.428571428571429,5.476190476190476,0.17502219759712925
1.0,0.95,0.1,0.8,4,False,14.904761904761905,5.9523809523809526,0.17497641612470924
1.0,0.95,0.1,0.85,4,False,15.285714285714286,6.333333333333334,0.17490812409690237
1.0,0.95,0.1,0.9,4,False,15.714285714285714,6.761904761904761,0.17496379903920625
1.0,0.95,0.15,0.7,4,False,13.619047619047619,4.666666666666666,0.17491751374449485
1.0,0.95,0.15,0.75,4,False,14.142857142857142,5.19047619047619,0.1748878414185522
1.0,0.95,0.15,0.8,4,False,14.619047619047619,5.666666666666666,0.17482214982323166
1.0,0.95,0.15,0.85,4,False,15.0,6.0476190476190474,0.1747608470858095
1.0,0.95,0.15,0.9,4,False,15.428571428571429,6.476190476190476,0.17479919109706568
1.0,0.95,0.2,0.7,4,False,13.0,4.0476190476190474,0.17481499259306912
1.0,0.95,0.2,0.75,4,False,13.523809523809524,4.571428571428571,0.17475451611786832
1.0,0.95,0.2,0.8,4,False,14.0,5.0476190476190474,0.1746740197688535
1.0,0.95,0.2,0.85,4,False,14.380952380952381,5.428571428571429,0.17459797037582064
1.0,0.95,0.2,0.9,4,False,14.80952380952381,5.857142857142858,0.17461191845657606
1.0,0.95,0.25,0.7,4,False,12.761904761904763,3.80952380952381,0.17487101820882064
1.0,0.95,0.25,0.75,4,False,13.285714285714286,4.333333333333334,0.17479696520975133
1.0,0.95,0.25,0.8,4,False,13.761904761904763,4.80952380952381,0.17471065896147378
1.0,0.95,0.25,0.85,4,False,14.142857142857142,5.19047619047619,0.17461147799751447
1.0,0.95,0.25,0.9,4,False,14.571428571428571,5.619047619047619,0.17460434019537696
1.0,0.95,0.3,0.7,4,False,12.238095238095237,3.2857142857142847,0.17470604551964528
1.0,0.95,0.3,0.75,4,False,12.761904761904763,3.80952380952381,0.17463893823739826
1.0,0.95,0.3,0.8,4,False,13.238095238095237,4.285714285714285,0.17451161528588496
1.0,0.95,0.3,0.85,4,False,13.619047619047619,4.666666666666666,0.17439507652051356
1.0,0.95,0.3,0.9,4,False,14.047619047619047,5.095238095238095,0.1743725626971049
1.0,0.955,0.1,0.7,4,False,12.19047619047619,3.2380952380952372,0.1756437371698048
1.0,0.955,0.1,0.75,4,False,12.761904761904763,3.80952380952381,0.17574318393487223
1.0,0.955,0.1,0.8,4,False,13.142857142857142,4.19047619047619,0.17568730791902318
1.0,0.955,0.1,0.85,4,False,13.619047619047619,4.666666666666666,0.17561024735761854
1.0,0.955,0.1,0.9,4,False,13.904761904761905,4.9523809523809526,0.17561391917982505
1.0,0.955,0.15,0.7,4,False,12.095238095238095,3.1428571428571423,0.17559183928860286
1.0,0.955,0.15,0.75,4,False,12.666666666666666,3.7142857142857135,0.17568741644649918
1.0,0.955,0.15,0.8,4,False,13.047619047619047,4.095238095238095,0.17561596997823284
1.0,0.955,0.15,0.85,4,False,13.523809523809524,4.571428571428571,0.17552977951918558
1.0,0.955,0.15,0.9,4,False,13.80952380952381,4.857142857142858,0.17552252181730985
1.0,0.955,0.2,0.7,4,False,11.761904761904763,2.80952380952381,0.17543883867618984
1.0,0.955,0.2,0.75,4,False,12.333333333333334,3.3809523809523814,0.17550787491717013
1.0,0.955,0.2,0.8,4,False,12.714285714285714,3.761904761904761,0.17541636921159526
1.0,0.955,0.2,0.85,4,False,13.19047619047619,4.238095238095237,0.17529452176921012
1.0,0.955,0.2,0.9,4,False,13.476190476190476,4.523809523809524,0.17528065274306576
1.0,0.955,0.25,0.7,4,False,11.19047619047619,2.2380952380952372,0.17538012246342743
1.0,0.955,0.25,0.75,4,False,11.761904761904763,2.80952380952381,0.17544126642453867
1.0,0.955,0.25,0.8,4,False,12.142857142857142,3.19047619047619,0.1753380543412285
1.0,0.955,0.25,0.85,4,False,12.619047619047619,3.666666666666666,0.1752058410431747
1.0,0.955,0.25,0.9,4,False,12.904761904761905,3.9523809523809526,0.17515059342585393
1.0,0.955,0.3,0.7,4,False,10.904761904761905,1.9523809523809526,0.17545938182034815
1.0,0.955,0.3,0.75,4,False,11.476190476190476,2.5238095238095237,0.1754978229365272
1.0,0.955,0.3,0.8,4,False,11.857142857142858,2.904761904761905,0.17537711518686366
1.0,0.955,0.3,0.85,4,False,12.333333333333334,3.3809523809523814,0.1752358103497593
1.0,0.955,0.3,0.9,4,False,12.619047619047619,3.666666666666666,0.17518118283223968
1.0,0.96,0.1,0.7,4,True,11.285714285714286,2.333333333333334,0.17649335770125446
1.0,0.96,0.1,0.75,4,True,11.380952380952381,2.428571428571429,0.1765208061978727
1.0,0.96,0.1,0.8,4,True,11.619047619047619,2.666666666666666,0.17649339096915828
1.0,0.96,0.1,0.85,4,True,11.952380952380953,3.0,0.17637667401936055
1.0,0.96,0.1,0.9,4,True,12.333333333333334,3.3809523809523814,0.17647503039210125
1.0,0.96,0.15,0.7,4,True,11.047619047619047,2.095238095238095,0.17637904400852994
1.0,0.96,0.15,0.75,4,True,11.142857142857142,2.19047619047619,0.1764064629977095
1.0,0.96,0.15,0.8,4,True,11.380952380952381,2.428571428571429,0.17636988148084676
1.0,0.96,0.15,0.85,4,True,11.714285714285714,2.761904761904761,0.17625372329290773
1.0,0.96,0.15,0.9,4,True,12.095238095238095,3.1428571428571423,0.17632326969365575
1.0,0.96,0.2,0.7,4,True,10.80952380952381,1.8571428571428577,0.17632802339357062
1.0,0.96,0.2,0.75,4,True,10.904761904761905,1.9523809523809526,0.1763593445064408
1.0,0.96,0.2,0.8,4,True,11.142857142857142,2.19047619047619,0.17630762116339704
1.0,0.96,0.2,0.85,4,True,11.476190476190476,2.5238095238095237,0.17616786285168484
1.0,0.96,0.2,0.9,4,True,11.857142857142858,2.904761904761905,0.1762085872519309
1.0,0.96,0.25,0.7,4,True,10.571428571428571,1.6190476190476186,0.17622285061635692
1.0,0.96,0.25,0.75,4,True,10.666666666666666,1.7142857142857135,0.17622720681783985
1.0,0.96,0.25,0.8,4,True,10.904761904761905,1.9523809523809526,0.1761519224436798
1.0,0.96,0.25,0.85,4,True,11.238095238095237,2.2857142857142847,0.1760023648435003
1.0,0.96,0.25,0.9,4,True,11.619047619047619,2.666666666666666,0.17602282533987576
1.0,0.96,0.3,0.7,4,True,10.238095238095237,1.2857142857142847,0.17621105591091654
1.0,0.96,0.3,0.75,4,True,10.333333333333334,1.3809523809523814,0.1761990499563307
1.0,0.96,0.3,0.8,4,True,10.571428571428571,1.6190476190476186,0.17610282075189151
1.0,0.96,0.3,0.85,4,True,10.904761904761905,1.9523809523809526,0.17594213283348062
1.0,0.96,0.3,0.9,4,True,11.285714285714286,2.333333333333334,0.17596978468708482
1.0,0.965,0.1,0.7,4,True,10.0,1.0476190476190474,0.17705112779092194
1.0,0.965,0.1,0.75,4,True,10.238095238095237,1.2857142857142847,0.1769687186857426
1.0,0.965,0.1,0.8,4,True,10.428571428571429,1.4761904761904763,0.1768630956442203
1.0,0.965,0.1,0.85,4,True,10.761904761904763,1.8095238095238102,0.176783587709899
1.0,0.965,0.1,0.9,4,True,11.047619047619047,2.095238095238095,0.17684933274031378
1.0,0.965,0.15,0.7,4,True,9.714285714285714,0.761904761904761,0.1768463675177205
1.0,0.965,0.15,0.75,4,True,9.952380952380953,1.0,0.17675142959112525
1.0,0.965,0.15,0.8,4,True,10.142857142857142,1.1904761904761898,0.17663256961258259
1.0,0.965,0.15,0.85,4,True,10.476190476190476,1.5238095238095237,0.17654707271985987
1.0,0.965,0.15,0.9,4,True,10.761904761904763,1.8095238095238102,0.17659826716887006
1.0,0.965,0.2,0.7,4,True,9.523809523809524,0.5714285714285712,0.17673254038448905
1.0,0.965,0.2,0.75,4,True,9.761904761904763,0.8095238095238102,0.17663090329027836
1.0,0.965,0.2,0.8,4,True,9.952380952380953,1.0,0.17651140847243868
1.0,0.965,0.2,0.85,4,True,10.285714285714286,1.333333333333334,0.17642590758282528
1.0,0.965,0.2,0.9,4,True,10.571428571428571,1.6190476190476186,0.1764671612915946
1.0,0.965,0.25,0.7,4,True,9.285714285714286,0.3333333333333339,0.1765997633315481
1.0,0.965,0.25,0.75,4,True,9.523809523809524,0.5714285714285712,0.1764876785582677
1.0,0.965,0.25,0.8,4,True,9.714285714285714,0.761904761904761,0.1763463433082302
1.0,0.965,0.25,0.85,4,True,10.047619047619047,1.095238095238095,0.17624893492320481
1.0,0.965,0.25,0.9,4,True,10.333333333333334,1.3809523809523814,0.1762691773640351
1.0,0.965,0.3,0.7,4,True,8.80952380952381,-0.14285714285714235,0.17655290322697367
1.0,0.965,0.3,0.75,4,True,9.047619047619047,0.0952380952380949,0.1764223061933937
1.0,0.965,0.3,0.8,4,True,9.238095238095237,0.2857142857142847,0.17627896479027252
1.0,0.965,0.3,0.85,4,True,9.571428571428571,0.6190476190476186,0.1761617107064477
1.0,0.965,0.3,0.9,4,True,9.857142857142858,0.9047619047619051,0.17618457891341113
1.0,0.97,0.1,0.7,4,True,8.857142857142858,-0.0952380952380949,0.17896089696018613
1.0,0.97,0.1,0.75,4,True,8.904761904761905,-0.04761904761904745,0.17888864062748824
1.0,0.97,0.1,0.8,4,True,9.19047619047619,0.23809523809523725,0.17869565826720565
1.0,0.97,0.1,0.85,4,True,9.428571428571429,0.4761904761904763,0.17865611903046516
1.0,0.97,0.1,0.9,4,True,9.761904761904763,0.8095238095238102,0.1786853092852119
1.0,0.97,0.15,0.7,4,True,8.619047619047619,-0.3333333333333339,0.1789050948609445
1.0,0.97,0.15,0.75,4,True,8.666666666666666,-0.2857142857142865,0.1788225114329202
1.0,0.97,0.15,0.8,4,True,8.952380952380953,0.0,0.17862072331968365
1.0,0.97,0.15,0.85,4,True,9.19047619047619,0.23809523809523725,0.17857637325939185
1.0,0.97,0.15,0.9,4,True,9.523809523809524,0.5714285714285712,0.17858640335559364
1.0,0.97,0.2,0.7,4,True,8.476190476190476,-0.4761904761904763,0.1787778533272061
1.0,0.97,0.2,0.75,4,True,8.523809523809524,-0.4285714285714288,0.1786755502818396
1.0,0.97,0.2,0.8,4,True,8.80952380952381,-0.14285714285714235,0.1784600724969793
1.0,0.97,0.2,0.85,4,True,9.047619047619047,0.0952380952380949,0.17840811733130923
1.0,0.97,0.2,0.9,4,True,9.380952380952381,0.4285714285714288,0.1783998676233697
1.0,0.97,0.25,0.7,4,True,8.095238095238095,-0.8571428571428577,0.1787293386507074
1.0,0.97,0.25,0.75,4,True,8.142857142857142,-0.8095238095238102,0.17862093276531385
1.0,0.97,0.25,0.8,4,True,8.428571428571429,-0.5238095238095237,0.17839241854625562
1.0,0.97,0.25,0.85,4,True,8.666666666666666,-0.2857142857142865,0.17832957240862396
1.0,0.97,0.25,0.9,4,True,9.0,0.04761904761904745,0.17832397561173036
1.0,0.97,0.3,0.7,4,True,7.9523809523809526,-1.0,0.17872375008705532
1.0,0.97,0.3,0.75,4,True,8.0,-0.9523809523809526,0.17859892832306207
1.0,0.97,0.3,0.8,4,True,8.285714285714286,-0.6666666666666661,0.17836030569160286
1.0,0.97,0.3,0.85,4,True,8.523809523809524,-0.4285714285714288,0.1783028613636095
1.0,0.97,0.3,0.9,4,True,8.857142857142858,-0.0952380952380949,0.1782904269600916
1.25,0.94,0.1,0.7,4,False,16.761904761904763,7.80952380952381,0.17399708057312716
1.25,0.94,0.1,0.75,4,False,17.285714285714285,8.333333333333332,0.17432125637590687
1.25,0.94,0.1,0.8,4,False,17.952380952380953,9.0,0.17443999273876182
1.25,0.94,0.1,0.85,4,False,18.285714285714285,9.333333333333332,0.17453422102310437
1.25,0.94,0.1,0.9,4,False,19.0,10.047619047619047,0.1747046333877585
1.25,0.94,0.15,0.7,4,False,16.238095238095237,7.285714285714285,0.17379916368017548
1.25,0.94,0.15,0.75,4,False,16.761904761904763,7.80952380952381,0.17410999774598765
1.25,0.94,0.15,0.8,4,False,17.428571428571427,8.476190476190474,0.1742096530364327
1.25,0.94,0.15,0.85,4,False,17.761904761904763,8.80952380952381,0.1742666090977715
1.25,0.94,0.15,0.9,4,False,18.476190476190474,9.523809523809522,0.17438952041192388
1.25,0.94,0.2,0.7,4,False,15.761904761904763,6.80952380952381,0.1736496378481669
1.25,0.94,0.2,0.75,4,False,16.285714285714285,7.333333333333332,0.17395151136466563
1.25,0.94,0.2,0.8,4,False,16.952380952380953,8.0,0.17403542325482005
1.25,0.94,0.2,0.85,4,False,17.285714285714285,8.333333333333332,0.17404738699257888
1.25,0.94,0.2,0.9,4,False,18.0,9.047619047619047,0.17412230740483214
1.25,0.94,0.25,0.7,4,False,15.238095238095237,6.285714285714285,0.17354417462358543
1.25,0.94,0.25,0.75,4,False,15.761904761904763,6.80952380952381,0.17383845708304582
1.25,0.94,0.25,0.8,4,False,16.428571428571427,7.4761904761904745,0.17388432895887204
1.25,0.94,0.25,0.85,4,False,16.761904761904763,7.80952380952381,0.17386852192453034
1.25,0.94,0.25,0.9,4,False,17.476190476190474,8.523809523809522,0.17392443323095896
1.25,0.94,0.3,0.7,4,False,14.761904761904763,5.80952380952381,0.17353543289878842
1.25,0.94,0.3,0.75,4,False,15.285714285714286,6.333333333333334,0.17380377379602963
1.25,0.94,0.3,0.8,4,False,15.952380952380953,7.0,0.1738267773134056
1.25,0.94,0.3,0.85,4,False,16.285714285714285,7.333333333333332,0.1738021549037304
1.25,0.94,0.3,0.9,4,False,17.0,8.047619047619047,0.173840317937698
1.25,0.945,0.1,0.7,4,False,15.380952380952381,6.428571428571429,0.17434356116255706
1.25,0.945,0.1,0.75,4,False,15.761904761904763,6.80952380952381,0.17454588866990964
1.25,0.945,0.1,0.8,4,False,16.38095238095238,7.428571428571427,0.17453045045890375
1.25,0.945,0.1,0.85,4,False,16.761904761904763,7.80952380952381,0.17450095729819112
1.25,0.945,0.1,0.9,4,False,17.238095238095237,8.285714285714285,0.17474900043616134
1.25,0.945,0.15,0.7,4,False,15.0,6.0476190476190474,0.17419709625072996
1.25,0.945,0.15,0.75,4,False,15.380952380952381,6.428571428571429,0.1743543819667286
1.25,0.945,0.15,0.8,4,False,16.0,7.0476190476190474,0.17434269083889684
1.25,0.945,0.15,0.85,4,False,16.38095238095238,7.428571428571427,0.1742909623267972
1.25,0.945,0.15,0.9,4,False,16.857142857142858,7.904761904761905,0.17448568614441354
1.25,0.945,0.2,0.7,4,False,14.619047619047619,5.666666666666666,0.17415547046636382
1.25,0.945,0.2,0.75,4,False,15.0,6.0476190476190474,0.17430887156700095
1.25,0.945,0.2,0.8,4,False,15.619047619047619,6.666666666666666,0.17426476271123686
1.25,0.945,0.2,0.85,4,False,16.0,7.0476190476190474,0.17419521530775148
1.25,0.945,0.2,0.9,4,False,16.476190476190474,7.523809523809522,0.17436080763183173
1.25,0.945,0.25,0.7,4,False,13.952380952380953,5.0,0.1740743648278697
1.25,0.945,0.25,0.75,4,False,14.333333333333334,5.380952380952381,0.17420365926530404
1.25,0.945,0.25,0.8,4,False,14.952380952380953,6.0,0.17413978903209273
1.25,0.945,0.25,0.85,4,False,15.333333333333334,6.380952380952381,0.1740379286106529
1.25,0.945,0.25,0.9,4,False,15.80952380952381,6.857142857142858,0.1741655081797908
1.25,0.945,0.3,0.7,4,False,13.571428571428571,4.619047619047619,0.17400752150909884
1.25,0.945,0.3,0.75,4,False,13.952380952380953,5.0,0.17409801982894757
1.25,0.945,0.3,0.8,4,False,14.571428571428571,5.619047619047619,0.17401766642551703
1.25,0.945,0.3,0.85,4,False,14.952380952380953,6.0,0.17390184639787026
1.25,0.945,0.3,0.9,4,False,15.428571428571429,6.476190476190476,0.17402624051819204
1.25,0.95,0.1,0.7,4,False,13.952380952380953,5.0,0.17478005362170027
1.25,0.95,0.1,0.75,4,False,14.476190476190476,5.523809523809524,0.17477515665890725
1.25,0.95,0.1,0.8,4,False,15.047619047619047,6.095238095238095,0.17473811223214056
1.25,0.95,0.1,0.85,4,False,15.380952380952381,6.428571428571429,0.174670990532913
1.25,0.95,0.1,0.9,4,False,15.761904761904763,6.80952380952381,0.1747319454637327
1.25,0.95,0.15,0.7,4,False,13.714285714285714,4.761904761904761,0.17466517209091165
1.25,0.95,0.15,0.75,4,False,14.238095238095237,5.285714285714285,0.17465270804739122
1.25,0.95,0.15,0.8,4,False,14.80952380952381,5.857142857142858,0.17459974976789408
1.25,0.95,0.15,0.85,4,False,15.142857142857142,6.19047619047619,0.17453321142642278
1.25,0.95,0.15,0.9,4,False,15.523809523809524,6.571428571428571,0.17457377328785306
1.25,0.95,0.2,0.7,4,False,13.19047619047619,4.238095238095237,0.1745961111488956
1.25,0.95,0.2,0.75,4,False,13.714285714285714,4.761904761904761,0.17454669556084318
1.25,0.95,0.2,0.8,4,False,14.285714285714286,5.333333333333334,0.1744784069655095
1.25,0.95,0.2,0.85,4,False,14.619047619047619,5.666666666666666,0.17439468935162344
1.25,0.95,0.2,0.9,4,False,15.0,6.0476190476190474,0.17440601113320334
1.25,0.95,0.25,0.7,4,False,12.80952380952381,3.8571428571428577,0.17462489407114157
1.25,0.95,0.25,0.75,4,False,13.333333333333334,4.380952380952381,0.17457541345656846
1.25,0.95,0.25,0.8,4,False,13.904761904761905,4.9523809523809526,0.174494382171011
1.25,0.95,0.25,0.85,4,False,14.238095238095237,5.285714285714285,0.17439027883233107
1.25,0.95,0.25,0.9,4,False,14.619047619047619,5.666666666666666,0.1743819395855102
1.25,0.95,0.3,0.7,4,False,12.333333333333334,3.3809523809523814,0.17448031834967628
1.25,0.95,0.3,0.75,4,False,12.857142857142858,3.904761904761905,0.17441873053133494
1.25,0.95,0.3,0.8,4,False,13.428571428571429,4.476190476190476,0.17431920278325494
1.25,0.95,0.3,0.85,4,False,13.761904761904763,4.80952380952381,0.17419341498072127
1.25,0.95,0.3,0.9,4,False,14.142857142857142,5.19047619047619,0.17417432638420718
1.25,0.955,0.1,0.7,4,False,12.428571428571429,3.4761904761904763,0.17532469493273142
1.25,0.955,0.1,0.75,4,False,12.904761904761905,3.9523809523809526,0.17540194383942878
1.25,0.955,0.1,0.8,4,False,13.333333333333334,4.380952380952381,0.17533495051643308
1.25,0.955,0.1,0.85,4,False,13.761904761904763,4.80952380952381,0.17526311407291142
1.25,0.955,0.1,0.9,4,False,14.0,5.0476190476190474,0.1752813881654347
1.25,0.955,0.15,0.7,4,False,12.285714285714286,3.333333333333334,0.17528166856650246
1.25,0.955,0.15,0.75,4,False,12.761904761904763,3.80952380952381,0.175356418143511
1.25,0.955,0.15,0.8,4,False,13.19047619047619,4.238095238095237,0.1752848651908748
1.25,0.955,0.15,0.85,4,False,13.619047619047619,4.666666666666666,0.17520021394300486
1.25,0.955,0.15,0.9,4,False,13.857142857142858,4.904761904761905,0.1752044075042716
1.25,0.955,0.2,0.7,4,False,12.047619047619047,3.095238095238095,0.17513277995239343
1.25,0.955,0.2,0.75,4,False,12.523809523809524,3.571428571428571,0.17519596865496648
1.25,0.955,0.2,0.8,4,False,12.952380952380953,4.0,0.17510778901638543
1.25,0.955,0.2,0.85,4,False,13.380952380952381,4.428571428571429,0.17498005967699481
1.25,0.955,0.2,0.9,4,False,13.619047619047619,4.666666666666666,0.17496369906016077
1.25,0.955,0.25,0.7,4,False,11.333333333333334,2.3809523809523814,0.1750828664999904
1.25,0.955,0.25,0.75,4,False,11.80952380952381,2.8571428571428577,0.17511523509718882
1.25,0.955,0.25,0.8,4,False,12.238095238095237,3.2857142857142847,0.17500905723577745
1.25,0.955,0.25,0.85,4,False,12.666666666666666,3.7142857142857135,0.17486780490930298
1.25,0.955,0.25,0.9,4,False,12.904761904761905,3.9523809523809526,0.17483548967230284
1.25,0.955,0.3,0.7,4,False,11.142857142857142,2.19047619047619,0.17516075316895047
1.25,0.955,0.3,0.75,4,False,11.619047619047619,2.666666666666666,0.1751680778329242
1.25,0.955,0.3,0.8,4,False,12.047619047619047,3.095238095238095,0.17505290793829692
1.25,0.955,0.3,0.85,4,False,12.476190476190476,3.5238095238095237,0.17491225090638354
1.25,0.955,0.3,0.9,4,False,12.714285714285714,3.761904761904761,0.17487992477984945
1.25,0.96,0.1,0.7,4,True,11.428571428571429,2.4761904761904763,0.1760950188601527
1.25,0.96,0.1,0.75,4,True,11.571428571428571,2.6190476190476186,0.17609927401992828
1.25,0.96,0.1,0.8,4,True,11.80952380952381,2.8571428571428577,0.17607009566002693
1.25,0.96,0.1,0.85,4,True,12.142857142857142,3.19047619047619,0.17597913323085074
1.25,0.96,0.1,0.9,4,True,12.476190476190476,3.5238095238095237,0.17604210510689747
1.25,0.96,0.15,0.7,4,True,11.238095238095237,2.2857142857142847,0.17598448351378448
1.25,0.96,0.15,0.75,4,True,11.380952380952381,2.428571428571429,0.17599335881284892
1.25,0.96,0.15,0.8,4,True,11.619047619047619,2.666666666666666,0.17595640028312057
1.25,0.96,0.15,0.85,4,True,11.952380952380953,3.0,0.17585501383313057
1.25,0.96,0.15,0.9,4,True,12.285714285714286,3.333333333333334,0.17589204657903465
1.25,0.96,0.2,0.7,4,True,10.952380952380953,2.0,0.17595211964667307
1.25,0.96,0.2,0.75,4,True,11.095238095238095,2.1428571428571423,0.17594535725299598
1.25,0.96,0.2,0.8,4,True,11.333333333333334,2.3809523809523814,0.17590648298821565
1.25,0.96,0.2,0.85,4,True,11.666666666666666,2.7142857142857135,0.17577722191937956
1.25,0.96,0.2,0.9,4,True,12.0,3.0476190476190474,0.17579935542683528
1.25,0.96,0.25,0.7,4,True,10.619047619047619,1.666666666666666,0.1758429384408663
1.25,0.96,0.25,0.75,4,True,10.761904761904763,1.8095238095238102,0.1758069653799115
1.25,0.96,0.25,0.8,4,True,11.0,2.0476190476190474,0.17573885755577132
1.25,0.96,0.25,0.85,4,True,11.333333333333334,2.3809523809523814,0.1756044381990772
1.25,0.96,0.25,0.9,4,True,11.666666666666666,2.7142857142857135,0.175618113451049
1.25,0.96,0.3,0.7,4,True,10.333333333333334,1.3809523809523814,0.17582549116587795
1.25,0.96,0.3,0.75,4,True,10.476190476190476,1.5238095238095237,0.17577460575891196
1.25,0.96,0.3,0.8,4,True,10.714285714285714,1.761904761904761,0.1757000995975423
1.25,0.96,0.3,0.85,4,True,11.047619047619047,2.095238095238095,0.17555983814431517
1.25,0.96,0.3,0.9,4,True,11.380952380952381,2.428571428571429,0.17556961454222828
1.25,0.965,0.1,0.7,4,True,10.238095238095237,1.2857142857142847,0.17651161173616617
1.25,0.965,0.1,0.75,4,True,10.428571428571429,1.4761904761904763,0.1764060520680431
1.25,0.965,0.1,0.8,4,True,10.619047619047619,1.666666666666666,0.17631416710775102
1.25,0.965,0.1,0.85,4,True,10.857142857142858,1.904761904761905,0.17623494503414733
1.25,0.965,0.1,0.9,4,True,11.142857142857142,2.19047619047619,0.17628483724415575
1.25,0.965,0.15,0.7,4,True,10.0,1.0476190476190474,0.17632402838900535
1.25,0.965,0.15,0.75,4,True,10.19047619047619,1.2380952380952372,0.17620735578508714
1.25,0.965,0.15,0.8,4,True,10.380952380952381,1.4285714285714288,0.17610502784548737
1.25,0.965,0.15,0.85,4,True,10.619047619047619,1.666666666666666,0.1760166768234023
1.25,0.965,0.15,0.9,4,True,10.904761904761905,1.9523809523809526,0.17605213722479407
1.25,0.965,0.2,0.7,4,True,9.714285714285714,0.761904761904761,0.17621500144315605
1.25,0.965,0.2,0.75,4,True,9.904761904761905,0.9523809523809526,0.17609567172999496
1.25,0.965,0.2,0.8,4,True,10.095238095238095,1.1428571428571423,0.17598940374613747
1.25,0.965,0.2,0.85,4,True,10.333333333333334,1.3809523809523814,0.1758938647501156
1.25,0.965,0.2,0.9,4,True,10.619047619047619,1.666666666666666,0.17591823549102004
1.25,0.965,0.25,0.7,4,True,9.523809523809524,0.5714285714285712,0.1761068112912053
1.25,0.965,0.25,0.75,4,True,9.714285714285714,0.761904761904761,0.17596990089946662
1.25,0.965,0.25,0.8,4,True,9.904761904761905,0.9523809523809526,0.17585577703341468
1.25,0.965,0.25,0.85,4,True,10.142857142857142,1.1904761904761898,0.17575044881495472
1.25,0.965,0.25,0.9,4,True,10.428571428571429,1.4761904761904763,0.1757592418572456
1.25,0.965,0.3,0.7,4,True,9.095238095238095,0.14285714285714235,0.17606621151852125
1.25,0.965,0.3,0.75,4,True,9.285714285714286,0.3333333333333339,0.1759149869981305
1.25,0.965,0.3,0.8,4,True,9.476190476190476,0.5238095238095237,0.17579173995587571
1.25,0.965,0.3,0.85,4,True,9.714285714285714,0.761904761904761,0.17568765631472236
1.25,0.965,0.3,0.9,4,True,10.0,1.0476190476190474,0.1756893019752145
1.25,0.97,0.1,0.7,4,True,8.904761904761905,-0.04761904761904745,0.17829765635961362
1.25,0.97,0.1,0.75,4,True,9.095238095238095,0.14285714285714235,0.17822184015543938
1.25,0.97,0.1,0.8,4,True,9.333333333333334,0.3809523809523814,0.17804036767583128
1.25,0.97,0.1,0.85,4,True,9.476190476190476,0.5238095238095237,0.1780081233871343
1.25,0.97,0.1,0.9,4,True,9.80952380952381,0.8571428571428577,0.17801270739755568
1.25,0.97,0.15,0.7,4,True,8.666666666666666,-0.2857142857142865,0.17826221833489125
1.25,0.97,0.15,0.75,4,True,8.857142857142858,-0.0952380952380949,0.17816616188322307
1.25,0.97,0.15,0.8,4,True,9.095238095238095,0.14285714285714235,0.17797128528437456
1.25,0.97,0.15,0.85,4,True,9.238095238095237,0.2857142857142847,0.17793559480457807
1.25,0.97,0.15,0.9,4,True,9.571428571428571,0.6190476190476186,0.1779334520585257
1.25,0.97,0.2,0.7,4,True,8.523809523809524,-0.4285714285714288,0.1781307893247632
1.25,0.97,0.2,0.75,4,True,8.714285714285714,-0.23809523809523903,0.17802866901153067
1.25,0.97,0.2,0.8,4,True,8.952380952380953,0.0,0.1778263608158495
1.25,0.97,0.2,0.85,4,True,9.095238095238095,0.14285714285714235,0.17777322436112636
1.25,0.97,0.2,0.9,4,True,9.428571428571429,0.4761904761904763,0.1777556819508683
1.25,0.97,0.25,0.7,4,True,8.142857142857142,-0.8095238095238102,0.17808700572362143
1.25,0.97,0.25,0.75,4,True,8.333333333333334,-0.6190476190476186,0.17797208499201211
1.25,0.97,0.25,0.8,4,True,8.571428571428571,-0.3809523809523814,0.17775498024496872
1.25,0.97,0.25,0.85,4,True,8.714285714285714,-0.23809523809523903,0.17769577600854508
1.25,0.97,0.25,0.9,4,True,9.047619047619047,0.0952380952380949,0.17768158668616826
1.25,0.97,0.3,0.7,4,True,8.0,-0.9523809523809526,0.17807938772434678
1.25,0.97,0.3,0.75,4,True,8.19047619047619,-0.7619047619047628,0.17795711634670242
1.25,0.97,0.3,0.8,4,True,8.428571428571429,-0.5238095238095237,0.1777286194899528
1.25,0.97,0.3,0.85,4,True,8.571428571428571,-0.3809523809523814,0.17767604400661566
1.25,0.97,0.3,0.9,4,True,8.904761904761905,-0.04761904761904745,0.17765847297936863
1.5,0.94,0.1,0.7,4,False,16.80952380952381,7.857142857142858,0.17389113806068512
1.5,0.94,0.1,0.75,4,False,17.38095238095238,8.428571428571427,0.17422544656937927
1.5,0.94,0.1,0.8,4,False,18.095238095238095,9.142857142857142,0.17431329929802117
1.5,0.94,0.1,0.85,4,False,18.285714285714285,9.333333333333332,0.17440580240246048
1.5,0.94,0.1,0.9,4,False,19.0,10.047619047619047,0.17454012082257037
1.5,0.94,0.15,0.7,4,False,16.38095238095238,7.428571428571427,0.17369305292389306
1.5,0.94,0.15,0.75,4,False,16.952380952380953,8.0,0.1740121826134318
1.5,0.94,0.15,0.8,4,False,17.666666666666668,8.714285714285715,0.1740861637568398
1.5,0.94,0.15,0.85,4,False,17.857142857142858,8.904761904761905,0.17413527827861291
1.5,0.94,0.15,0.9,4,False,18.571428571428573,9.61904761904762,0.17423110026806424
1.5,0.94,0.2,0.7,4,False,15.80952380952381,6.857142857142858,0.17359455565150786
1.5,0.94,0.2,0.75,4,False,16.38095238095238,7.428571428571427,0.17389917121263676
1.5,0.94,0.2,0.8,4,False,17.095238095238095,8.142857142857142,0.17395491866638524
1.5,0.94,0.2,0.85,4,False,17.285714285714285,8.333333333333332,0.17395685332830418
1.5,0.94,0.2,0.9,4,False,18.0,9.047619047619047,0.17401180276928863
1.5,0.94,0.25,0.7,4,False,15.285714285714286,6.333333333333334,0.17349779432671025
1.5,0.94,0.25,0.75,4,False,15.857142857142858,6.904761904761905,0.17378608027394343
1.5,0.94,0.25,0.8,4,False,16.571428571428573,7.61904761904762,0.17381029433468154
1.5,0.94,0.25,0.85,4,False,16.761904761904763,7.80952380952381,0.1737995902927322
1.5,0.94,0.25,0.9,4,False,17.476190476190474,8.523809523809522,0.17383754384710318
1.5,0.94,0.3,0.7,4,False,14.904761904761905,5.9523809523809526,0.1734708839751642
1.5,0.94,0.3,0.75,4,False,15.476190476190476,6.523809523809524,0.17373586654862266
1.5,0.94,0.3,0.8,4,False,16.19047619047619,7.238095238095237,0.1737309908315147
1.5,0.94,0.3,0.85,4,False,16.38095238095238,7.428571428571427,0.17371349688966722
1.5,0.94,0.3,0.9,4,False,17.095238095238095,8.142857142857142,0.1737300098390506
1.5,0.945,0.1,0.7,4,False,15.428571428571429,6.476190476190476,0.17416536200335617
1.5,0.945,0.1,0.75,4,False,15.857142857142858,6.904761904761905,0.1743440990736283
1.5,0.945,0.1,0.8,4,False,16.523809523809526,7.571428571428573,0.17433746165456973
1.5,0.945,0.1,0.85,4,False,16.857142857142858,7.904761904761905,0.17431069988443734
1.5,0.945,0.1,0.9,4,False,17.38095238095238,8.428571428571427,0.1745181049402604
1.5,0.945,0.15,0.7,4,False,15.0,6.0476190476190474,0.17402995643126637
1.5,0.945,0.15,0.75,4,False,15.428571428571429,6.476190476190476,0.17418345451088402
1.5,0.945,0.15,0.8,4,False,16.095238095238095,7.142857142857142,0.17417361042932678
1.5,0.945,0.15,0.85,4,False,16.428571428571427,7.4761904761904745,0.17412162254953556
1.5,0.945,0.15,0.9,4,False,16.952380952380953,8.0,0.17428863526841365
1.5,0.945,0.2,0.7,4,False,14.619047619047619,5.666666666666666,0.17401577833527598
1.5,0.945,0.2,0.75,4,False,15.047619047619047,6.095238095238095,0.1741541502422178
1.5,0.945,0.2,0.8,4,False,15.714285714285714,6.761904761904761,0.1741202790424565
1.5,0.945,0.2,0.85,4,False,16.047619047619047,7.095238095238095,0.17403108237300816
1.5,0.945,0.2,0.9,4,False,16.571428571428573,7.61904761904762,0.17417481807120297
1.5,0.945,0.25,0.7,4,False,14.047619047619047,5.095238095238095,0.17392396505744914
1.5,0.945,0.25,0.75,4,False,14.476190476190476,5.523809523809524,0.17405096304384932
1.5,0.945,0.25,0.8,4,False,15.142857142857142,6.19047619047619,0.1739772417441943
1.5,0.945,0.25,0.85,4,False,15.476190476190476,6.523809523809524,0.173866702673974
1.5,0.945,0.25,0.9,4,False,16.0,7.0476190476190474,0.17399350762471547
1.5,0.945,0.3,0.7,4,False,13.714285714285714,4.761904761904761,0.17387194682648685
1.5,0.945,0.3,0.75,4,False,14.142857142857142,5.19047619047619,0.17394785048468386
1.5,0.945,0.3,0.8,4,False,14.80952380952381,5.857142857142858,0.17386150721937338
1.5,0.945,0.3,0.85,4,False,15.142857142857142,6.19047619047619,0.17374467163538973
1.5,0.945,0.3,0.9,4,False,15.666666666666666,6.7142857142857135,0.1738632181023934
1.5,0.95,0.1,0.7,4,False,14.142857142857142,5.19047619047619,0.1745789638802593
1.5,0.95,0.1,0.75,4,False,14.523809523809524,5.571428571428571,0.17454871692423576
1.5,0.95,0.1,0.8,4,False,15.142857142857142,6.19047619047619,0.17452769254696576
1.5,0.95,0.1,0.85,4,False,15.380952380952381,6.428571428571429,0.1744529222671786
1.5,0.95,0.1,0.9,4,False,15.857142857142858,6.904761904761905,0.17451276721454476
1.5,0.95,0.15,0.7,4,False,13.952380952380953,5.0,0.17446804716032738
1.5,0.95,0.15,0.75,4,False,14.333333333333334,5.380952380952381,0.1744353624644662
1.5,0.95,0.15,0.8,4,False,14.952380952380953,6.0,0.1744079716676335
1.5,0.95,0.15,0.85,4,False,15.19047619047619,6.238095238095237,0.1743337901497368
1.5,0.95,0.15,0.9,4,False,15.666666666666666,6.7142857142857135,0.1743614079533388
1.5,0.95,0.2,0.7,4,False,13.476190476190476,4.523809523809524,0.17440655527474028
1.5,0.95,0.2,0.75,4,False,13.857142857142858,4.904761904761905,0.17433588773427966
1.5,0.95,0.2,0.8,4,False,14.476190476190476,5.523809523809524,0.17428195431188043
1.5,0.95,0.2,0.85,4,False,14.714285714285714,5.761904761904761,0.17419191234544681
1.5,0.95,0.2,0.9,4,False,15.19047619047619,6.238095238095237,0.17418987443391246
1.5,0.95,0.25,0.7,4,False,13.095238095238095,4.142857142857142,0.17443904218058726
1.5,0.95,0.25,0.75,4,False,13.476190476190476,4.523809523809524,0.1743726907517376
1.5,0.95,0.25,0.8,4,False,14.095238095238095,5.142857142857142,0.17430038193790257
1.5,0.95,0.25,0.85,4,False,14.333333333333334,5.380952380952381,0.174190794670314
1.5,0.95,0.25,0.9,4,False,14.80952380952381,5.857142857142858,0.17418056367224774
1.5,0.95,0.3,0.7,4,False,12.619047619047619,3.666666666666666,0.1742884460964534
1.5,0.95,0.3,0.75,4,False,13.0,4.0476190476190474,0.17421132625687658
1.5,0.95,0.3,0.8,4,False,13.619047619047619,4.666666666666666,0.1741275480072531
1.5,0.95,0.3,0.85,4,False,13.857142857142858,4.904761904761905,0.17400281194046324
1.5,0.95,0.3,0.9,4,False,14.333333333333334,5.380952380952381,0.17397369965841028
1.5,0.955,0.1,0.7,4,False,12.666666666666666,3.7142857142857135,0.1750530879772583
1.5,0.955,0.1,0.75,4,False,13.142857142857142,4.19047619047619,0.1751099398764488
1.5,0.955,0.1,0.8,4,False,13.619047619047619,4.666666666666666,0.17504457971522921
1.5,0.955,0.1,0.85,4,False,14.0,5.0476190476190474,0.17497388639402858
1.5,0.955,0.1,0.9,4,False,14.19047619047619,5.238095238095237,0.17500919570687162
1.5,0.955,0.15,0.7,4,False,12.380952380952381,3.428571428571429,0.17501749661557747
1.5,0.955,0.15,0.75,4,False,12.857142857142858,3.904761904761905,0.17508325320715634
1.5,0.955,0.15,0.8,4,False,13.333333333333334,4.380952380952381,0.17501088370645837
1.5,0.955,0.15,0.85,4,False,13.714285714285714,4.761904761904761,0.17492877420023614
1.5,0.955,0.15,0.9,4,False,13.904761904761905,4.9523809523809526,0.17494560371024326
1.5,0.955,0.2,0.7,4,False,12.19047619047619,3.2380952380952372,0.17487794405851667
1.5,0.955,0.2,0.75,4,False,12.666666666666666,3.7142857142857135,0.17494063822339767
1.5,0.955,0.2,0.8,4,False,13.142857142857142,4.19047619047619,0.1748402978243983
1.5,0.955,0.2,0.85,4,False,13.523809523809524,4.571428571428571,0.1747255929235787
1.5,0.955,0.2,0.9,4,False,13.714285714285714,4.761904761904761,0.17470800620682914
1.5,0.955,0.25,0.7,4,False,11.571428571428571,2.6190476190476186,0.17483736123958046
1.5,0.955,0.25,0.75,4,False,12.047619047619047,3.095238095238095,0.1748694354367568
1.5,0.955,0.25,0.8,4,False,12.523809523809524,3.571428571428571,0.17475500542077754
1.5,0.955,0.25,0.85,4,False,12.904761904761905,3.9523809523809526,0.1746294805905157
1.5,0.955,0.25,0.9,4,False,13.095238095238095,4.142857142857142,0.17460495314353655
1.5,0.955,0.3,0.7,4,False,11.333333333333334,2.3809523809523814,0.17490760976504585
1.5,0.955,0.3,0.75,4,False,11.80952380952381,2.8571428571428577,0.17490402560351972
1.5,0.955,0.3,0.8,4,False,12.285714285714286,3.333333333333334,0.17478450470957224
1.5,0.955,0.3,0.85,4,False,12.666666666666666,3.7142857142857135,0.1746443554505452
1.5,0.955,0.3,0.9,4,False,12.857142857142858,3.904761904761905,0.17462493715345098
1.5,0.96,0.1,0.7,4,True,11.523809523809524,2.571428571428571,0.1757066248046165
1.5,0.96,0.1,0.75,4,True,11.666666666666666,2.7142857142857135,0.1757082985756169
1.5,0.96,0.1,0.8,4,True,11.952380952380953,3.0,0.1756779186331569
1.5,0.96,0.1,0.85,4,True,12.238095238095237,3.2857142857142847,0.1755776316269163
1.5,0.96,0.1,0.9,4,True,12.523809523809524,3.571428571428571,0.1756302728506348
1.5,0.96,0.15,0.7,4,True,11.333333333333334,2.3809523809523814,0.17560307722343488
1.5,0.96,0.15,0.75,4,True,11.476190476190476,2.5238095238095237,0.1756028480098208
1.5,0.96,0.15,0.8,4,True,11.761904761904763,2.80952380952381,0.17555777805738446
1.5,0.96,0.15,0.85,4,True,12.047619047619047,3.095238095238095,0.17544587361285063
1.5,0.96,0.15,0.9,4,True,12.333333333333334,3.3809523809523814,0.17548120623697322
1.5,0.96,0.2,0.7,4,True,11.047619047619047,2.095238095238095,0.17558200187082051
1.5,0.96,0.2,0.75,4,True,11.19047619047619,2.2380952380952372,0.1755676139723715
1.5,0.96,0.2,0.8,4,True,11.476190476190476,2.5238095238095237,0.17552954620083358
1.5,0.96,0.2,0.85,4,True,11.761904761904763,2.80952380952381,0.17539708338586174
1.5,0.96,0.2,0.9,4,True,12.047619047619047,3.095238095238095,0.17541382435049646
1.5,0.96,0.25,0.7,4,True,10.761904761904763,1.8095238095238102,0.17545142533577945
1.5,0.96,0.25,0.75,4,True,10.904761904761905,1.9523809523809526,0.1754067869446647
1.5,0.96,0.25,0.8,4,True,11.19047619047619,2.2380952380952372,0.17534369442163797
1.5,0.96,0.25,0.85,4,True,11.476190476190476,2.5238095238095237,0.17520162009553014
1.5,0.96,0.25,0.9,4,True,11.761904761904763,2.80952380952381,0.17521380408241086
1.5,0.96,0.3,0.7,4,True,10.476190476190476,1.5238095238095237,0.1754424951154684
1.5,0.96,0.3,0.75,4,True,10.619047619047619,1.666666666666666,0.17539532110606276
1.5,0.96,0.3,0.8,4,True,10.904761904761905,1.9523809523809526,0.17531748374299214
1.5,0.96,0.3,0.85,4,True,11.19047619047619,2.2380952380952372,0.1751779506634268
1.5,0.96,0.3,0.9,4,True,11.476190476190476,2.5238095238095237,0.1751818608475766
1.5,0.965,0.1,0.7,4,True,10.285714285714286,1.333333333333334,0.17601973927829245
1.5,0.965,0.1,0.75,4,True,10.476190476190476,1.5238095238095237,0.17591323027474332
1.5,0.965,0.1,0.8,4,True,10.666666666666666,1.7142857142857135,0.17582116283099705
1.5,0.965,0.1,0.85,4,True,11.0,2.0476190476190474,0.17574466308073886
1.5,0.965,0.1,0.9,4,True,11.142857142857142,2.19047619047619,0.17577917777368618
1.5,0.965,0.15,0.7,4,True,10.047619047619047,1.095238095238095,0.1758555645590864
1.5,0.965,0.15,0.75,4,True,10.238095238095237,1.2857142857142847,0.17573810187374886
1.5,0.965,0.15,0.8,4,True,10.428571428571429,1.4761904761904763,0.17564014824490093
1.5,0.965,0.15,0.85,4,True,10.761904761904763,1.8095238095238102,0.17555264399897158
1.5,0.965,0.15,0.9,4,True,10.904761904761905,1.9523809523809526,0.17557876233757486
1.5,0.965,0.2,0.7,4,True,9.904761904761905,0.9523809523809526,0.1757683277242862
1.5,0.965,0.2,0.75,4,True,10.095238095238095,1.1428571428571423,0.17564435464733996
1.5,0.965,0.2,0.8,4,True,10.285714285714286,1.333333333333334,0.17554255945241798
1.5,0.965,0.2,0.85,4,True,10.619047619047619,1.666666666666666,0.17544531557436832
1.5,0.965,0.2,0.9,4,True,10.761904761904763,1.8095238095238102,0.17546049942347625
1.5,0.965,0.25,0.7,4,True,9.571428571428571,0.6190476190476186,0.17565868013946465
1.5,0.965,0.25,0.75,4,True,9.761904761904763,0.8095238095238102,0.17551407297054605
1.5,0.965,0.25,0.8,4,True,9.952380952380953,1.0,0.1754064901109637
1.5,0.965,0.25,0.85,4,True,10.285714285714286,1.333333333333334,0.1752995862945084
1.5,0.965,0.25,0.9,4,True,10.428571428571429,1.4761904761904763,0.1753050895506454
1.5,0.965,0.3,0.7,4,True,9.19047619047619,0.23809523809523725,0.1756237170809788
1.5,0.965,0.3,0.75,4,True,9.380952380952381,0.4285714285714288,0.1754720378259882
1.5,0.965,0.3,0.8,4,True,9.571428571428571,0.6190476190476186,0.17534831662354974
1.5,0.965,0.3,0.85,4,True,9.904761904761905,0.9523809523809526,0.17524393778181663
1.5,0.965,0.3,0.9,4,True,10.047619047619047,1.095238095238095,0.1752347123233763
1.5,0.97,0.1,0.7,4,True,8.952380952380953,0.0,0.17762263443449078
1.5,0.97,0.1,0.75,4,True,9.095238095238095,0.14285714285714235,0.17753792587369532
1.5,0.97,0.1,0.8,4,True,9.333333333333334,0.3809523809523814,0.17736498118222657
1.5,0.97,0.1,0.85,4,True,9.476190476190476,0.5238095238095237,0.17732720859170983
1.5,0.97,0.1,0.9,4,True,9.80952380952381,0.8571428571428577,0.17731796216397142
1.5,0.97,0.15,0.7,4,True,8.714285714285714,-0.23809523809523903,0.17759108168634546
1.5,0.97,0.15,0.75,4,True,8.857142857142858,-0.0952380952380949,0.17749498076265866
1.5,0.97,0.15,0.8,4,True,9.095238095238095,0.14285714285714235,0.177312759599594
1.5,0.97,0.15,0.85,4,True,9.238095238095237,0.2857142857142847,0.17726630854420036
1.5,0.97,0.15,0.9,4,True,9.571428571428571,0.6190476190476186,0.17725171603207013
1.5,0.97,0.2,0.7,4,True,8.666666666666666,-0.2857142857142865,0.17747680824742157
1.5,0.97,0.2,0.75,4,True,8.80952380952381,-0.14285714285714235,0.17736808813809815
1.5,0.97,0.2,0.8,4,True,9.047619047619047,0.0952380952380949,0.1771786455415692
1.5,0.97,0.2,0.85,4,True,9.19047619047619,0.23809523809523725,0.17711764177737135
1.5,0.97,0.2,0.9,4,True,9.523809523809524,0.5714285714285712,0.1770871822811902
1.5,0.97,0.25,0.7,4,True,8.285714285714286,-0.6666666666666661,0.1774335896798722
1.5,0.97,0.25,0.75,4,True,8.428571428571429,-0.5238095238095237,0.17730900469148164
1.5,0.97,0.25,0.8,4,True,8.666666666666666,-0.2857142857142865,0.17711156602750414
1.5,0.97,0.25,0.85,4,True,8.80952380952381,-0.14285714285714235,0.17704990723066535
1.5,0.97,0.25,0.9,4,True,9.142857142857142,0.1904761904761898,0.1770220184936108
1.5,0.97,0.3,0.7,4,True,8.095238095238095,-0.8571428571428577,0.1774314064290999
1.5,0.97,0.3,0.75,4,True,8.238095238095237,-0.7142857142857153,0.1772975250674498
1.5,0.97,0.3,0.8,4,True,8.476190476190476,-0.4761904761904763,0.17708222255538353
1.5,0.97,0.3,0.85,4,True,8.619047619047619,-0.3333333333333339,0.17702972101152087
1.5,0.97,0.3,0.9,4,True,8.952380952380953,0.0,0.1769840476503076
