player_name,nba_id,team,bpr,obpr,dbpr,box_bpr,box_obpr,box_dbpr,gp,mpg
Luka Dončić,1629029,LAL,0.841,3.461,-2.62,4.689,4.506,0.183,65,35.76015625
Shai Gilgeous-Alexander,1628983,OKC,13.078,5.828,7.25,7.822,3.775,4.047,68,33.220098039215685
Anthony Edwards,1630162,MIN,3.825,0.767,3.057,3.203,2.436,0.767,61,35.02650273224044
Tyrese Maxey,1630178,PHI,5.809,-0.246,6.055,2.32,1.183,1.137,70,38.01690476190476
Kawhi Leonard,202695,LAC,3.642,5.493,-1.851,6.687,4.314,2.373,65,32.073076923076925
Nikola Jokić,203999,DEN,4.915,3.189,1.726,5.572,5.332,0.24,65,34.84410256410256
Giannis Antetokounmpo,203507,MIL,6.741,5.851,0.889,5.413,4.948,0.465,36,28.867592592592594
Donovan Mitchell,1628378,CLE,4.668,2.209,2.459,4.282,3.359,0.923,71,33.45809523809524
Jaylen Brown,1627759,BOS,1.852,4.374,-2.521,3.827,2.087,1.74,76,34.40633802816901
Stephen Curry,201939,GSW,2.112,3.976,-1.864,4.046,3.486,0.56,43,30.901162790697676
Joel Embiid,203954,PHI,10.586,7.675,2.911,4.931,3.741,1.19,39,31.596491228070178
Devin Booker,1626164,PHX,5.318,-2.362,7.68,2.704,1.211,1.493,64,33.53854166666667
Kevin Durant,201142,HOU,-0.685,-0.213,-0.471,2.589,1.426,1.163,78,36.40811965811966
Jalen Brunson,1628973,NYK,-4.908,-4.831,-0.078,2.45,2.253,0.197,74,34.9981981981982
Lauri Markkanen,1628374,UTA,6.218,-0.414,6.632,1.194,0.933,0.261,44,34.348015873015875
James Harden,201935,LAC,1.636,0.273,1.362,0.211,1.153,-0.942,44,35.438257575757575
Victor Wembanyama,1641705,SAS,13.813,6.282,7.532,8.649,3.912,4.737,64,29.15078125
Jamal Murray,1627750,DEN,5.209,4.19,1.019,3.183,4.347,-1.164,77,35.358666666666664
Cade Cunningham,1630595,DET,0.857,0.146,0.711,5.323,2.743,2.58,65,33.932552083333334
Michael Porter Jr.,1629008,BKN,4.322,4.497,-0.175,0.684,1.673,-0.989,54,32.47403846153846
Austin Reaves,1630559,LAL,7.051,1.594,5.457,3.682,2.254,1.428,52,34.54281045751634
Keyonte George,1641718,UTA,-0.617,0.118,-0.734,-3.186,0.085,-3.271,57,33.07592592592593
Jaren Jackson Jr.,1628991,UTA,-1.221,-4.423,3.202,1.446,-0.709,2.155,3,24.061111111111114
Paolo Banchero,1631094,ORL,-1.416,-2.509,1.093,0.699,-0.087,0.786,72,34.74560185185185
Jayson Tatum,1628369,BOS,5.808,2.975,2.833,5.229,3.277,1.952,16,32.614583333333336
Jalen Johnson,1630552,ATL,8.996,5.669,3.328,4.018,1.792,2.226,75,35.16087962962963
Pascal Siakam,1627783,IND,9.828,4.436,5.392,0.738,0.89,-0.152,70,33.17177419354839
Trey Murphy III,1630530,NOP,3.743,2.187,1.555,0.124,0.416,-0.292,67,35.464141414141416
Julius Randle,203944,MIN,2.8,1.39,1.41,3.447,2.177,1.27,79,33.0415611814346
Cooper Flagg,1642843,DAL,0.739,1.822,-1.083,-0.522,-0.512,-0.01,70,33.48357142857143
Brandon Ingram,1627742,TOR,8.142,0.859,7.283,0.774,-0.107,0.881,79,33.816233766233765
LeBron James,2544,LAL,2.374,1.437,0.936,4.015,2.986,1.029,60,33.15083333333333
Franz Wagner,1630532,ORL,4.341,2.201,2.139,3.183,0.976,2.207,34,29.97058823529412
James Harden,201935,CLE,1.636,0.273,1.362,0.211,1.153,-0.942,26,33.815384615384616
Anthony Davis,203076,DAL,0.269,-0.722,0.992,0.792,-0.05,0.842,20,31.28083333333333
Nickeil Alexander-Walker,1629638,ATL,4.058,1.615,2.443,3.464,1.74,1.724,80,33.37435897435898
Zion Williamson,1629627,NOP,-0.552,1.117,-1.669,0.197,0.292,-0.095,64,29.69489247311828
Brandon Miller,1641706,CHA,6.855,2.41,4.445,4.514,2.802,1.712,65,30.282307692307693
Desmond Bane,1630217,ORL,9.922,3.877,6.045,2.721,0.784,1.937,82,33.610569105691056
LaMelo Ball,1630163,CHA,10.217,8.713,1.504,4.7,4.369,0.331,72,28.02037037037037
Alperen Sengun,1630578,HOU,4.399,2.644,1.755,1.229,0.85,0.379,73,33.30162037037037
Darius Garland,1629636,LAC,2.941,1.45,1.49,1.141,1.224,-0.083,19,29.069298245614036
Dillon Brooks,1628415,PHX,-2.726,-1.808,-0.918,0.357,-0.509,0.866,57,30.386309523809523
Deni Avdija,1630166,POR,8.04,8.571,-0.531,0.892,0.881,0.011,82,33.32373737373737
Karl-Anthony Towns,1626157,NYK,-0.722,0.477,-1.199,3.34,1.943,1.397,77,30.95711111111111
Jimmy Butler III,202710,GSW,7.229,4.216,3.013,4.644,2.2,2.444,39,31.096929824561403
Bam Adebayo,1628389,MIA,8.144,3.91,4.234,3.196,1.3,1.896,76,32.39337899543379
Jaren Jackson Jr.,1628991,MEM,-1.221,-4.423,3.202,1.446,-0.709,2.155,45,30.72148148148148
RJ Barrett,1629628,TOR,4.623,2.408,2.215,3.559,2.422,1.137,58,30.276315789473685
CJ McCollum,203468,WAS,4.202,0.797,3.405,2.805,1.182,1.623,35,30.90952380952381
Zach LaVine,203897,SAC,-5.559,-2.447,-3.111,-3.79,-1.689,-2.101,40,31.39188034188034
CJ McCollum,203468,ATL,4.202,0.797,3.405,2.805,1.182,1.623,41,28.819918699186992
De'Aaron Fox,1628368,SAS,5.112,3.939,1.174,4.62,2.874,1.746,72,30.98726851851852
Kon Knueppel,1642851,CHA,6.836,7.023,-0.187,3.606,2.85,0.756,81,31.490534979423867
Ja Morant,1629630,MEM,-1.336,-1.277,-0.058,-0.588,-1.013,0.425,21,28.425
Jalen Duren,1631105,DET,-1.321,-1.317,-0.004,6.311,2.992,3.319,74,28.22642857142857
DeMar DeRozan,201942,SAC,0.483,-1.418,1.901,-3.481,-0.624,-2.857,77,31.240692640692643
Scottie Barnes,1630567,TOR,4.012,-1.02,5.032,2.745,0.808,1.937,80,33.509791666666665
Darius Garland,1629636,CLE,2.941,1.45,1.49,1.141,1.224,-0.083,26,30.460897435897436
Evan Mobley,1630596,CLE,3.762,1.445,2.317,2.872,1.815,1.057,66,31.913076923076922
Amen Thompson,1641708,HOU,8.489,4.455,4.034,4.538,1.947,2.591,81,37.38248945147679
Coby White,1629632,CHI,0.953,1.491,-0.537,2.069,1.505,0.564,31,29.08390804597701
Bennedict Mathurin,1631097,LAC,-2.894,-3.2,0.306,0.778,0.061,0.717,26,28.04230769230769
Saddiq Bey,1630180,NOP,-1.885,-2.405,0.52,0.314,0.472,-0.158,73,31.18935185185185
Jalen Williams,1631114,OKC,8.016,2.919,5.097,5.582,1.995,3.587,33,28.363131313131312
Bennedict Mathurin,1631097,IND,-2.894,-3.2,0.306,0.778,0.061,0.717,29,31.817857142857143
Ryan Rollins,1631157,MIL,-0.7,-0.75,0.05,1.586,1.872,-0.286,75,32.101126126126125
Chet Holmgren,1631096,OKC,7.381,-0.351,7.733,7.183,1.898,5.285,70,28.94589371980676
Nikola Vučević,202696,CHI,0.416,1.796,-1.379,2.401,1.793,0.608,48,30.839930555555554
Payton Pritchard,1630202,BOS,3.058,-0.11,3.167,4.941,3.298,1.643,80,32.348734177215185
Stephon Castle,1642264,SAS,4.082,-2.483,6.565,4.207,1.444,2.763,68,29.96740196078431
Jalen Green,1630224,PHX,3.206,0.673,2.533,0.386,-0.567,0.953,34,25.885416666666668
Grayson Allen,1628960,PHX,-2.907,-1.642,-1.265,0.663,0.13,0.533,51,28.770588235294117
Kevin Porter Jr.,1629645,MIL,1.784,2.129,-0.345,0.544,0.921,-0.377,40,33.184649122807016
OG Anunoby,1628384,NYK,5.483,2.23,3.253,4.744,2.37,2.374,68,33.191542288557216
Norman Powell,1626181,MIA,-1.129,0.572,-1.701,-0.209,-0.799,0.59,77,29.602298850574712
Dariq Whitehead,1641727,MEM,0.927,0.4,0.527,,,,6,30.469444444444445
Miles Bridges,1628970,CHA,-0.205,-0.065,-0.14,2.092,2.001,0.091,81,31.003246753246753
Collin Sexton,1629012,CHI,-4.522,-4.788,0.266,-2.711,-2.133,-0.578,28,25.987820512820512
Matas Buzelis,1641824,CHI,-0.476,-2.949,2.473,-0.989,-0.367,-0.622,78,29.198701298701298
Derrick White,1628401,BOS,6.248,1.626,4.622,5.367,2.298,3.069,79,34.09047619047619
VJ Edgecombe,1642845,PHI,-1.768,1.557,-3.325,2.188,0.751,1.437,75,34.977555555555554
Immanuel Quickley,1630193,TOR,6.08,5.009,1.071,2.677,1.64,1.037,72,31.876190476190477
Josh Giddey,1630581,CHI,-1.668,-2.495,0.828,-1.229,-0.468,-0.761,60,32.062345679012346
Jabari Smith Jr.,1631095,HOU,0.784,-0.924,1.708,3.028,0.865,2.163,80,35.13463203463204
Russell Westbrook,201566,SAC,-0.781,-1.033,0.251,-3.23,-1.339,-1.891,64,28.946614583333332
Jarrett Allen,1628386,CLE,10.491,4.77,5.72,3.779,2.514,1.265,57,27.12827380952381
Anthony Black,1641710,ORL,-0.612,-1.699,1.087,1.236,-0.055,1.291,64,29.8453125
Kennedy Chandler,1631113,UTA,0.701,0.188,0.514,,,,11,32.2939393939394
Andrew Nembhard,1629614,IND,1.461,3.146,-1.684,-2.192,-0.756,-1.436,65,31.32690058479532
Jaden McDaniels,1630183,MIN,-2.45,-3.679,1.229,3.278,1.44,1.838,73,31.731963470319634
Aaron Gordon,203932,DEN,6.93,5.072,1.858,5.284,4.045,1.239,40,27.915740740740738
Paul George,202331,PHI,-0.158,1.551,-1.709,3.909,1.638,2.271,44,30.676126126126125
Dejounte Murray,1627749,NOP,-0.274,-0.436,0.162,0.604,-0.253,0.857,16,27.81547619047619
Onyeka Okongwu,1630168,ATL,3.665,0.982,2.683,3.242,1.239,2.003,78,31.040315315315315
Mikal Bridges,1628969,NYK,5.979,5.012,0.967,4.327,2.551,1.776,82,32.829065040650406
Ivica Zubac,1627826,LAC,-0.39,0.34,-0.73,-0.034,0.725,-0.759,43,30.894573643410855
Ayo Dosunmu,1630245,CHI,0.643,-0.097,0.74,0.411,-0.371,0.782,47,26.382962962962964
Coby White,1629632,CHA,0.953,1.491,-0.537,2.069,1.505,0.564,23,19.3515873015873
Naji Marshall,1630230,DAL,2.687,-0.359,3.046,-0.096,-0.503,0.407,79,29.510585585585588
Brice Sensabaugh,1641729,UTA,0.445,2.449,-2.004,-3.03,-0.772,-2.258,78,23.491555555555557
Jeremiah Fears,1642847,NOP,-2.19,-2.315,0.125,-2.806,-1.912,-0.894,82,25.755894308943088
Kelly Oubre Jr.,1626162,PHI,1.448,2.203,-0.755,0.206,0.071,0.135,50,31.487000000000002
Jaime Jaquez Jr.,1631170,MIA,1.625,4.338,-2.714,1.859,0.636,1.223,82,28.283555555555555
Cam Thomas,1630560,BKN,-2.836,0.808,-3.644,-4.105,-0.428,-3.677,27,24.245833333333334
Collin Sexton,1629012,CHA,-4.522,-4.788,0.266,-2.711,-2.133,-0.578,43,22.32222222222222
Anfernee Simons,1629014,BOS,1.936,1.398,0.538,1.79,0.99,0.8,50,24.52687074829932
Shaedon Sharpe,1631101,POR,-6.897,-8.113,1.216,0.265,-0.545,0.81,75,29.426333333333332
Andrew Wiggins,203952,MIA,1.279,0.541,0.738,0.104,-0.526,0.63,76,30.3328431372549
Peyton Watson,1631212,DEN,0.62,2.034,-1.414,1.944,2.766,-0.822,57,29.587962962962965
Jalen Suggs,1630591,ORL,3.506,0.675,2.831,4.258,0.911,3.347,57,27.60672514619883
Ayo Dosunmu,1630245,MIN,0.643,-0.097,0.74,0.411,-0.371,0.782,25,28.910416666666666
Brandin Podziemski,1641764,GSW,-0.134,-3.961,3.827,2.026,-0.165,2.191,82,28.447764227642274
Devin Vassell,1630170,SAS,6.904,6.669,0.234,6.055,3.487,2.568,68,30.51094527363184
Alex Sarr,1642259,WAS,-2.261,-0.821,-1.441,-2.432,-1.043,-1.389,57,27.180208333333333
Domantas Sabonis,1627734,SAC,-3.45,-0.02,-3.43,-3.707,-0.816,-2.891,22,29.662280701754387
Ace Bailey,1642846,UTA,-12.208,-6.474,-5.734,-3.377,-1.122,-2.255,73,27.606018518518518
Jerami Grant,203924,POR,-2.771,-2.859,0.087,0.545,0.571,-0.026,78,29.73859649122807
Reed Sheppard,1642263,HOU,-10.533,-7.239,-3.293,2.401,0.7,1.701,82,26.183536585365854
Tim Hardaway Jr.,203501,DEN,2.889,2.653,0.236,2.864,2.656,0.208,80,26.591666666666665
Toumani Camara,1641739,POR,1.769,-2.776,4.546,2.296,0.91,1.386,82,33.30772357723577
Naz Reid,1629675,MIN,7.573,4.247,3.326,3.436,1.108,2.328,78,26.06948051948052
De'Andre Hunter,1629631,CLE,-2.204,-2.759,0.555,-1.723,-1.473,-0.25,45,26.151162790697676
John Collins,1628381,LAC,0.872,-1.032,1.905,0.406,0.192,0.214,71,27.122463768115942
Quentin Grimes,1629656,PHI,3.208,-1.14,4.348,1.609,-0.253,1.862,76,29.41022222222222
Jaylon Tyson,1642281,CLE,10.128,5.273,4.855,2.183,0.9,1.283,66,26.931818181818183
Keldon Johnson,1629640,SAS,4.002,-1.138,5.14,4.554,1.678,2.876,82,23.31056910569106
Tobias Harris,202699,DET,6.289,3.297,2.992,4.678,2.098,2.58,64,27.706349206349206
Kyshawn George,1642273,WAS,3.037,2.179,0.858,-2.789,-1.049,-1.74,54,28.978819444444447
Tyler Herro,1629639,MIA,-0.009,0.205,-0.215,-0.239,0.258,-0.497,52,31.29292929292929
Bobby Portis,1626171,MIL,0.157,2.03,-1.873,0.565,1.313,-0.748,71,24.169154228855724
Santi Aldama,1630583,MEM,-1.058,-1.351,0.293,1.244,0.766,0.478,47,27.86279069767442
Ajay Mitchell,1642349,OKC,10.353,4.336,6.017,7.252,1.919,5.333,61,25.83888888888889
Kyle Kuzma,1628398,MIL,-4.351,-2.929,-1.422,-0.417,0.228,-0.645,71,26.170772946859906
Collin Gillespie,1631221,PHX,8.404,7.827,0.577,4.05,1.472,2.578,81,28.522708333333334
Tre Jones,1630200,CHI,0.898,-1.92,2.818,1.384,0.924,0.46,73,26.959999999999997
Sam Merrill,1630241,CLE,3.074,1.74,1.334,5.046,3.484,1.562,53,26.482371794871792
P.J. Washington,1629023,DAL,6.052,-0.527,6.579,-1.595,-1.794,0.199,64,30.993154761904762
Brandon Williams,1630314,DAL,-5.536,-1.003,-4.533,-2.019,-1.151,-0.868,70,22.161616161616163
Max Christie,1631108,DAL,-0.879,-0.84,-0.038,-2.144,-1.874,-0.27,77,29.14978354978355
Jonathan Kuminga,1630228,ATL,3.473,-2.242,5.715,3.31,-0.279,3.589,16,22.146875
Jrue Holiday,201950,POR,7.659,2.678,4.981,3.543,1.38,2.163,71,29.441509433962263
Rayan Rupert,1641712,MEM,-10.009,-6.934,-3.075,-5.182,-4.301,-0.881,16,30.958333333333332
Donte DiVincenzo,1628978,MIN,9.396,5.257,4.139,5.944,2.871,3.073,82,30.415447154471547
Deandre Ayton,1629028,LAL,6.147,0.599,5.547,2.791,2.223,0.568,74,27.2
Noah Clowney,1641730,BKN,-6.915,-4.28,-2.635,-1.883,-0.858,-1.025,67,26.97020202020202
Cormac Ryan,1642504,MIL,0.206,0.248,-0.042,,,,13,24.60757575757576
Cameron Johnson,1629661,DEN,2.127,1.881,0.246,4.579,4.149,0.43,55,30.500617283950614
Josh Hart,1628404,NYK,6.755,3.019,3.736,2.354,0.658,1.696,66,30.206060606060603
Duncan Robinson,1629130,DET,8.22,3.221,4.999,6.273,3.465,2.808,78,27.444155844155844
Dennis Schröder,203471,SAC,-0.158,-0.771,0.612,-3.913,-2.848,-1.065,43,26.391666666666666
Ty Jerome,1629660,MEM,-0.526,3.24,-3.766,-1.293,2.9,-4.193,25,22.57888888888889
Dylan Harper,1642844,SAS,2.833,2.64,0.193,5.197,2.089,3.108,69,22.579468599033817
Julian Reese,1642882,WAS,-1.733,-1.407,-0.325,,,,13,30.884615384615383
Miles McBride,1630540,NYK,8.266,5.146,3.12,5.759,3.248,2.511,42,26.343089430894306
Derik Queen,1642852,NOP,-5.982,-4.035,-1.947,-2.431,-1.008,-1.423,81,24.980658436213993
Wendell Carter Jr.,1628976,ORL,2.467,0.348,2.119,1.632,-0.054,1.686,79,29.33846153846154
Ivica Zubac,1627826,IND,-0.39,0.34,-0.73,-0.034,0.725,-0.759,5,23.653333333333332
Donovan Clingan,1642270,POR,4.792,7.299,-2.508,1.242,1.09,0.152,81,27.19112554112554
Zach Edey,1641744,MEM,0.645,0.186,0.458,,,,13,25.804545454545455
Jaylen Wells,1642377,MEM,4.722,1.478,3.244,-0.88,-0.254,-0.626,76,26.38671497584541
Dyson Daniels,1630700,ATL,3.798,1.892,1.906,5.807,2.677,3.13,79,33.152192982456135
Klay Thompson,202691,DAL,4.725,3.842,0.883,-0.18,-1.274,1.094,71,21.693478260869565
Mark Williams,1631109,PHX,0.732,-0.869,1.601,0.454,-0.636,1.09,62,23.60111111111111
Myles Turner,1626167,MIL,1.422,-4.709,6.131,-0.06,0.106,-0.166,75,26.926760563380284
Christian Braun,1631128,DEN,6.823,3.245,3.578,4.037,3.429,0.608,47,31.799242424242426
Maxime Raynaud,1642875,SAC,-3.075,-0.481,-2.594,-2.302,-0.747,-1.555,82,26.53873873873874
Sandro Mamukelashvili,1630572,TOR,4.483,0.315,4.169,4.737,2.053,2.684,80,21.884375
Max Strus,1629622,CLE,-0.992,2.189,-3.181,-2.995,1.674,-4.669,12,24.025
Kyle Filipowski,1642271,UTA,1.959,1.66,0.299,-1.605,0.438,-2.043,79,23.38852813852814
Julian Champagnie,1630577,SAS,12.829,6.214,6.615,6.416,2.957,3.459,82,27.633739837398373
Cedric Coward,1642907,MEM,5.787,5.811,-0.024,2.129,1.439,0.69,76,25.773387096774194
De'Anthony Melton,1629001,GSW,0.512,0.36,0.152,2.807,0.718,2.089,54,22.96530612244898
Nic Claxton,1629651,BKN,-4.051,-5.306,1.255,-2.113,-0.581,-1.532,73,27.831400966183576
Jarace Walker,1641716,IND,-3.361,-3.999,0.638,-3.09,-2.186,-0.904,80,25.702412280701754
Aaron Nesmith,1630174,IND,2.36,0.706,1.654,-1.136,-0.421,-0.715,56,29.665925925925926
Rui Hachimura,1629060,LAL,2.801,2.634,0.167,1.865,1.51,0.355,70,28.332107843137255
Keshon Gilbert,1642933,ATL,-1.566,-0.735,-0.831,,,,1,25.533333333333335
Malik Monk,1628370,SAC,1.418,-0.038,1.456,-2.955,-1.308,-1.647,71,21.99435483870968
Jock Landale,1629111,MEM,-0.565,0.279,-0.844,0.865,1.128,-0.263,47,23.558148148148145
Tyler Burton,1631174,MEM,-1.527,-0.706,-0.821,,,,12,25.5625
Kel'el Ware,1642276,MIA,-1.211,-2.25,1.039,-0.357,-0.684,0.327,79,22.127705627705627
Bub Carrington,1642267,WAS,-12.813,-5.44,-7.373,-5.374,-2.438,-2.936,82,27.691260162601626
Trae Young,1629027,ATL,-3.514,0.908,-4.422,-3.029,0.962,-3.991,18,28.009999999999998
Ousmane Dieng,1631172,MIL,-2.809,-1.856,-0.953,-1.965,-0.486,-1.479,31,26.809444444444445
Bilal Coulibaly,1641731,WAS,3.524,0.273,3.252,-3.99,-1.903,-2.087,62,26.207142857142856
Leonard Miller,1631159,CHI,0.276,0.142,0.134,1.009,0.833,0.176,30,23.103086419753087
Isaiah Joe,1630198,OKC,-1.952,-2.427,0.475,6.106,1.621,4.485,74,21.232159624413146
Kevin Huerter,1628989,CHI,2.006,0.705,1.301,2.445,0.632,1.813,45,23.568181818181817
Charles Bassey,1629646,GSW,0.141,0.136,0.005,,,,5,20.083333333333332
Tre Johnson,1642848,WAS,-1.007,-2.282,1.275,-3.105,-1.396,-1.709,70,24.047777777777775
Rudy Gobert,203497,MIN,-1.893,-3.973,2.08,4.262,0.992,3.27,79,31.31732456140351
Moses Moody,1630541,GSW,1.219,-1.212,2.431,3.512,0.557,2.955,70,25.665555555555557
Jared McCain,1642272,OKC,1.398,-0.498,1.896,2.96,0.489,2.471,30,17.985555555555557
Lucas Williamson,1631351,MEM,-0.236,-0.33,0.094,,,,7,31.961904761904762
Pelle Larsson,1641796,MIA,5.442,2.435,3.007,0.806,-0.042,0.848,77,26.416428571428572
AJ Green,1631260,MIL,1.882,-1.241,3.123,0.981,1.364,-0.383,78,29.101709401709403
Jakob Poeltl,1627751,TOR,-0.085,-1.322,1.237,2.279,1.296,0.983,48,24.979347826086958
DaQuan Jeffries,1629610,SAC,-0.013,-0.308,0.295,,,,3,19.966666666666665
Caleb Love,1631126,POR,-2.665,-2.079,-0.586,-1.899,-1.829,-0.07,50,20.6656462585034
Derrick Jones Jr.,1627884,LAC,6.14,4.264,1.876,4.064,2.401,1.663,50,26.990333333333336
Toby Okani,1643253,MEM,-0.187,-0.233,0.046,,,,6,36.18055555555556
Harrison Barnes,203084,SAS,0.382,-2.306,2.687,4.056,1.936,2.12,77,25.798268398268398
Egor Dëmin,1642856,BKN,-0.308,0.653,-0.961,-0.576,-0.517,-0.059,54,25.158333333333335
Ausar Thompson,1641709,DET,5.089,0.468,4.62,6.64,2.566,4.074,73,25.967123287671235
Cam Spencer,1642285,MEM,-1.254,2.085,-3.34,0.475,0.499,-0.024,81,23.811574074074073
Precious Achiuwa,1630173,SAC,3.326,2.581,0.745,0.414,0.624,-0.21,75,23.90684931506849
Neemias Queta,1629674,BOS,5.966,1.969,3.997,6.657,2.356,4.301,79,25.34517543859649
Marvin Bagley III,1628963,DAL,1.406,5.081,-3.675,0.151,1.207,-1.056,25,21.37272727272727
Jaden Hardy,1630702,WAS,0.797,0.137,0.661,-1.625,-0.467,-1.158,30,20.43550724637681
Jalen Smith,1630188,CHI,6.259,1.746,4.514,3.694,2.789,0.905,56,20.66792452830189
Royce O'Neale,1626220,PHX,-3.788,-0.82,-2.968,-2.287,-2.153,-0.134,79,28.373076923076926
Cam Thomas,1630560,MIL,-2.836,0.808,-3.644,-4.105,-0.428,-3.677,20,16.591666666666665
Obi Toppin,1630167,IND,0.815,1.438,-0.622,0.002,1.268,-1.266,29,17.654861111111114
Rob Dillingham,1642265,CHI,-1.666,-3.347,1.681,-1.766,-2.647,0.881,30,21.46833333333333
Khris Middleton,203114,DAL,-4.668,-1.121,-3.547,-2.755,-0.761,-1.994,30,21.107471264367817
Will Riley,1642860,WAS,-8.689,-4.861,-3.828,-4.781,-1.996,-2.785,80,22.060810810810814
Tari Eason,1631106,HOU,9.37,2.202,7.168,3.059,0.611,2.448,65,25.819166666666668
Jordan Miller,1641757,LAC,1.884,1.233,0.651,2.691,1.694,0.997,62,22.079722222222223
Tristan da Silva,1641783,ORL,2.92,-2.827,5.747,2.796,0.24,2.556,79,24.66839826839827
Taylor Hendricks,1641707,MEM,-3.972,-1.49,-2.482,-3.149,-1.57,-1.579,29,24.089102564102564
Trae Young,1629027,WAS,-3.514,0.908,-4.422,-3.029,0.962,-3.991,8,20.73
Jay Huff,1630643,IND,-0.117,-1.612,1.495,-0.381,-0.807,0.426,82,20.966260162601625
Kristaps Porziņģis,204001,ATL,-0.106,-0.824,0.718,2.608,1.448,1.16,31,24.300980392156863
Blake Hinson,1642396,UTA,6.124,2.986,3.138,6.781,3.344,3.437,18,20.388095238095236
GG Jackson,1641713,MEM,1.279,-0.716,1.994,-0.17,0.285,-0.455,74,21.414242424242424
Landry Shamet,1629013,NYK,1.347,-1.324,2.671,4.021,0.815,3.206,51,22.962418300653596
Isaiah Collier,1642268,UTA,-2.107,0.522,-2.629,-5.216,-2.009,-3.207,74,25.71045197740113
Kristaps Porziņģis,204001,GSW,-0.106,-0.824,0.718,2.608,1.448,1.16,26,23.72222222222222
Jaden Ivey,1631093,CHI,-0.152,-2.134,1.982,0.001,-2.23,2.231,5,28.8625
Taurean Prince,1627752,MIL,1.185,0.751,0.434,0.69,1.47,-0.78,26,23.512179487179488
Daniel Gafford,1629655,DAL,-0.25,-2.368,2.118,-0.989,-1.353,0.364,57,21.718484848484845
Adama Bal,1642380,MEM,-0.029,0.156,-0.185,,,,9,30.164583333333333
Jusuf Nurkić,203994,UTA,-2.555,-2.22,-0.335,-2.025,-1.737,-0.288,49,26.415853658536587
Jock Landale,1629111,ATL,-0.565,0.279,-0.844,0.865,1.128,-0.263,23,19.392028985507245
Nikola Vučević,202696,BOS,0.416,1.796,-1.379,2.401,1.793,0.608,17,21.113541666666666
Walker Kessler,1631117,UTA,0.723,0.272,0.451,,,,8,30.796666666666667
Marvin Bagley III,1628963,WAS,1.406,5.081,-3.675,0.151,1.207,-1.056,43,19.228947368421053
Luke Kennard,1628379,LAL,2.863,2.924,-0.061,2.071,1.424,0.647,32,23.0328125
Guerschon Yabusele,1627824,CHI,-1.157,-2.216,1.059,-2.242,-1.991,-0.251,29,24.66858974358974
Khris Middleton,203114,WAS,-4.668,-1.121,-3.547,-2.755,-0.761,-1.994,39,24.32254901960784
Sam Hauser,1630573,BOS,8.051,5.194,2.857,5.638,3.367,2.271,81,24.797435897435896
Isaiah Stewart,1630191,DET,-2.839,-0.391,-2.448,1.648,-0.063,1.711,65,22.70919540229885
Isaiah Hartenstein,1628392,OKC,10.987,5.396,5.59,7.25,2.002,5.248,49,24.20141843971631
Marcus Smart,203935,LAL,4.768,1.951,2.817,5.283,2.413,2.87,66,28.532526881720432
Javon Small,1642914,MEM,-6.243,-4.83,-1.413,-0.483,-0.214,-0.269,45,20.241869918699187
Micah Potter,1630695,IND,2.904,1.597,1.306,-0.768,-0.513,-0.255,52,19.325886524822696
John Poulakidas,1642967,DAL,0.183,0.242,-0.059,,,,13,19.494871794871795
Corey Kispert,1630557,WAS,-2.082,-1.54,-0.542,-1.827,-1.283,-0.544,20,19.46140350877193
Kobe Brown,1641738,IND,-3.208,-1.165,-2.042,-2.496,-0.987,-1.509,29,24.732716049382717
Day'Ron Sharpe,1630549,BKN,5.329,2.254,3.075,2.098,0.64,1.458,63,18.709139784946235
Herbert Jones,1630529,NOP,2.669,0.614,2.055,0.015,-0.732,0.747,58,28.364583333333332
Aaron Wiggins,1630598,OKC,-2.644,-5.379,2.735,3.659,-0.228,3.887,71,21.753846153846155
Daeqwon Plowden,1631342,SAC,-3.269,0.959,-4.228,-3.201,-0.678,-2.523,40,26.386979166666666
Corey Kispert,1630557,ATL,-2.082,-1.54,-0.542,-1.827,-1.283,-0.544,42,18.20042735042735
Cason Wallace,1641717,OKC,0.13,0.527,-0.397,7.046,1.187,5.859,79,26.57251082251082
Keegan Murray,1631099,SAC,-2.492,-1.87,-0.622,-2.392,-2.036,-0.356,38,34.481884057971016
Ziaire Williams,1630533,BKN,-2.07,-7.024,4.955,-0.917,-2.806,1.889,68,22.879761904761903
Jordan Poole,1629673,NOP,-1.764,-1.556,-0.208,-3.302,-2.551,-0.751,63,23.92948717948718
Zaccharie Risacher,1642258,ATL,-2.911,-1.637,-1.274,1.818,0.311,1.507,77,22.436567164179106
Nique Clifford,1642363,SAC,8.057,1.78,6.277,-0.482,-0.681,0.199,78,25.092222222222222
Daniss Jenkins,1642450,DET,5.615,3.136,2.479,3.596,-0.343,3.939,81,20.212962962962965
Isaac Okoro,1630171,CHI,3.328,3.051,0.277,-2.966,-1.176,-1.79,71,26.9031746031746
Jake LaRavia,1631222,LAL,0.384,-1.618,2.002,0.718,0.926,-0.208,82,25.139837398373984
T.J. McConnell,204456,IND,1.815,1.7,0.115,0.619,1.062,-0.443,64,17.18779761904762
Bradley Beal,203078,LAC,-0.769,-0.175,-0.594,,,,6,20.15277777777778
Jordan Goodwin,1630692,PHX,4.893,2.038,2.855,3.845,0.659,3.186,74,22.453809523809525
Danny Wolf,1642874,BKN,-6.024,-4.608,-1.416,-1.406,-2.349,0.943,62,20.82748538011696
Ronald Holland II,1641842,DET,0.86,-2.09,2.95,3.032,-1.672,4.704,78,19.878846153846155
Jaden Ivey,1631093,DET,-0.152,-2.134,1.982,0.001,-2.23,2.231,33,16.81161616161616
Collin Murray-Boyles,1642867,TOR,8.46,2.949,5.512,2.742,0.173,2.569,59,21.853216374269003
Vít Krejčí,1630249,ATL,-2.729,-2.133,-0.596,0.158,-0.899,1.057,51,22.34565217391304
Kentavious Caldwell-Pope,203484,MEM,-1.847,-1.595,-0.252,-0.653,-0.9,0.247,53,21.32549019607843
Jonas Valančiūnas,202685,DEN,1.052,0.223,0.829,-0.792,-0.37,-0.422,70,13.401025641025642
Davion Mitchell,1630558,MIA,9.147,2.631,6.516,2.273,1.317,0.956,81,28.575714285714287
Nolan Traore,1642849,BKN,-1.766,-1.52,-0.246,-3.905,-2.08,-1.825,62,22.203869047619047
Quenton Jackson,1631245,IND,2.253,-0.638,2.891,0.477,-0.449,0.926,56,18.314625850340136
Mouhamadou Gueye,1631338,CHI,-0.099,-0.176,0.077,,,,2,22.725
Trevon Scott,1630286,BKN,-0.702,-0.193,-0.509,,,,6,30.37222222222222
Olivier-Maxence Prosper,1641765,MEM,2.727,1.235,1.492,-2.893,-1.096,-1.797,66,18.558490566037737
DeJon Jarreau,1630610,MEM,-0.184,-0.202,0.019,,,,11,20.975757575757576
Dennis Schröder,203471,CLE,-0.158,-0.771,0.612,-3.913,-2.848,-1.065,31,21.355
Bruce Brown,1628971,DEN,0.328,2.399,-2.071,0.987,0.611,0.376,82,24.36341463414634
Draymond Green,203110,GSW,-1.111,-2.51,1.399,-0.541,-1.793,1.252,72,27.484313725490196
Al Horford,201143,GSW,4.638,3.609,1.028,0.467,0.31,0.157,48,21.537777777777777
Keon Ellis,1631165,CLE,-1.15,-0.342,-0.807,-1.056,-1.058,0.002,31,24.844252873563217
Luguentz Dort,1629652,OKC,2.816,-0.507,3.323,4.975,1.153,3.822,74,26.792753623188403
Nick Richards,1630208,CHI,-2.523,-1.078,-1.444,-2.816,-2.032,-0.784,24,22.359166666666667
Malachi Smith,1641869,BKN,-1.84,-1.167,-0.673,-1.791,-1.157,-0.634,16,23.92111111111111
Brook Lopez,201572,LAC,2.593,2.002,0.592,1.674,1.281,0.393,82,21.80377777777778
Gui Santos,1630611,GSW,6.598,4.667,1.931,1.448,-0.07,1.518,81,20.520588235294117
Jordan Clarkson,203903,NYK,-2.169,-2.5,0.33,1.483,-0.375,1.858,82,17.77037037037037
Dominick Barlow,1631230,PHI,4.028,0.566,3.462,1.727,-0.182,1.909,72,23.781924882629106
Scoot Henderson,1630703,POR,-2.473,-1.288,-1.185,1.528,-0.399,1.927,56,24.92777777777778
Bez Mbeng,1643016,UTA,-3.076,-2.27,-0.806,-2.917,-1.751,-1.166,16,32.812222222222225
Walter Clayton Jr.,1642383,MEM,-6.247,-1.91,-4.337,-4.83,-2.006,-2.824,31,24.972916666666666
Bones Hyland,1630538,MIN,4.878,2.045,2.833,2.937,0.885,2.052,81,16.576291079812208
Cody Williams,1642262,UTA,0.628,-2.095,2.723,-3.571,-1.097,-2.474,78,24.336567164179105
Moussa Diabaté,1631217,CHA,5.913,2.322,3.59,4.948,3.485,1.463,77,26.01369863013699
LJ Cryer,1643018,GSW,0.455,-0.301,0.757,1.751,-0.078,1.829,20,16.230555555555558
Ryan Kalkbrenner,1641750,CHA,-2.062,-1.42,-0.643,-0.492,-1.307,0.815,70,21.43719806763285
Cam Whitmore,1641715,WAS,-4.906,-1.9,-3.005,-5.108,-2.038,-3.07,26,16.857936507936508
Jose Alvarado,1630631,NOP,2.171,0.946,1.226,1.452,-0.797,2.249,44,21.864634146341466
Simone Fontecchio,1631323,MIA,10.072,1.959,8.113,3.15,0.629,2.521,81,16.750714285714285
Luke Kennard,1628379,ATL,2.863,2.924,-0.061,2.071,1.424,0.647,50,20.51086956521739
Kris Dunn,1627739,LAC,6.534,-0.99,7.525,1.301,0.419,0.882,82,27.195528455284553
Jalen Slawson,1641771,IND,-0.074,-0.153,0.079,,,,13,23.888461538461538
Ja'Kobe Walter,1642266,TOR,-5.975,-5.38,-0.595,2.26,-0.378,2.638,74,20.466435185185183
Justin Champagnie,1630551,WAS,5.852,3.579,2.273,-1.618,0.089,-1.707,82,19.963285024154587
Josh Minott,1631169,BKN,3.02,0.369,2.651,1.519,-0.266,1.785,24,19.255208333333332
Gary Trent Jr.,1629018,MIL,-3.666,0.982,-4.648,-3.297,-1.128,-2.169,74,21.19076923076923
Caris LeVert,1627747,DET,0.64,-1.347,1.988,0.535,-2.217,2.752,62,19.240833333333335
Leaky Black,1641778,WAS,-4.547,-2.312,-2.235,-3.167,-1.2,-1.967,15,28.87222222222222
Jaxson Hayes,1629637,LAL,-1.181,2.051,-3.232,2.736,1.851,0.885,71,18.28207070707071
Luka Garza,1630568,BOS,4.811,3.194,1.616,4.312,3.535,0.777,80,16.20169082125604
Chaney Johnson,1643052,BKN,-0.188,-0.077,-0.112,-0.982,-0.749,-0.233,20,20.44607843137255
Lawson Lovering,1643133,MEM,-0.144,-0.05,-0.094,,,,2,24.633333333333333
Nate Williams,1631466,GSW,-4.563,-0.776,-3.786,-4.018,-0.199,-3.819,16,17.083333333333332
Javonte Green,1629750,DET,5.745,0.535,5.21,4.441,-0.65,5.091,82,17.635162601626014
Buddy Hield,1627741,GSW,-1.433,-0.895,-0.538,-1.217,-0.564,-0.653,51,17.457575757575757
Ben Saraf,1642879,BKN,-3.316,-3.893,0.576,-3.329,-3.232,-0.097,48,20.825378787878787
Jaylin Williams,1631119,OKC,2.086,-1.431,3.517,5.546,0.274,5.272,69,19.652051282051282
Quinten Post,1642366,GSW,1.212,0.824,0.388,2.041,0.879,1.162,76,17.301990049751243
Gary Payton II,1627780,GSW,-4.118,-4.38,0.262,2.977,1.429,1.548,81,15.647716894977169
Cameron Payne,1626166,PHI,-1.126,-1.448,0.322,-1.591,-1.512,-0.079,24,17.015151515151516
Patrick Williams,1630172,CHI,-5.649,-4.821,-0.828,-4.668,-4.114,-0.554,74,20.469444444444445
Tristan Vukcevic,1641774,WAS,-4.411,-2.79,-1.621,-4.333,-2.178,-2.155,66,13.693877551020408
Sharife Cooper,1630536,WAS,-2.931,-2.815,-0.116,-2.304,-0.352,-1.952,50,17.073170731707318
Jevon Carter,1628975,ORL,-5.194,-2.91,-2.284,-2.561,-1.639,-0.922,32,20.44
Kevin Huerter,1628989,DET,2.006,0.705,1.301,2.445,0.632,1.813,32,20.484666666666666
Ben Sheppard,1641767,IND,-2.478,-3.685,1.207,-1.832,-1.349,-0.483,70,21.39179487179487
Jamal Shead,1642347,TOR,3.593,-0.756,4.349,4.159,0.968,3.191,82,22.58882113821138
Anfernee Simons,1629014,CHI,1.936,1.398,0.538,1.79,0.99,0.8,14,28.355555555555554
Vince Williams Jr.,1631246,MEM,3.963,-0.306,4.27,3.564,-0.299,3.863,42,21.644607843137255
Luke Kornet,1628436,SAS,-2.94,-0.976,-1.965,3.566,2.031,1.535,68,21.030637254901958
Oso Ighodaro,1642345,PHX,4.444,2.73,1.715,2.954,0.459,2.495,82,22.053658536585367
Kobe Sanders,1642920,LAC,1.219,-2.166,3.385,0.681,-0.126,0.807,76,19.873774509803923
Terance Mann,1629611,BKN,2.355,0.833,1.523,-1.411,-0.765,-0.646,71,24.27037037037037
Isaiah Jackson,1630543,IND,-1.089,0.439,-1.528,0.353,0.191,0.162,38,16.792105263157893
Bryce McGowens,1631121,NOP,-0.392,0.213,-0.605,-0.208,0.683,-0.891,53,20.95079365079365
Jamir Watkins,1642364,WAS,-4.493,-3.707,-0.786,-0.837,-0.77,-0.067,58,20.643666666666665
D'Angelo Russell,1626156,DAL,-0.566,-2.252,1.685,-0.062,-1.435,1.373,42,19.030128205128207
Jose Alvarado,1630631,NYK,2.171,0.946,1.226,1.452,-0.797,2.249,30,16.92142857142857
Paul Reed,1630194,DET,9.141,3.651,5.49,5.931,1.137,4.794,81,13.856153846153846
PJ Hall,1641790,CHA,-0.445,-0.129,-0.316,,,,12,15.558333333333334
Zach Collins,1628380,CHI,4.326,2.919,1.408,4.307,2.831,1.476,16,18.373333333333335
Walter Clayton Jr.,1642383,UTA,-6.247,-1.91,-4.337,-4.83,-2.006,-2.824,50,18.026666666666664
KJ Simpson,1642354,CHA,-0.008,-0.095,0.087,,,,14,15.938095238095238
Pat Spencer,1630311,GSW,-1.263,0.942,-2.204,-0.503,-0.452,-0.051,80,18.62070707070707
Drake Powell,1642962,BKN,-6.623,-7.073,0.45,-5.952,-5.121,-0.831,69,20.944444444444446
Ryan Nembhard,1642948,DAL,0.525,1.598,-1.073,0.584,-0.156,0.74,67,19.514722222222225
Julian Strawther,1631124,DEN,-0.874,-1.115,0.242,0.161,0.211,-0.05,70,15.099415204678364
Jared McCain,1642272,PHI,1.398,-0.498,1.896,2.96,0.489,2.471,42,16.75990990990991
Isaiah Jackson,1630543,LAC,-1.089,0.439,-1.528,0.353,0.191,0.162,22,15.89607843137255
Moritz Wagner,1629021,ORL,-4.418,-2.823,-1.596,-3.595,-2.44,-1.155,43,11.85
Svi Mykhailiuk,1629004,UTA,-0.297,1.238,-1.535,-0.446,0.787,-1.233,82,23.112333333333332
Mitchell Robinson,1629011,NYK,4.077,0.588,3.489,3.802,1.713,2.089,60,19.575277777777778
Ethan Thompson,1630679,IND,4.868,1.375,3.493,2.192,0.118,2.074,39,20.413020833333334
Kenrich Williams,1629026,OKC,0.01,-3.082,3.092,0.513,-1.009,1.522,64,15.271130952380952
Jonathan Kuminga,1630228,GSW,3.473,-2.242,5.715,3.31,-0.279,3.589,43,23.8075
Trendon Watford,1630570,PHI,-2.962,-2.311,-0.652,-2.572,-2.362,-0.21,62,16.296226415094342
Tyrese Martin,1631213,BKN,-1.259,-1.338,0.079,-1.983,-1.51,-0.473,48,18.810810810810814
Dean Wade,1629731,CLE,6.34,4.167,2.173,5.679,3.113,2.566,61,22.333050847457628
Alex Caruso,1627936,OKC,5.33,-1.423,6.754,6.996,0.597,6.399,63,18.220535714285713
Yves Missi,1642274,NOP,0.538,-0.05,0.587,0.886,-0.198,1.084,69,19.651767676767676
Ryan Dunn,1642346,PHX,6.67,1.08,5.589,1.842,-0.976,2.818,74,19.36095238095238
Gradey Dick,1641711,TOR,4.685,0.035,4.65,2.491,-0.735,3.226,82,14.036622807017544
Will Richard,1642954,GSW,3.439,1.153,2.286,-0.885,-1.625,0.74,82,19.953623188405796
Sion James,1642883,CHA,-4.961,-0.724,-4.237,0.459,-0.752,1.211,82,22.47987804878049
Scotty Pippen Jr.,1630590,MEM,-0.363,-1.24,0.878,-1.713,-1.947,0.234,21,21.186666666666667
Kyle Anderson,203937,MEM,1.473,1.433,0.04,0.512,-1.415,1.927,7,22.3125
Killian Hayes,1630165,SAC,-0.585,-2.038,1.453,-1.004,-2.327,1.323,24,17.631884057971014
John Konchar,1629723,UTA,1.5,-1.375,2.875,1.14,-1.369,2.509,29,26.157692307692308
Karlo Matković,1631255,NOP,0.488,-0.618,1.106,0.576,-1.505,2.081,66,14.705645161290324
Andersson Garcia,1643158,UTA,1.251,0.404,0.846,,,,5,33.75
Baylor Scheierman,1631248,BOS,1.507,-1.012,2.519,3.923,1.018,2.905,82,18.562987012987016
Garrison Mathews,1629726,IND,1.683,-0.832,2.515,1.919,-0.63,2.549,15,13.074444444444445
Tyson Etienne,1630623,BKN,-2.67,-1.16,-1.51,-2.318,-1.203,-1.115,37,15.834027777777777
Johnny Furphy,1642277,IND,1.365,0.919,0.447,-0.25,-0.419,0.169,35,18.373333333333335
Steven Adams,203500,HOU,5.524,1.271,4.253,5.004,0.545,4.459,37,22.823958333333334
Andre Drummond,203083,PHI,2.33,0.519,1.811,0.629,-0.196,0.825,81,19.535978835978835
Nick Smith Jr.,1641733,LAL,0.243,-0.005,0.248,0.592,0.168,0.424,37,12.495555555555557
Grant Williams,1629684,CHA,3.363,1.269,2.094,4.35,1.438,2.912,50,19.7625
Robert Williams III,1629057,POR,1.116,-1.382,2.499,3.413,0.026,3.387,80,17.088700564971752
Sidy Cissoko,1631321,POR,-2.622,-3.066,0.445,-0.561,-2.069,1.508,76,19.134444444444444
Dru Smith,1630696,MIA,-0.521,-2.628,2.107,0.952,-1.78,2.732,79,16.304761904761907
Keon Ellis,1631165,SAC,-1.15,-0.342,-0.807,-1.056,-1.058,0.002,48,17.631782945736436
Spencer Jones,1642461,DEN,-1.68,-3.385,1.705,0.163,0.242,-0.079,70,22.137760416666666
Branden Carlson,1642382,OKC,-0.265,0.538,-0.803,0.73,1.111,-0.381,49,11.624603174603175
Nae'Qwan Tomlin,1641772,CLE,4.863,0.48,4.383,3.094,0.779,2.315,77,15.68203125
Cole Anthony,1630175,MIL,-1.893,-2.373,0.48,-1.901,-2.118,0.217,48,15.046190476190477
Tidjane Salaün,1642275,CHA,0.466,-0.585,1.051,0.712,-0.358,1.07,45,15.55135135135135
Terrence Shannon Jr.,1630545,MIN,-1.643,0.087,-1.73,-2.343,-0.422,-1.921,49,12.504651162790699
Nikola Jović,1631107,MIA,4.623,-1.281,5.904,0.083,-2.217,2.3,70,17.191843971631208
Kasparas Jakučionis,1642857,MIA,2.058,0.412,1.646,0.827,-0.095,0.922,67,17.823584905660375
Jahmai Mashack,1642942,MEM,-4.605,-2.248,-2.357,-4.108,-2.788,-1.32,40,21.713978494623653
Justin Edwards,1642348,PHI,1.604,2.309,-0.705,-1.156,-0.82,-0.336,81,15.265885416666666
Goga Bitadze,1629048,ORL,1.553,0.654,0.9,2.591,0.66,1.931,79,15.187760416666666
Jaden Hardy,1630702,DAL,0.797,0.137,0.661,-1.625,-0.467,-1.158,50,12.590686274509805
Vince Williams Jr.,1631246,UTA,3.963,-0.306,4.27,3.564,-0.299,3.863,6,13.916666666666666
Thomas Bryant,1628418,CLE,1.351,0.989,0.362,1.432,0.281,1.151,78,12.1975
Devin Carter,1642269,SAC,-1.964,-0.285,-1.678,-0.509,0.066,-0.575,72,18.417543859649122
Oscar Tshiebwe,1631131,UTA,0.114,1.171,-1.057,-0.009,1.171,-1.18,46,16.608024691358025
Kyle Anderson,203937,MIN,1.473,1.433,0.04,0.512,-1.415,1.927,19,19.090350877192982
Adem Bona,1641737,PHI,-3.741,-3.096,-0.645,0.045,-1.267,1.312,76,17.383098591549295
Jordan Walsh,1641775,BOS,4.562,0.765,3.798,3.357,1.774,1.583,81,17.82328431372549
Jamaree Bouyea,1631123,PHX,3.572,-1.962,5.534,1.939,-2.018,3.957,59,14.001811594202898
Jeremiah Robinson-Earl,1630526,DAL,-2.248,-0.792,-1.455,-2.61,-0.763,-1.847,5,12.21
Vít Krejčí,1630249,POR,-2.729,-2.133,-0.596,0.158,-0.899,1.057,31,19.17017543859649
Dereck Lively II,1641726,DAL,0.114,-0.225,0.34,,,,7,16.46904761904762
Josh Minott,1631169,BOS,3.02,0.369,2.651,1.519,-0.266,1.785,45,15.929292929292929
Josh Okogie,1629006,HOU,0.89,-0.34,1.23,1.886,-0.535,2.421,82,17.356410256410257
Tyler Smith,1641890,DAL,0.363,0.853,-0.49,,,,13,13.79861111111111
Dylan Cardwell,1642928,SAC,1.438,-1.695,3.133,0.791,-0.774,1.565,57,20.60227272727273
Josh Green,1630182,CHA,1.322,-1.92,3.241,4.401,1.155,3.246,60,15.654597701149424
Kris Murray,1631200,POR,1.155,0.591,0.564,2.648,-0.094,2.742,79,23.390058479532165
Jeremiah Robinson-Earl,1630526,IND,-2.248,-0.792,-1.455,-2.61,-0.763,-1.847,19,17.62156862745098
Jalen Wilson,1630592,BKN,4.016,3.316,0.7,-1.79,-1.696,-0.094,81,15.911728395061727
Gabe Vincent,1629216,LAL,1.214,2.195,-0.982,1.676,1.941,-0.265,33,19.266666666666666
Ochai Agbaji,1630534,BKN,-0.497,-2.652,2.154,-0.188,-2.048,1.86,32,16.158333333333335
Pete Nance,1631250,MIL,-6.668,-0.588,-6.08,-0.911,0.862,-1.773,60,15.682978723404256
Josh Oduro,1642490,NOP,-1.181,-0.829,-0.352,,,,6,27.255555555555553
Seth Curry,203552,GSW,0.515,0.325,0.191,,,,17,13.3
Mouhamed Gueye,1631243,ATL,-1.137,-1.335,0.198,3.551,1.022,2.529,81,15.309523809523808
Jericho Sims,1630579,MIL,-0.696,-0.749,0.052,-3.29,-0.871,-2.419,81,19.669402985074626
Tre Mann,1630544,CHA,-4.723,-2.724,-1.999,-5.064,-3.498,-1.566,73,12.612578616352202
Jett Howard,1641724,ORL,-2.385,2.128,-4.512,-1.142,0.756,-1.898,75,12.642424242424243
Craig Porter Jr.,1641854,CLE,0.168,-0.686,0.854,2.887,1.169,1.718,72,17.932552083333334
Elijah Harkless,1641989,UTA,-0.031,-0.315,0.283,-0.07,-0.208,0.138,45,20.954487179487177
Tyus Jones,1626145,DAL,-1.011,-0.888,-0.122,-0.854,-0.985,0.131,8,16.6125
Aaron Holiday,1628988,HOU,3.717,-0.793,4.51,2.527,-0.739,3.266,81,13.69766081871345
Liam McNeeley,1642862,CHA,-0.442,-1.447,1.005,-0.6,-1.191,0.591,34,11.856451612903225
Anthony Gill,1630264,WAS,-4.151,-4.723,0.572,-3.549,-1.505,-2.044,82,17.290000000000003
Ochai Agbaji,1630534,TOR,-0.497,-2.652,2.154,-0.188,-2.048,1.86,46,15.477380952380951
Taylor Hendricks,1641707,UTA,-3.972,-1.49,-2.482,-3.149,-1.57,-1.579,43,14.914141414141415
Jamal Cain,1631288,ORL,-0.241,0.629,-0.87,2.119,1.86,0.259,56,12.149583333333334
Mac McClung,1630644,IND,-1.977,-0.939,-1.038,,,,5,11.294444444444444
E.J. Liddell,1630604,BKN,0.4,0.145,0.255,-0.142,-0.22,0.078,39,13.430128205128204
Haywood Highsmith,1629312,PHX,0.328,-0.066,0.394,,,,10,12.971428571428572
Tyrese Proctor,1642878,CLE,0.091,-1.386,1.477,-1.275,-1.749,0.474,72,10.902333333333333
Nicolas Batum,201587,LAC,-6.125,-4.558,-1.568,-0.067,-0.282,0.215,78,17.49481981981982
MarJon Beauchamp,1630699,PHI,-0.114,-1.689,1.576,0.155,-1.521,1.676,25,14.008333333333333
Jabari Walker,1631133,PHI,1.125,-0.531,1.656,0.283,-0.643,0.926,75,11.90078125
Mac McClung,1630644,CHI,-1.977,-0.939,-1.038,,,,13,12.660416666666666
Carter Bryant,1642868,SAS,-0.347,-1.037,0.69,1.455,-0.983,2.438,82,11.519248826291081
Kevin Love,201567,UTA,0.21,1.615,-1.405,-1.06,1.07,-2.13,70,16.562612612612615
Tyler Kolek,1642278,NYK,2.151,-0.54,2.691,2.768,-0.428,3.196,79,11.728763440860215
Marcus Sasser,1631204,DET,5.605,1.329,4.275,6.173,1.522,4.651,56,12.013157894736842
Jarred Vanderbilt,1629020,LAL,-2.228,-0.274,-1.954,1.877,0.998,0.879,82,17.35025641025641
Mike Conley,201144,MIN,3.168,2.994,0.174,1.84,1.059,0.781,70,18.358024691358025
Hugo González,1642864,BOS,6.909,2.31,4.599,5.452,1.498,3.954,82,14.647747747747749
Asa Newell,1642854,ATL,-0.539,0.533,-1.072,-0.211,0.331,-0.542,67,11.361742424242426
Lonzo Ball,1628366,CLE,-1.542,-3.11,1.569,0.842,-1.371,2.213,47,20.792380952380952
Jaylen Clark,1641740,MIN,3.86,1.007,2.853,3.994,1.067,2.927,80,13.054901960784314
Moussa Cisse,1630619,DAL,4.687,1.396,3.29,2.586,0.004,2.582,50,13.93640350877193
Micah Peavy,1642877,NOP,3.357,-0.542,3.899,0.349,-0.409,0.758,78,14.966939890710384
Taelon Peter,1643007,IND,-3.818,-3.453,-0.365,-2.502,-3.129,0.627,50,12.953508771929824
Clint Capela,203991,HOU,3.275,-1.08,4.355,4.763,0.157,4.606,82,12.34288888888889
Caleb Martin,1628997,DAL,-2.155,-2.337,0.182,-2.301,-2.649,0.348,69,14.762643678160918
Amir Coffey,1629599,PHX,1.532,-1.235,2.767,0.791,-1.512,2.303,23,14.089583333333334
Gabe Vincent,1629216,ATL,1.214,2.195,-0.982,1.676,1.941,-0.265,28,13.347916666666666
Kyle Anderson,203937,UTA,1.473,1.433,0.04,0.512,-1.415,1.927,45,20.063333333333333
Malaki Branham,1631103,WAS,0.071,-0.115,0.186,,,,40,9.839285714285715
RayJ Dennis,1642484,IND,-4.588,-5.288,0.7,-4.54,-5.187,0.647,20,12.942307692307692
Yanic Konan Niederhäuser,1642949,LAC,3.669,0.225,3.445,3.192,0.456,2.736,55,10.333739837398374
Tony Bradley,1628396,IND,-5.246,-3.39,-1.856,-4.814,-2.484,-2.33,47,10.954385964912282
Nikola Topić,1642260,OKC,-1.188,-0.382,-0.806,,,,16,16.008333333333333
Jalen Pickett,1629618,DEN,3.221,0.767,2.454,1.852,0.268,1.584,80,16.13
Payton Sandfort,1642362,OKC,-0.328,-0.394,0.066,,,,11,15.833333333333334
Dalen Terry,1631207,PHI,-1.127,-2.376,1.249,0.043,-1.8,1.843,19,12.405952380952382
Omer Yurtseven,1630209,GSW,-0.024,-0.111,0.087,,,,11,11.55
Jordan Hawkins,1641722,NOP,-3.221,-2.055,-1.165,-3.041,-2.265,-0.776,82,13.568300653594772
Rasheer Fleming,1642853,PHX,5.492,-0.121,5.612,5.009,0.786,4.223,80,12.243939393939394
Kam Jones,1642880,IND,-5.258,-3.13,-2.128,-2.899,-2.024,-0.875,54,16.658108108108106
Drew Eubanks,1629234,SAC,-4.337,-3.744,-0.592,-4.253,-3.345,-0.908,72,13.149206349206349
Jase Richardson,1642859,ORL,-0.338,0.789,-1.127,-0.442,-0.125,-0.317,81,10.865123456790123
Blake Wesley,1631104,POR,-3.372,-2.63,-0.742,-2.684,-2.631,-0.053,50,11.64032258064516
Mohamed Diawara,1642885,NYK,-1.161,-0.874,-0.287,,,,82,9.190579710144927
Trayce Jackson-Davis,1631218,GSW,-1.875,-2.722,0.848,-1.26,-2.277,1.017,51,11.414814814814815
Bogdan Bogdanović,203992,LAC,1.494,0.218,1.275,0.552,-0.23,0.782,58,19.655072463768118
Tyus Jones,1626145,ORL,-1.011,-0.888,-0.122,-0.854,-0.985,0.131,49,15.709722222222222
A.J. Lawson,1630639,TOR,0.905,-0.232,1.137,,,,35,9.421527777777778
AJ Johnson,1642358,DAL,-2.997,-2.732,-0.265,-2.942,-2.961,0.019,31,10.415217391304347
Tony Bradley,1628396,ATL,-5.246,-3.39,-1.856,-4.814,-2.484,-2.33,4,11.472222222222223
Noah Penda,1642869,ORL,-1.142,-1.127,-0.015,-1.216,-1.056,-0.16,80,12.835593220338982
Dalton Knecht,1642261,LAL,0.054,-0.846,0.899,-1.348,-1.085,-0.263,81,10.239506172839505
Ron Harper Jr.,1631199,BOS,2.297,0.387,1.91,2.584,0.663,1.921,46,10.949425287356322
Jeremy Sochan,1631110,SAS,0.349,-1.761,2.11,-0.112,-1.658,1.546,42,12.777380952380952
Myron Gardner,1642066,MIA,-1.818,-2.381,0.562,,,,63,9.122592592592593
Malevy Leons,1642502,GSW,-2.757,0.995,-3.752,-3.203,0.032,-3.235,32,11.059333333333333
Monte Morris,1628420,IND,-0.182,-0.345,0.163,,,,7,10.769444444444444
Christian Koloko,1631132,MEM,-2.334,-3.163,0.83,-1.727,-2.515,0.788,11,17.687878787878788
Dwight Powell,203939,DAL,-0.772,-2.897,2.124,-0.152,-1.059,0.907,81,14.355820105820106
Yuki Kawamura,1642530,CHI,-2.398,-2.274,-0.124,-1.975,-1.832,-0.143,24,11.612962962962964
Dalen Terry,1631207,CHI,-1.127,-2.376,1.249,0.043,-1.8,1.843,46,11.098529411764705
Jevon Carter,1628975,CHI,-5.194,-2.91,-2.284,-2.561,-1.639,-0.922,49,11.053623188405798
Patrick Baldwin Jr.,1631116,LAC,-0.388,-0.33,-0.059,,,,4,6.116666666666666
Jamison Battle,1642419,TOR,0.813,1.026,-0.213,,,,76,8.471857923497268
RayJ Dennis,1642484,ATL,-4.588,-5.288,0.7,-4.54,-5.187,0.647,4,11.483333333333333
De'Andre Hunter,1629631,SAC,-2.204,-2.759,0.555,-1.723,-1.473,-0.25,6,25.491666666666667
Dorian Finney-Smith,1627827,HOU,-3.281,-3.63,0.349,-0.165,-2.519,2.354,50,16.765315315315316
Zeke Nnaji,1630192,DEN,-2.947,-4.065,1.118,-2.462,-2.828,0.366,80,12.039102564102564
Taj Gibson,201959,MEM,0.463,0.193,0.27,,,,14,9.686666666666667
Rob Dillingham,1642265,MIN,-1.666,-3.347,1.681,-1.766,-2.647,0.881,51,9.311428571428571
Drew Timme,1631166,LAL,-0.687,-0.441,-0.246,,,,38,8.70679012345679
Matisse Thybulle,1629680,POR,5.023,-0.903,5.926,5.243,-1.246,6.489,74,15.988888888888889
Ousmane Dieng,1631172,OKC,-2.809,-1.856,-0.953,-1.965,-0.486,-1.479,42,10.933333333333334
Guerschon Yabusele,1627824,NYK,-1.157,-2.216,1.059,-2.242,-1.991,-0.251,47,8.91910569105691
Rayan Rupert,1641712,POR,-10.009,-6.934,-3.075,-5.182,-4.301,-0.881,56,12.026736111111111
Keaton Wallace,1630811,ATL,-1.066,-3.019,1.953,-0.323,-2.007,1.684,80,10.113207547169813
Patrick Baldwin Jr.,1631116,SAC,-0.388,-0.33,-0.059,,,,10,14.65
John Konchar,1629723,MEM,1.5,-1.375,2.875,1.14,-1.369,2.509,41,14.48611111111111
Jonathan Isaac,1628371,ORL,-2.575,-3.729,1.154,-0.085,-2.704,2.619,60,10.017307692307693
Joan Beringer,1642866,MIN,0.901,0.219,0.682,,,,70,7.8533333333333335
Skal Labissiere,1627746,WAS,0.156,-0.063,0.219,,,,6,12.516666666666667
Chris Paul,101108,LAC,-4.375,-3.976,-0.399,-4.46,-4.019,-0.441,21,14.220833333333333
Koby Brea,1642886,PHX,0.328,-0.066,0.394,,,,20,6.988888888888889
James Wiseman,1630164,IND,-0.343,-0.353,0.009,,,,6,14.616666666666667
Larry Nance Jr.,1626204,CLE,-2.037,-3.869,1.832,-1.165,-2.729,1.564,61,12.821904761904761
Kobe Brown,1641738,LAC,-3.208,-1.165,-2.042,-2.496,-0.987,-1.509,50,8.66470588235294
Olivier Sarr,1630846,CLE,0.489,0.287,0.202,,,,7,9.8375
Duop Reath,1641871,POR,-0.419,-0.259,-0.16,,,,48,8.068229166666667
Keshon Gilbert,1642933,WAS,-1.566,-0.735,-0.831,,,,3,16.083333333333332
Doug McDermott,203926,SAC,-2.131,-1.782,-0.348,-2.159,-1.887,-0.272,82,15.144827586206898
Cam Christie,1642353,LAC,-0.544,-0.305,-0.239,,,,82,8.723030303030303
Julian Phillips,1641763,CHI,-0.829,-0.821,-0.008,,,,51,9.528571428571428
Jae'Sean Tate,1630256,HOU,0.011,-0.486,0.497,,,,67,8.798188405797102
Gary Harris,203914,MIL,-2.232,-1.053,-1.179,-1.175,-0.453,-0.722,68,13.765972222222222
Christian Koloko,1631132,ATL,-2.334,-3.163,0.83,-1.727,-2.515,0.788,25,11.126190476190477
Lachlan Olbrich,1642950,CHI,-1.979,-1.198,-0.781,,,,50,9.303603603603603
Keshad Johnson,1642352,MIA,0.337,0.484,-0.146,,,,74,8.734895833333333
Cody Martin,1628998,IND,0.134,-0.197,0.331,,,,4,13.795833333333333
Kelly Olynyk,203482,SAS,0.018,-0.304,0.322,,,,75,8.5765873015873
DaRon Holmes II,1641747,DEN,-0.396,-0.129,-0.267,,,,52,8.380666666666666
Antonio Reeves,1641810,CHA,0.226,0.22,0.006,,,,15,6.7683333333333335
Miles Kelly,1642939,DAL,0.646,0.33,0.315,,,,25,9.552380952380952
Nick Richards,1630208,PHX,-2.523,-1.078,-1.444,-2.816,-2.032,-0.784,51,9.054761904761905
Bronny James,1642355,LAL,0.338,0.553,-0.215,,,,70,8.940079365079365
Jeremy Sochan,1631110,NYK,0.349,-1.761,2.11,-0.112,-1.658,1.546,26,6.925
Khaman Maluach,1642863,PHX,0.632,-0.848,1.48,,,,82,8.935507246376812
AJ Johnson,1642358,WAS,-2.997,-2.732,-0.265,-2.942,-2.961,0.019,41,8.555333333333333
Julian Phillips,1641763,MIN,-0.829,-0.821,-0.008,,,,26,7.194871794871795
Pat Connaughton,1626192,CHA,-0.151,-0.151,0.0,,,,67,7.059920634920634
Alijah Martin,1642918,TOR,-1.099,-0.158,-0.941,,,,31,6.331159420289855
David Jones Garcia,1642357,SAS,0.098,-0.049,0.147,,,,21,6.178787878787879
Amir Coffey,1629599,MIL,1.532,-1.235,2.767,0.791,-1.512,2.303,49,8.83611111111111
Riley Minix,1642434,CLE,0.489,0.287,0.202,,,,17,8.302777777777779
Ariel Hukporti,1630574,NYK,-1.33,-0.129,-1.201,,,,80,9.222222222222223
Kevin McCullar Jr.,1641755,NYK,0.119,0.029,0.09,,,,33,7.38015873015873
Luke Travers,1631247,CLE,-0.002,0.01,-0.013,,,,19,8.591666666666667
Isaiah Livers,1630587,PHX,-0.538,-0.359,-0.179,,,,43,9.65
Kobe Bufkin,1641723,LAL,-1.31,-0.304,-1.006,,,,33,7.467708333333333
Brooks Barnhizer,1642964,OKC,-1.564,-1.106,-0.458,,,,47,8.6975
Yang Hansen,1642905,POR,-0.609,-0.605,-0.005,,,,66,6.974418604651163
Andre Jackson Jr.,1641748,MIL,0.456,0.533,-0.078,,,,81,8.502083333333333
Lindy Waters III,1630322,SAS,0.255,0.109,0.146,,,,68,7.1170833333333325
Charles Bassey,1629646,BOS,0.141,0.136,0.005,,,,10,3.4266666666666667
Tyrese Martin,1631213,PHI,-1.259,-1.338,0.079,-1.983,-1.51,-0.473,15,8.957407407407407
Chaz Lanier,1642404,DET,-0.59,-0.665,0.075,,,,63,7.7063725490196076
Tolu Smith,1642449,DET,-0.379,-0.653,0.274,,,,42,9.162222222222223
JD Davison,1631120,HOU,0.59,-0.016,0.606,,,,54,7.800595238095238
Trayce Jackson-Davis,1631218,TOR,-1.875,-2.722,0.848,-1.26,-2.277,1.017,24,5.006862745098039
Maxi Kleber,1628467,LAL,3.559,1.377,2.183,2.925,1.263,1.662,67,10.72093023255814
Chris Youngblood,1642959,OKC,-0.462,-0.301,-0.161,,,,50,5.444270833333333
Hunter Dickinson,1630621,NOP,0.994,0.38,0.614,,,,9,8.493333333333334
Buddy Hield,1627741,ATL,-1.433,-0.895,-0.538,-1.217,-0.564,-0.653,29,7.311904761904762
CJ Huntley,1643047,PHX,0.561,0.167,0.394,,,,10,10.1
Charles Bassey,1629646,MEM,0.141,0.136,0.005,,,,6,15.258333333333333
Jordan McLaughlin,1629162,SAS,0.299,0.1,0.199,,,,72,6.400378787878788
Mo Bamba,1628964,UTA,-0.163,-0.186,0.024,,,,8,18.975
Tyus Jones,1626145,DEN,-1.011,-0.888,-0.122,-0.854,-0.985,0.131,20,8.331818181818182
Adou Thiero,1642876,LAL,0.379,0.237,0.142,,,,41,5.956
Enrique Freeman,1642402,MIN,-0.411,-0.112,-0.299,,,,12,9.304166666666667
Jonathan Mogbo,1642367,TOR,-0.14,-0.058,-0.082,,,,65,6.2225
Mason Plumlee,203486,CHA,-0.097,0.277,-0.374,,,,29,8.894047619047619
Hunter Tyson,1641816,DEN,-0.267,-0.171,-0.096,,,,52,7.70952380952381
PJ Hall,1641790,MEM,-0.445,-0.129,-0.316,,,,14,3.811904761904762
Pacôme Dadiet,1642359,NYK,0.365,0.083,0.282,,,,61,4.681034482758621
Leonard Miller,1631159,MIN,0.276,0.142,0.134,1.009,0.833,0.176,52,4.994736842105263
Javonte Cooke,1631451,POR,-0.416,-0.165,-0.251,,,,29,4.9298245614035086
Chris Youngblood,1642959,POR,-0.462,-0.301,-0.161,,,,8,5.441666666666666
Kevon Looney,1626172,NOP,-0.378,-2.372,1.994,-1.585,-2.14,0.555,77,14.642857142857142
Jeff Green,201145,HOU,0.791,0.091,0.7,,,,82,5.827222222222222
Riley Minix,1642434,SAS,0.489,0.287,0.202,,,,11,2.7555555555555555
Drew Peterson,1641809,CHA,-0.124,0.032,-0.156,,,,7,10.71111111111111
Eric Gordon,201569,PHI,0.292,0.218,0.074,,,,50,12.291666666666666
Bobi Klintman,1641752,DET,0.062,0.0,0.062,,,,30,5.948611111111111
DeAndre Jordan,201599,NOP,3.834,-1.307,5.142,2.356,-0.648,3.004,81,16.566666666666666
Nigel Hayes-Davis,1628502,PHX,-1.108,-0.277,-0.83,,,,51,7.229629629629629
Isaiah Crawford,1642384,HOU,-0.713,-0.35,-0.363,,,,40,6.578571428571428
Wendell Moore Jr.,1631111,DET,0.2,0.0,0.2,,,,14,9.925
Orlando Robinson,1631115,ORL,0.07,0.117,-0.047,,,,12,6.204166666666667
Xavier Tillman,1630214,BOS,0.343,0.074,0.269,,,,51,7.95952380952381
KJ Simpson,1642354,DEN,-0.008,-0.095,0.087,,,,12,5.747222222222222
Amari Williams,1642873,BOS,-0.719,-0.608,-0.111,,,,49,6.624242424242424
Thanasis Antetokounmpo,203648,MIL,-0.022,0.255,-0.277,,,,77,4.351470588235293
Joe Ingles,204060,MIN,1.132,0.532,0.6,,,,79,5.656172839506173
Isaac Jones,1642403,SAC,-0.171,-0.095,-0.076,,,,6,5.638888888888888
Brandon Clarke,1629634,MEM,0.087,-0.057,0.144,,,,17,10.216666666666667
Charles Bassey,1629646,PHI,0.141,0.136,0.005,,,,4,4.633333333333334
Xavier Tillman,1630214,CHA,0.343,0.074,0.269,,,,29,4.528125
Trey Jemison III,1641998,NYK,0.144,0.094,0.05,,,,31,6.2756410256410255
Isaac Jones,1642403,DET,-0.171,-0.095,-0.076,,,,15,4.691666666666666
Mason Plumlee,203486,SAS,-0.097,0.277,-0.374,,,,18,7.827777777777778
Bismack Biyombo,202687,SAS,-0.302,-0.326,0.024,,,,82,5.654
Kyle Lowry,200768,PHI,-0.105,-0.04,-0.065,,,,82,8.432142857142857
Max Shulga,1642917,BOS,-0.118,-0.554,0.435,,,,28,3.2984848484848484
Dario Saric,203967,SAC,0.289,0.0,0.289,,,,50,8.25
Patrick Baldwin Jr.,1631116,PHI,-0.388,-0.33,-0.059,,,,2,2.3333333333333335
Christian Koloko,1631132,LAL,-2.334,-3.163,0.83,-1.727,-2.515,0.788,6,3.175
Kobe Bufkin,1641723,MEM,-1.31,-0.304,-1.006,,,,5,
RayJ Dennis,1642484,LAC,-4.588,-5.288,0.7,-4.54,-5.187,0.647,3,3.533333333333333
Tyler Smith,1641890,HOU,0.363,0.853,-0.49,,,,1,
Mo Bamba,1628964,TOR,-0.163,-0.186,0.024,,,,4,2.925
