date,year,month,day,rank,team_name,team_name_normalized,conference,games,record,adj_oe,adj_de,barthag,adj_tempo,wab,efg_pct,efg_pct_d,tor,tord,orb,drb,ftr,ftrd,two_p_pct,two_p_pct_d,three_p_pct,three_p_pct_d,three_pr,three_prd
2026-02-16,2026,2,16,1,Michigan,Michigan,B10,25.0,24-1,127.94,90.11,0.98241,72.31,9.51,58.96,43.22,16.5158,16.7185,36.624,28.168,39.967,27.02,63.02,42.82,35.489,29.17,42.3129,41.9262
2026-02-16,2026,2,16,2,Houston,Houston,B12,25.0,23-2,126.56,91.63,0.97642,63.3351,7.25,52.4134,46.011,12.61,22.65,37.119,31.4209,26.4357,39.2277,53.3117,45.513,34.117,31.148,41.3146,42.8289
2026-02-16,2026,2,16,3,Arizona,Arizona,B12,25.0,23-2,124.916,90.72,0.97533,71.026,7.94,55.44,44.83,15.585,17.6132,39.24,25.814,42.538,28.636,56.346,43.33,35.396,31.657,26.4363,37.0101
2026-02-16,2026,2,16,4,Florida,Florida,SEC,25.0,19-6,125.314,91.64,0.97344,70.053,5.015,52.7119,46.216,16.1123,15.626,42.62,24.25,39.378,33.6132,58.124,44.55,29.5345,32.9125,39.0196,34.535
2026-02-16,2026,2,16,5,Illinois,Illinois,B10,26.0,21-5,132.11,97.424,0.97065,65.3287,6.28,55.635,47.024,13.714,11.4365,38.96,26.53,33.2234,18.61,58.026,46.623,35.682,31.864,51.18,41.6249
2026-02-16,2026,2,16,6,Duke,Duke,ACC,25.0,23-2,124.319,91.85,0.97046,66.3238,8.62,57.215,46.011,16.2132,19.164,36.723,25.111,38.2107,22.62,61.94,46.019,34.117,30.734,44.288,44.9328
2026-02-16,2026,2,16,7,Purdue,Purdue,B10,25.0,21-4,129.62,96.721,0.96667,65.2293,7.06,57.912,50.212,13.919,16.3211,35.837,26.018,28.7331,24.88,58.719,51.7182,37.823,32.281,40.7157,46.0342
2026-02-16,2026,2,16,8,Iowa St.,Iowa St.,B12,25.0,22-3,124.518,93.29,0.96528,67.6172,5.71,58.11,48.352,15.798,22.46,37.315,28.479,35.0189,26.919,57.135,48.869,39.84,31.759,37.7226,42.0267
2026-02-16,2026,2,16,9,Connecticut,Connecticut,BE,26.0,24-2,123.92,93.911,0.96039,64.8311,8.33,56.325,45.27,16.415,18.686,35.249,29.0101,31.2277,41.031,57.135,45.614,36.837,29.715,39.8176,35.354
2026-02-16,2026,2,16,10,Vanderbilt,Vanderbilt,SEC,25.0,21-4,125.412,96.52,0.95291,69.861,5.312,56.423,47.332,13.411,18.397,30.9172,29.4119,38.89,40.1296,58.52,49.28,35.97,29.51,44.97,39.2168
2026-02-16,2026,2,16,11,Texas Tech,Texas Tech,B12,25.0,19-6,125.51,96.922,0.951811,67.3185,5.114,55.635,49.28,15.164,15.626,33.68,29.1107,27.9339,32.5105,53.2123,50.7133,38.99,31.044,47.23,35.148
2026-02-16,2026,2,16,12,Nebraska,Nebraska,B10,25.0,22-3,120.243,92.96,0.950612,67.0198,6.77,56.227,47.229,13.816,19.257,26.0324,27.55,26.2358,24.67,58.52,49.588,36.065,29.919,50.91,49.4361
2026-02-16,2026,2,16,13,Kansas,Kansas,B12,25.0,19-6,120.64,93.61,0.948313,67.1193,5.611,53.582,45.05,15.372,13.7345,28.7246,29.7132,33.7225,25.812,53.895,45.07,35.489,29.919,36.0251,43.2297
2026-02-16,2026,2,16,14,Louisville,Louisville,ACC,25.0,19-6,125.511,97.625,0.947314,70.239,3.722,56.719,46.822,16.1123,17.016,33.68,27.241,35.6176,33.6132,60.48,45.715,35.78,32.39,53.04,40.5212
2026-02-16,2026,2,16,15,Gonzaga,Gonzaga,WCC,27.0,25-2,121.434,94.814,0.944515,69.763,5.99,56.621,46.72,13.816,20.52,36.134,24.03,31.7264,32.4102,58.818,47.031,34.2163,30.938,29.7352,43.8312
2026-02-16,2026,2,16,16,Tennessee,Tennessee,SEC,25.0,18-7,121.831,95.717,0.940916,65.7263,3.524,52.8114,47.127,18.3271,16.2219,45.01,27.756,41.25,35.0176,52.714,49.073,35.2103,29.919,33.1314,45.2335
2026-02-16,2026,2,16,17,Michigan St.,Michigan St.,B10,25.0,20-5,119.447,94.313,0.937617,65.7267,5.113,53.0103,47.024,17.5223,15.328,39.15,22.52,36.2163,31.282,53.6101,46.826,34.6134,31.451,36.8238,46.6351
2026-02-16,2026,2,16,18,Virginia,Virginia,ACC,25.0,22-3,120.739,95.516,0.936418,65.2292,5.016,54.459,45.05,15.9109,16.0237,39.73,28.585,35.1185,34.8171,55.558,45.211,35.489,29.818,46.141,36.789
2026-02-16,2026,2,16,19,Alabama,Alabama,SEC,25.0,18-7,128.73,102.159,0.935219,73.62,4.717,55.341,48.352,13.17,12.3363,31.2161,32.0247,37.0135,35.6195,57.135,48.765,35.871,31.759,54.21,35.044
2026-02-16,2026,2,16,20,Arkansas,Arkansas,SEC,25.0,19-6,127.15,101.25,0.93212,70.928,4.318,57.016,49.799,12.73,16.3211,32.313,31.9235,36.4159,29.549,57.731,52.0198,37.132,30.938,35.2269,39.9182
2026-02-16,2026,2,16,21,St. John's,St. John's,BE,25.0,20-5,121.036,96.519,0.931021,70.055,4.02,51.816,48.043,14.844,19.83,36.821,31.6218,44.021,32.4102,51.7183,47.232,34.6134,33.0131,33.8298,33.926
2026-02-16,2026,2,16,22,Saint Louis,Saint Louis,A10,25.0,24-1,122.629,98.429,0.926622,71.619,3.426,61.11,42.71,16.8175,16.1229,32.6114,25.917,34.3207,36.7225,60.19,43.54,41.52,27.61,45.554,40.5212
2026-02-16,2026,2,16,23,Wisconsin,Wisconsin,B10,25.0,18-7,125.215,101.855,0.915723,69.189,2.829,54.066,50.614,13.17,14.6317,29.921,26.426,34.5201,32.299,55.164,51.4164,35.489,32.9125,51.18,40.3203
2026-02-16,2026,2,16,24,Indiana,Indiana,B10,26.0,17-9,123.621,100.742,0.913324,66.423,1.34,55.931,47.127,14.844,15.328,28.1267,29.4119,35.8174,36.7225,59.812,47.646,34.8124,30.938,51.27,36.893
2026-02-16,2026,2,16,25,North Carolina,North Carolina,ACC,25.0,20-5,123.024,100.338,0.912325,68.0142,3.623,54.947,47.229,13.411,14.034,32.1137,28.062,38.3102,24.25,57.135,45.07,34.5143,34.0178,41.9137,36.481
2026-02-16,2026,2,16,26,Clemson,Clemson,ACC,26.0,20-6,115.377,94.212,0.910626,64.2327,2.927,53.487,46.822,14.95,17.7128,28.9237,25.212,37.2129,33.3124,54.966,47.542,34.2163,30.633,42.4125,41.7253
2026-02-16,2026,2,16,27,Iowa,Iowa,B10,25.0,18-7,122.828,100.439,0.910027,63.3352,2.134,57.514,51.016,15.057,21.313,31.1164,29.7132,36.6151,38.1259,59.115,52.7225,36.837,32.281,40.4163,38.2141
2026-02-16,2026,2,16,28,Utah St.,Utah St.,MWC,25.0,22-3,124.517,102.057,0.908428,68.0144,3.425,57.912,48.148,16.0117,20.816,35.544,31.9235,38.695,39.6288,60.95,47.542,35.682,32.6103,39.9173,41.3242
2026-02-16,2026,2,16,29,Villanova,Villanova,BE,25.0,20-5,121.035,99.433,0.905529,63.9332,3.721,54.36,50.5135,15.476,18.97,34.855,32.1255,32.8246,28.636,54.288,50.6129,36.258,33.5155,45.845,38.2141
2026-02-16,2026,2,16,30,N.C. State,N.C. State,ACC,26.0,18-8,122.827,101.148,0.90293,69.281,1.437,56.621,51.72,13.613,18.97,27.7278,29.0101,34.9192,37.0232,54.578,51.3161,39.46,34.722,44.384,45.033
2026-02-16,2026,2,16,31,BYU,BYU,B12,25.0,19-6,125.313,103.372,0.902131,70.05,4.119,55.734,49.8103,15.057,16.1229,34.855,28.375,36.0169,28.738,57.04,50.0108,35.871,33.0131,40.3164,39.0164
2026-02-16,2026,2,16,32,Texas A&M,Texas A&M,SEC,25.0,17-8,122.03,100.844,0.899332,71.223,0.847,55.341,50.614,15.057,18.97,33.099,31.9235,37.0135,35.2184,55.164,52.3214,37.034,32.175,47.826,41.9262
2026-02-16,2026,2,16,33,Saint Mary's,Saint Mary's,WCC,27.0,23-4,118.948,98.328,0.899333,65.4283,2.53,52.9107,46.114,16.415,15.4273,37.02,24.25,37.4127,25.812,50.6224,46.12,38.019,30.734,35.8254,36.998
2026-02-16,2026,2,16,34,Auburn,Auburn,SEC,25.0,14-11,125.97,104.487,0.895934,67.219,1.339,52.4134,53.0255,14.228,16.9169,38.48,31.7223,45.84,34.9174,54.383,52.7225,33.0232,35.6269,38.7201,40.6221
2026-02-16,2026,2,16,35,Santa Clara,Santa Clara,WCC,28.0,22-6,123.123,102.262,0.894435,69.764,1.536,55.045,51.318,16.2132,20.618,36.624,31.2196,26.7353,38.6265,57.829,52.9229,34.3153,32.596,44.384,36.893
2026-02-16,2026,2,16,36,San Diego St.,San Diego St.,MWC,24.0,18-6,112.0116,93.17,0.892936,68.5118,1.142,53.582,47.332,17.5223,21.71,29.5222,30.9183,37.1133,36.8228,53.5109,46.421,35.871,32.281,33.6307,48.7357
2026-02-16,2026,2,16,37,SMU,SMU,ACC,25.0,17-8,125.68,104.792,0.890237,68.8102,1.241,56.03,51.016,15.9109,17.4144,35.348,31.3199,32.5255,32.31,55.753,52.5219,37.823,32.8117,34.8283,46.4348
2026-02-16,2026,2,16,38,Ohio St.,Ohio St.,B10,25.0,16-9,123.322,103.575,0.881438,66.7215,0.845,55.538,49.589,15.476,16.0237,32.4121,31.3199,36.9139,34.4159,58.223,51.4164,34.3153,31.148,39.3185,40.7222
2026-02-16,2026,2,16,39,UCLA,UCLA,B10,25.0,17-8,120.244,100.945,0.881339,64.9304,1.338,53.487,49.8103,14.124,18.781,31.7147,31.8228,36.1166,36.5218,51.4192,53.5249,38.114,30.024,34.4288,44.2318
2026-02-16,2026,2,16,40,Kentucky,Kentucky,SEC,25.0,17-8,119.945,100.843,0.88074,67.9148,2.928,53.872,48.043,14.844,15.9243,33.974,29.5122,38.2107,35.7198,54.87,48.97,34.9117,31.148,39.2189,40.1189
2026-02-16,2026,2,16,41,Texas,Texas,SEC,25.0,16-9,125.69,105.7118,0.879241,67.0199,0.649,54.947,49.589,15.476,14.4324,37.713,27.446,46.93,41.832,57.135,48.154,34.117,34.8223,37.922,34.838
2026-02-16,2026,2,16,42,Cincinnati,Cincinnati,B12,26.0,14-12,109.7153,93.28,0.867442,67.915,-2.68,49.8243,47.638,17.4211,18.97,30.4189,26.835,30.7292,29.65,50.9212,47.542,32.2262,31.968,43.51,40.923
2026-02-16,2026,2,16,43,Miami FL,Miami FL,ACC,25.0,20-5,118.849,101.146,0.864343,68.8107,2.333,56.128,50.1117,16.1123,18.59,37.218,25.713,39.087,30.463,58.917,48.358,33.321,35.1238,31.8332,40.2194
2026-02-16,2026,2,16,44,New Mexico,New Mexico,MWC,25.0,19-6,116.666,99.432,0.862844,69.86,0.944,53.775,48.661,15.585,19.545,28.9237,28.271,36.0169,32.6108,53.6101,52.1205,35.871,29.919,42.7115,48.8358
2026-02-16,2026,2,16,45,Washington,Washington,B10,26.0,13-13,117.359,100.54,0.855445,66.8213,-2.174,51.1189,49.8103,15.9109,14.9304,35.249,28.271,31.3273,32.31,52.6143,50.6129,32.1268,32.494,33.6307,37.7124
2026-02-16,2026,2,16,46,Georgia,Georgia,SEC,25.0,17-8,120.442,103.474,0.852846,73.07,0.943,53.582,48.97,14.637,19.257,36.23,35.634,37.8116,29.752,58.026,48.765,31.7287,32.8117,43.1106,36.379
2026-02-16,2026,2,16,47,USC,USC,B10,25.0,18-7,114.093,98.831,0.837347,70.534,2.332,51.9152,48.352,17.5223,17.016,33.391,31.4209,47.71,34.5161,53.6101,51.1153,32.5251,29.612,33.8298,41.6249
2026-02-16,2026,2,16,48,Baylor,Baylor,B12,25.0,13-12,121.533,105.6116,0.834148,68.0145,-1.567,53.775,50.8151,16.5158,15.8246,37.315,32.5275,36.8146,30.057,54.288,50.5121,35.489,34.3192,39.9173,34.838
2026-02-16,2026,2,16,49,Missouri,Missouri,SEC,25.0,17-8,118.453,103.981,0.818149,66.4232,0.846,55.538,50.212,17.9248,16.3211,36.426,30.617,42.636,35.6195,57.433,46.929,34.9117,36.1303,36.5241,45.2335
2026-02-16,2026,2,16,50,Oklahoma,Oklahoma,SEC,25.0,13-12,122.826,108.1163,0.81185,66.5223,-2.376,54.85,51.72,14.33,15.328,33.68,31.8228,34.8195,33.6132,55.852,51.6177,35.78,34.5209,44.873,39.3172
2026-02-16,2026,2,16,51,TCU,TCU,B12,25.0,16-9,113.597,100.037,0.811451,67.5173,0.4752,51.7165,50.8151,15.9109,19.545,33.195,29.211,38.1109,30.874,52.3157,50.2112,33.819,34.4202,37.1234,37.5118
2026-02-16,2026,2,16,52,UCF,UCF,B12,24.0,17-7,120.837,106.5128,0.809952,68.91,2.135,53.775,52.9251,16.2132,16.2219,35.837,27.55,30.4301,34.2151,52.6143,54.328,37.132,33.9174,35.3267,40.4207
2026-02-16,2026,2,16,53,West Virginia,West Virginia,B12,25.0,16-9,110.6134,97.626,0.807753,62.636,-0.0356,51.7165,48.352,17.2196,17.911,30.8176,26.323,36.7149,26.818,52.3157,45.412,33.9187,35.3247,42.8113,39.3172
2026-02-16,2026,2,16,54,VCU,VCU,A10,26.0,20-6,118.65,104.997,0.804054,69.474,0.4553,54.656,48.661,15.8102,17.2152,33.778,29.9145,44.89,35.4189,54.674,47.949,36.451,33.3142,44.577,32.314
2026-02-16,2026,2,16,55,Boise St.,Boise St.,MWC,25.0,15-10,117.957,104.386,0.803955,66.0254,-2.173,52.2141,52.8247,16.6167,15.4273,31.3159,24.38,44.514,34.6163,51.9174,52.0198,35.0114,36.1303,42.7115,36.789
2026-02-16,2026,2,16,56,Grand Canyon,Grand Canyon,MWC,25.0,16-9,110.4135,97.727,0.803756,67.7162,-2.072,50.7205,47.638,17.623,17.8118,32.6114,26.323,38.89,37.5245,54.383,47.337,30.1335,32.175,38.8199,39.0164
2026-02-16,2026,2,16,57,Minnesota,Minnesota,B10,25.0,11-14,114.489,101.251,0.803057,63.0355,-4.2105,53.296,51.016,16.6167,17.4144,28.6248,29.814,40.263,30.565,56.05,50.9143,33.4207,34.1183,46.934,41.3242
2026-02-16,2026,2,16,58,Seton Hall,Seton Hall,BE,26.0,18-8,107.7187,95.415,0.800158,65.5279,0.551,48.1308,47.229,16.5158,22.29,35.935,31.3199,36.0169,41.832,48.5289,45.817,31.4296,32.711,26.7362,42.8289
2026-02-16,2026,2,16,59,Nevada,Nevada,MWC,25.0,17-8,118.055,104.689,0.799759,65.0302,-0.661,49.8243,50.5135,13.919,17.1156,32.5118,28.375,44.416,38.6265,46.4333,50.6129,38.019,33.7165,32.8322,43.4301
2026-02-16,2026,2,16,60,Virginia Tech,Virginia Tech,ACC,26.0,17-9,115.773,102.869,0.79406,67.4177,-0.0757,51.9152,50.8151,14.95,17.8118,31.5154,32.2262,36.1166,27.928,51.22,53.8265,35.396,30.836,39.3185,39.9182
2026-02-16,2026,2,16,61,Syracuse,Syracuse,ACC,26.0,15-11,115.675,103.171,0.789161,67.8159,-2.071,53.392,48.352,16.1123,18.491,30.0208,33.3301,38.0112,33.7137,55.361,48.05,33.321,32.596,36.2247,34.941
2026-02-16,2026,2,16,62,California,California,ACC,26.0,18-8,115.872,103.473,0.786862,67.2187,0.1054,53.392,49.384,15.164,15.8246,25.6332,31.0187,38.695,35.7198,50.5228,52.1205,38.114,30.125,42.5122,41.2239
2026-02-16,2026,2,16,63,Northwestern,Northwestern,B10,26.0,10-16,115.87,103.677,0.782063,65.9256,-4.7111,50.9195,49.911,12.84,16.7185,27.5285,34.5324,34.6198,35.8201,53.013,50.6129,31.1312,32.6103,34.329,39.9182
2026-02-16,2026,2,16,64,Providence,Providence,BE,26.0,11-15,122.925,110.1204,0.780964,71.816,-5.1122,54.85,51.6193,16.3139,13.1353,32.7107,31.119,37.8116,33.8141,56.346,49.28,35.2103,36.9329,41.1149,39.2168
2026-02-16,2026,2,16,65,Tulsa,Tulsa,Amer,26.0,20-6,121.732,109.1184,0.779965,67.8153,-1.364,56.917,50.0114,15.798,15.1289,32.2132,29.211,41.745,32.811,55.459,49.9102,39.28,33.5155,44.97,39.2168
2026-02-16,2026,2,16,66,Wake Forest,Wake Forest,ACC,25.0,13-12,115.674,103.678,0.778766,68.6115,-2.578,52.7119,52.1227,15.798,19.64,29.7214,32.929,34.8195,36.9229,54.093,54.5285,34.0181,32.9125,44.48,46.9352
2026-02-16,2026,2,16,67,LSU,LSU,SEC,25.0,14-11,118.551,106.3122,0.777667,66.2243,-2.275,53.0103,50.212,15.585,15.0297,33.587,31.6218,42.042,36.2208,55.753,48.358,32.1268,35.4256,35.4263,38.4148
2026-02-16,2026,2,16,68,South Florida,South Florida,Amer,26.0,18-8,117.062,105.01,0.775868,71.422,-1.768,51.4177,49.589,15.691,18.1104,37.614,31.9235,42.932,39.428,52.6143,47.439,33.321,35.3247,44.093,38.6151
2026-02-16,2026,2,16,69,Stanford,Stanford,ACC,26.0,16-10,114.587,102.866,0.775169,67.4179,-1.466,50.6207,51.4185,16.0117,18.876,32.4121,28.479,36.9139,40.9307,49.8253,52.0198,34.5143,33.415,44.577,32.716
2026-02-16,2026,2,16,70,Arizona St.,Arizona St.,B12,25.0,13-12,117.26,105.3109,0.77297,69.282,-1.969,51.5175,53.2264,16.0117,19.164,30.5186,34.232,40.755,35.4189,51.7183,53.5249,34.117,35.1238,38.6206,40.2194
2026-02-16,2026,2,16,71,Akron,Akron,MAC,25.0,20-5,118.452,106.613,0.769471,70.631,-1.263,58.49,51.1166,15.476,18.781,33.68,31.7223,29.4322,31.891,59.613,50.3116,38.019,34.9227,45.262,42.2272
2026-02-16,2026,2,16,72,Stephen F. Austin,Stephen F. Austin,Slnd,26.0,23-3,112.311,101.147,0.769172,65.9258,0.0455,52.0149,46.216,14.637,17.4144,34.758,28.996,30.3306,31.687,50.5228,47.439,36.258,29.48,40.1167,34.332
2026-02-16,2026,2,16,73,Belmont,Belmont,MVC,28.0,24-4,119.846,108.0161,0.768173,68.8103,0.65,61.11,48.97,18.7293,17.7128,29.1232,29.9145,34.1213,30.565,60.86,46.725,41.03,34.2187,44.577,49.236
2026-02-16,2026,2,16,74,Florida St.,Florida St.,ACC,25.0,12-13,114.882,103.676,0.766474,71.421,-3.49,50.5209,52.2229,15.476,19.545,31.5154,32.628,33.9219,33.7137,53.796,53.1238,31.7287,34.1183,50.811,44.0315
2026-02-16,2026,2,16,75,Georgetown,Georgetown,BE,25.0,13-12,114.98,103.982,0.761975,66.4228,-3.188,49.6252,49.8103,14.844,16.3211,32.4121,30.9183,39.868,35.6195,49.4265,49.28,33.321,33.7165,35.3267,41.7253
2026-02-16,2026,2,16,76,Butler,Butler,BE,26.0,13-13,116.269,105.1101,0.760676,68.4122,-3.595,51.1189,51.4185,16.0117,15.7252,35.447,30.617,42.241,25.49,51.4192,52.2209,33.6198,33.3142,36.3243,36.276
2026-02-16,2026,2,16,77,George Washington,George Washington,A10,26.0,15-11,118.056,107.0138,0.755077,69.472,-5.614,55.045,51.8209,17.8242,17.8118,36.426,29.0101,35.6176,33.0117,56.644,53.9269,35.586,32.711,46.637,42.7285
2026-02-16,2026,2,16,78,Oklahoma St.,Oklahoma St.,B12,25.0,16-9,115.871,105.2104,0.751478,72.211,-0.3459,53.0103,51.8209,16.415,16.9169,30.3193,30.3159,39.184,33.3124,53.6101,52.1205,34.7128,34.3192,35.8254,43.2297
2026-02-16,2026,2,16,79,Miami OH,Miami OH,MAC,25.0,25-0,117.958,107.4148,0.744079,70.149,2.531,60.03,50.5135,15.164,18.397,26.2321,27.96,39.378,32.4102,62.43,52.0198,38.019,32.071,44.48,38.1137
2026-02-16,2026,2,16,80,McNeese St.,McNeese,Slnd,26.0,21-5,114.981,104.996,0.74068,66.2246,-0.2358,51.9152,49.488,14.637,24.42,35.935,35.9346,38.4101,42.2323,53.6101,48.05,32.5251,33.9174,35.1271,47.0353
2026-02-16,2026,2,16,81,Creighton,Creighton,BE,26.0,13-13,116.765,106.5129,0.739981,66.622,-3.087,54.263,51.2171,16.6167,14.1335,28.8242,31.5214,26.8352,24.56,56.346,50.2112,34.7128,35.6269,49.019,32.112
2026-02-16,2026,2,16,82,Northern Iowa,Northern Iowa,MVC,27.0,17-10,106.422,97.223,0.739982,62.0364,-4.611,52.513,47.024,14.432,17.6132,21.6359,24.91,25.8361,30.669,54.482,50.4118,33.0232,28.02,39.8176,41.1235
2026-02-16,2026,2,16,83,Mississippi St.,Mississippi St.,SEC,25.0,12-13,111.812,102.261,0.737683,69.093,-3.492,50.8198,48.867,16.1123,12.9357,30.9172,29.3117,31.7264,31.586,53.2123,50.8138,31.3303,30.431,39.1192,38.2141
2026-02-16,2026,2,16,84,Oregon,Oregon,B10,25.0,9-16,114.488,105.2105,0.724884,65.7265,-5.6139,50.0233,51.8209,18.0256,15.7252,34.267,31.4209,36.4159,33.8141,50.5228,51.8189,32.9236,34.6214,44.19,40.3203
2026-02-16,2026,2,16,85,Notre Dame,Notre Dame,ACC,26.0,12-14,114.785,105.511,0.723785,65.428,-4.1104,52.7119,51.2171,17.1192,14.4324,32.1137,26.12,33.3232,33.5129,51.5189,53.1238,36.353,32.711,42.2131,47.0353
2026-02-16,2026,2,16,86,Xavier,Xavier,BE,25.0,13-12,114.686,105.5114,0.720686,70.436,-2.984,51.318,53.0255,14.022,16.6191,26.4313,29.1107,27.9339,33.2123,48.828,54.0273,36.647,34.1183,40.9154,35.044
2026-02-16,2026,2,16,87,Mississippi,Mississippi,SEC,25.0,11-14,112.9103,104.184,0.717787,65.3288,-4.1103,49.9238,50.3126,14.124,16.7185,29.6217,32.1255,33.2234,41.5315,49.526,50.2112,33.819,33.616,37.5229,43.4301
2026-02-16,2026,2,16,88,Liberty,Liberty,CUSA,25.0,22-3,118.154,109.0183,0.714288,63.9333,0.748,60.03,51.72,13.31,17.911,19.5365,31.9235,30.5299,25.611,60.77,49.9102,39.46,36.3312,46.735,38.8158
2026-02-16,2026,2,16,89,Utah Valley,Utah Valley,WAC,25.0,18-7,112.8104,104.285,0.713689,69.188,-2.982,55.833,49.589,21.1353,21.313,35.053,31.3199,36.2163,38.6265,58.422,48.561,34.0181,34.3192,33.9295,32.817
2026-02-16,2026,2,16,90,Colorado,Colorado,B12,26.0,14-12,116.468,107.6154,0.71189,68.2129,-2.679,53.0103,53.0255,14.228,15.7252,29.921,29.6126,35.9172,34.5161,53.2123,50.9143,35.0114,37.6351,34.5287,37.2106
2026-02-16,2026,2,16,91,Marquette,Marquette,BE,26.0,9-17,112.2112,103.983,0.707391,69.473,-7.2185,50.3218,51.72,15.9109,18.97,30.5186,34.3321,32.9243,32.095,51.818,51.5172,32.2262,34.722,41.6141,38.8158
2026-02-16,2026,2,16,92,Yale,Yale,Ivy,24.0,20-4,120.838,111.9249,0.706592,65.2294,-0.456,56.818,52.4231,14.022,16.1229,33.974,28.789,37.2129,29.347,53.3117,52.6222,42.01,34.722,35.9253,44.7325
2026-02-16,2026,2,16,93,Wichita St.,Wichita St.,Amer,26.0,16-10,110.713,102.665,0.705693,66.0253,-4.6109,49.6252,47.841,14.95,16.8178,38.21,29.4119,36.8146,34.6163,49.0274,49.073,33.819,30.431,34.7285,35.251
2026-02-16,2026,2,16,94,Memphis,Memphis,Amer,25.0,12-13,107.4195,99.734,0.701994,69.765,-5.4133,49.0277,48.043,19.8336,19.733,35.837,34.8329,34.3207,42.3325,49.7255,50.8138,31.9274,29.715,35.0274,44.6322
2026-02-16,2026,2,16,95,Davidson,Davidson,A10,25.0,15-10,112.6107,105.099,0.690095,63.5347,-4.3106,53.872,51.9218,16.3139,18.491,29.2228,32.2262,30.7292,36.2208,52.2161,53.5249,37.328,32.8117,43.4103,37.4112
2026-02-16,2026,2,16,96,Pacific,Pacific,WCC,28.0,17-11,111.0127,103.879,0.684796,64.7314,-4.9115,53.296,49.178,20.4345,15.5266,35.152,24.25,31.7264,36.6221,52.2161,48.255,36.741,33.5155,35.4263,42.3275
2026-02-16,2026,2,16,97,Hawaii,Hawaii,BW,24.0,18-6,106.7215,99.735,0.684197,69.569,-2.983,52.4134,45.38,19.5322,17.1156,32.313,25.814,42.44,35.3186,54.674,46.623,32.7247,28.02,39.9173,30.04
2026-02-16,2026,2,16,98,Dayton,Dayton,A10,25.0,16-9,108.7167,101.754,0.682598,68.1132,-2.681,51.4177,51.5192,17.5223,22.37,27.6282,30.7174,47.42,34.6163,52.8138,49.794,32.8245,36.0293,40.8155,41.8258
2026-02-16,2026,2,16,99,High Point,High Point,BSth,28.0,24-4,116.963,109.4194,0.681699,69.667,-1.97,55.341,51.9218,12.95,22.94,32.4121,30.8179,43.429,36.2208,57.829,53.3247,34.6134,33.3142,42.612,42.3275
2026-02-16,2026,2,16,100,Illinois St.,Illinois St.,MVC,27.0,17-10,108.9163,102.058,0.67991,67.2188,-5.3127,53.679,48.97,16.3139,16.6191,28.2264,24.89,31.926,34.1148,54.87,48.765,34.6134,32.9125,42.1132,34.23
2026-02-16,2026,2,16,101,DePaul,DePaul,BE,25.0,13-12,108.0175,101.249,0.6799101,66.4231,-3.9101,50.9195,49.384,17.8242,18.21,30.0208,31.119,36.6151,37.7251,51.7183,46.929,33.222,36.0293,39.4184,33.926
2026-02-16,2026,2,16,102,Colorado St.,Colorado St.,MWC,25.0,15-10,116.864,109.5196,0.6771102,62.2363,-3.799,58.11,53.427,18.7293,14.9304,31.0166,28.062,39.184,32.197,56.842,54.0273,39.65,35.1238,48.821,45.1333
2026-02-16,2026,2,16,103,South Carolina,South Carolina,SEC,25.0,11-14,111.8119,104.894,0.6768103,66.4229,-5.2126,50.8198,50.7148,14.33,14.8306,26.9298,31.5214,36.9139,34.8171,54.674,52.2209,30.6323,32.071,44.093,35.251
2026-02-16,2026,2,16,104,Kansas St.,Kansas St.,B12,25.0,10-15,112.7106,105.9119,0.6719104,71.915,-5.1125,53.487,51.8209,17.4211,17.315,31.2161,33.6308,26.036,36.3215,52.6143,52.3214,36.451,34.1183,42.612,38.0131
2026-02-16,2026,2,16,105,Wyoming,Wyoming,MWC,25.0,13-12,113.794,107.0137,0.6699105,66.4233,-5.1123,51.7165,51.9218,17.0184,16.8178,34.666,26.53,37.9114,49.6362,53.5109,53.7259,32.9236,32.6103,43.1106,37.4112
2026-02-16,2026,2,16,106,Utah,Utah,B12,25.0,9-16,115.179,108.417,0.6653106,67.3184,-6.6167,52.1146,52.9251,16.2132,13.9343,29.4225,32.3266,32.7251,30.565,51.6187,53.8265,35.396,34.0178,38.4208,33.621
2026-02-16,2026,2,16,107,Seattle,Seattle,WCC,27.0,16-11,101.5298,95.818,0.6621107,67.9149,-4.7112,49.5257,48.043,17.5223,20.816,24.9341,32.4271,33.0241,32.5105,49.4265,48.561,33.222,31.556,38.7201,37.4112
2026-02-16,2026,2,16,108,Florida Atlantic,Florida Atlantic,Amer,26.0,14-12,111.4122,105.3107,0.6581108,70.147,-6.617,52.7119,50.4131,17.8242,16.1229,32.7107,28.375,32.8246,36.4216,54.578,49.177,33.321,35.0232,40.0169,36.379
2026-02-16,2026,2,16,109,Hofstra,Hofstra,CAA,27.0,17-10,113.498,107.3142,0.6558109,65.329,-5.5135,51.1189,47.332,16.3139,15.0297,34.758,30.617,31.8262,36.9229,47.6312,45.19,37.229,33.616,42.4125,40.2194
2026-02-16,2026,2,16,110,Duquesne,Duquesne,A10,25.0,15-10,112.3109,106.4126,0.650611,70.144,-4.9114,54.36,51.6193,17.4211,17.911,29.6217,29.5122,39.087,40.6302,55.753,51.6177,35.0114,34.4202,45.165,40.0188
2026-02-16,2026,2,16,111,UC Irvine,UC Irvine,BW,26.0,17-9,104.0256,98.63,0.6486111,68.5117,-5.1124,49.1274,44.94,17.5223,18.686,30.2201,32.0247,36.2163,28.534,48.828,41.61,33.1229,33.8169,29.1355,36.893
2026-02-16,2026,2,16,112,Sam Houston St.,Sam Houston St.,CUSA,25.0,17-8,113.11,107.415,0.6446112,70.242,-3.596,52.9107,50.5135,17.2196,16.9169,34.855,31.6218,34.1213,38.3263,51.1204,52.5219,37.229,31.968,37.6227,41.9262
2026-02-16,2026,2,16,113,Illinois Chicago,Illinois Chicago,MVC,27.0,15-12,108.3169,102.868,0.6442113,66.3239,-6.9176,48.5293,49.799,17.8242,20.421,36.821,33.3301,37.2129,34.6163,49.8253,51.2157,30.6323,32.071,33.1314,46.2345
2026-02-16,2026,2,16,114,Pittsburgh,Pittsburgh,ACC,26.0,9-17,111.5121,106.112,0.6388114,63.8335,-7.1179,50.4214,53.1261,17.4211,16.4206,33.974,28.062,29.7318,33.0117,51.0208,53.1238,33.1229,35.4256,42.7115,40.2194
2026-02-16,2026,2,16,115,Murray St.,Murray St.,MVC,28.0,19-9,116.567,110.8217,0.6388115,71.717,-3.593,54.656,51.4185,16.8175,15.8246,33.778,31.3199,38.598,32.5105,56.644,50.5121,34.8124,35.9283,45.068,26.51
2026-02-16,2026,2,16,116,Cal Baptist,Cal Baptist,WAC,26.0,19-7,107.3196,102.26,0.6382116,65.5277,-2.577,47.8315,46.72,18.0256,16.3211,38.77,26.426,37.5124,36.5218,47.5314,47.439,32.3258,30.228,32.033,33.018
2026-02-16,2026,2,16,117,UNLV,UNLV,MWC,25.0,13-12,114.091,109.0181,0.6281117,70.145,-5.1121,52.2141,52.7243,17.4211,17.911,32.2132,31.5214,42.734,47.3355,53.4115,51.7182,33.4207,36.2307,35.626,37.2106
2026-02-16,2026,2,16,118,Wright St.,Wright St.,Horz,27.0,17-10,113.795,108.6175,0.6280118,66.4226,-6.4163,54.36,52.8247,16.2132,16.9169,33.195,29.7132,37.5124,33.1122,54.674,53.5249,35.871,34.3192,35.1271,34.129
2026-02-16,2026,2,16,119,St. Thomas,St. Thomas,Sum,28.0,21-7,114.784,109.8197,0.6237119,69.099,-3.697,59.75,51.72,13.919,17.8118,21.6359,28.062,35.2184,30.159,63.61,54.1276,36.741,32.281,46.042,40.5212
2026-02-16,2026,2,16,120,Washington St.,Washington St.,WCC,27.0,11-16,114.883,110.02,0.621212,67.5174,-8.5226,55.144,53.1261,18.9303,14.6317,29.7214,27.343,32.9243,34.2151,55.753,52.9229,36.353,35.6269,45.359,38.0131
2026-02-16,2026,2,16,121,Saint Joseph's,Saint Joseph's,A10,25.0,15-10,106.9208,102.464,0.6203121,67.7161,-5.0118,48.629,48.56,17.7236,15.626,32.4121,31.9235,30.6297,27.423,51.3198,48.05,30.3332,32.8117,45.65,38.5149
2026-02-16,2026,2,16,122,North Dakota St.,North Dakota St.,Sum,27.0,21-6,113.299,108.5172,0.6189122,65.9257,-3.289,53.296,52.9251,16.0117,19.448,34.758,28.062,30.829,29.347,53.3117,52.8228,35.489,35.3247,42.1132,41.6249
2026-02-16,2026,2,16,123,Penn St.,Penn St.,B10,26.0,11-15,115.676,110.9218,0.6179123,67.3182,-5.012,52.9107,58.0362,14.534,18.491,27.429,31.8228,32.7251,27.121,55.361,57.9347,32.625,38.736,38.1216,43.7308
2026-02-16,2026,2,16,124,UC Santa Barbara,UC Santa Barbara,BW,26.0,17-9,117.061,112.3255,0.6159124,63.9334,-5.3129,56.128,54.731,18.2266,18.21,32.5118,26.12,36.7149,42.5326,54.772,54.5285,38.611,36.7323,43.4103,38.0131
2026-02-16,2026,2,16,125,San Francisco,San Francisco,WCC,28.0,15-13,113.696,109.4191,0.6078125,65.3285,-5.6138,51.2186,50.3126,15.798,13.5347,31.8145,28.271,40.361,30.977,50.7219,49.794,34.5143,34.3192,45.746,35.967
2026-02-16,2026,2,16,126,George Mason,George Mason,A10,26.0,21-5,109.7154,105.6117,0.6073126,64.2328,-0.962,53.11,49.075,15.9109,16.5199,31.2161,28.375,45.27,28.839,54.966,49.689,33.1229,32.281,34.6286,44.2318
2026-02-16,2026,2,16,127,Maryland,Maryland,B10,25.0,10-15,111.3124,107.3143,0.6033127,66.821,-3.91,48.1308,55.1323,18.4277,16.1229,33.391,31.2196,39.77,35.4189,48.4291,54.4282,31.8279,37.3343,45.943,42.9292
2026-02-16,2026,2,16,128,Fresno St.,Fresno St.,MWC,25.0,12-13,105.4234,101.956,0.5966128,68.6114,-6.5166,50.5209,50.9156,18.83,19.64,28.4254,29.9145,36.6151,30.874,52.4151,55.8319,32.0272,29.612,42.3129,43.5305
2026-02-16,2026,2,16,129,UT Rio Grande Valley,UT Rio Grande Valley,Slnd,26.0,14-12,108.9164,105.3108,0.5952129,66.9207,-7.2184,53.97,48.352,18.5284,17.016,29.1232,32.0247,28.3334,38.2261,53.994,49.689,36.065,30.938,42.7115,40.1189
2026-02-16,2026,2,16,130,UC San Diego,UC San Diego,BW,27.0,18-9,106.2226,102.867,0.591813,67.8156,-5.0119,52.8114,48.043,16.6167,16.6191,26.3317,27.652,31.3273,31.081,54.966,47.748,33.4207,32.39,42.9111,42.7285
2026-02-16,2026,2,16,131,UNC Wilmington,UNC Wilmington,CAA,26.0,22-4,110.6131,107.3146,0.5864131,64.3325,-1.465,51.1189,47.436,14.95,15.0297,34.758,27.039,43.625,29.853,50.1244,49.8101,35.2103,29.48,38.3212,43.1294
2026-02-16,2026,2,16,132,Montana St.,Montana St.,BSky,26.0,15-11,110.114,106.9135,0.5854132,65.6269,-6.2158,52.513,51.4185,14.95,16.2219,27.7278,28.996,31.2277,30.669,52.3157,51.4164,35.2103,34.2187,44.19,34.941
2026-02-16,2026,2,16,133,Austin Peay,Austin Peay,ASun,25.0,19-6,109.216,106.4123,0.5737133,68.7111,-3.085,53.487,51.2171,15.585,19.067,29.1232,29.6126,36.5155,31.891,52.9134,53.0236,36.065,32.596,39.1192,41.1235
2026-02-16,2026,2,16,134,Troy,Troy,SB,27.0,17-10,112.1114,109.4192,0.5715134,65.627,-5.6137,51.9152,50.9156,16.7173,17.514,33.587,31.8228,34.9192,32.811,52.2161,51.7182,34.3153,33.2139,45.262,37.612
2026-02-16,2026,2,16,135,Southern Illinois,Southern Illinois,MVC,27.0,12-15,102.9275,100.54,0.5671135,69.377,-9.3239,49.6252,49.384,17.2196,18.397,30.1203,27.858,33.9219,32.811,52.9134,51.3161,27.6364,30.938,28.236,40.923
2026-02-16,2026,2,16,136,William & Mary,William & Mary,CAA,26.0,16-10,110.9128,108.4171,0.5646136,72.88,-5.8144,54.656,51.2171,17.1192,19.067,26.9298,31.4209,39.868,35.0176,57.632,53.5249,33.9187,32.281,43.51,44.7325
2026-02-16,2026,2,16,137,Bowling Green,Bowling Green,MAC,26.0,16-10,106.2225,103.98,0.5639137,67.9152,-6.7173,52.2141,50.5135,17.2196,19.448,29.2228,27.652,35.7175,36.0204,52.6143,51.7182,34.3153,32.6103,34.0294,42.528
2026-02-16,2026,2,16,138,UAB,UAB,Amer,26.0,16-10,107.5194,105.2106,0.5621138,69.379,-5.4134,47.732,49.8103,12.61,16.6191,33.49,26.937,36.9139,29.246,50.2242,50.2112,28.036,32.9125,30.8345,40.3203
2026-02-16,2026,2,16,139,Bradley,Bradley,MVC,27.0,18-9,109.8152,107.5151,0.5604139,67.617,-4.4107,50.8198,51.9218,13.714,19.733,26.9298,28.789,35.1185,36.6221,48.2299,51.5172,36.353,35.0232,41.2148,40.923
2026-02-16,2026,2,16,140,Northern Colorado,Northern Colorado,BSky,27.0,17-10,112.3111,110.1203,0.557114,68.3128,-6.0148,55.931,50.212,16.1123,12.4362,28.027,24.14,27.2345,39.1273,58.124,51.9195,35.396,31.451,42.5122,35.044
2026-02-16,2026,2,16,141,Rhode Island,Rhode Island,A10,25.0,14-11,106.7211,104.79,0.5560141,65.5275,-6.2154,51.7165,51.6193,18.9303,21.512,32.2132,31.119,40.755,42.2323,55.361,49.9102,31.231,35.9283,42.9111,42.0267
2026-02-16,2026,2,16,142,Cal St. Northridge,CSUN,BW,26.0,16-10,110.2138,108.3169,0.5493142,73.34,-5.7142,52.513,51.72,18.0256,16.3211,31.615,26.222,35.9172,35.1182,52.6143,51.8189,34.8124,34.4202,34.2292,49.0359
2026-02-16,2026,2,16,143,Boston College,Boston College,ACC,25.0,9-16,102.9273,101.253,0.5473143,65.8262,-8.9232,47.1329,48.251,15.691,15.328,28.1267,28.585,32.9243,33.6132,49.1272,49.28,29.7339,31.044,41.9137,37.311
2026-02-16,2026,2,16,144,Arkansas St.,Arkansas St.,SB,27.0,16-11,110.6132,108.8179,0.5465144,71.618,-6.6168,51.318,50.7148,19.934,15.2287,38.39,26.835,37.1133,38.0258,52.9134,51.7182,32.9236,32.8117,45.165,39.1167
2026-02-16,2026,2,16,145,Rutgers,Rutgers,B10,25.0,10-15,110.0143,108.3167,0.5456145,65.6272,-4.9116,46.7335,52.4231,15.8102,16.4206,32.4121,33.9314,37.4127,30.261,46.0341,50.5121,32.0272,36.9329,35.7258,38.9161
2026-02-16,2026,2,16,146,North Texas,North Texas,Amer,26.0,15-11,101.33,100.036,0.5393146,64.9309,-5.9146,45.9346,47.841,17.9248,22.37,34.267,34.0316,39.475,45.1345,47.8307,49.487,28.036,30.125,32.7323,37.4112
2026-02-16,2026,2,16,147,Montana,Montana,BSky,26.0,14-12,107.6192,106.2121,0.5380147,69.285,-7.4191,56.325,51.1166,20.0341,15.0297,22.5351,29.7132,36.3161,32.9114,56.941,51.7182,37.034,33.415,41.0151,37.8125
2026-02-16,2026,2,16,148,Portland St.,Portland St.,BSky,24.0,17-7,103.6262,102.363,0.5355148,67.2189,-3.594,51.816,47.332,18.2266,17.6132,30.8176,27.446,37.5124,45.7348,52.6143,48.664,33.5203,30.228,33.7306,38.9161
2026-02-16,2026,2,16,149,Loyola Marymount,Loyola Marymount,WCC,28.0,13-15,106.3223,105.098,0.5348149,67.6166,-8.6228,51.9152,48.661,17.9248,16.5199,26.9298,32.4271,30.9288,32.811,51.9174,47.232,34.7128,34.0178,41.714,35.659
2026-02-16,2026,2,16,150,Merrimack,Merrimack,MAAC,27.0,18-9,106.3221,105.1103,0.531615,63.7337,-4.8113,49.426,46.011,15.691,19.83,24.6345,40.9365,39.672,38.6265,50.3233,47.232,32.3258,29.06,45.554,31.411
2026-02-16,2026,2,16,151,Temple,Temple,Amer,25.0,15-10,111.1126,109.9198,0.5305151,65.1299,-6.1153,50.1227,50.1117,14.124,15.626,30.6183,31.119,42.833,34.8171,49.526,51.4164,34.117,31.968,37.1234,36.481
2026-02-16,2026,2,16,152,Middle Tennessee,Middle Tennessee,CUSA,25.0,12-13,109.9148,108.918,0.5257152,64.9308,-8.0208,51.6171,51.2171,17.2196,14.7311,30.2201,28.271,31.2277,37.7251,51.9174,51.0151,34.2163,34.3192,45.746,36.071
2026-02-16,2026,2,16,153,Kent St.,Kent St.,MAC,26.0,19-7,109.9147,109.0182,0.5252153,70.927,-3.086,51.9152,51.9218,19.031,16.0237,36.328,29.5122,44.119,37.2238,52.1167,51.6177,34.5143,34.9227,44.48,41.9262
2026-02-16,2026,2,16,154,Cornell,Cornell,Ivy,23.0,12-11,120.441,119.5343,0.5219154,72.112,-7.1182,58.78,56.3349,16.3139,15.4273,30.1203,30.2157,31.5268,39.0271,59.115,55.7317,38.81,38.2356,50.613,38.0131
2026-02-16,2026,2,16,155,Georgia Tech,Georgia Tech,ACC,26.0,11-15,107.9177,107.1141,0.5208155,70.632,-7.5193,50.6207,49.28,18.3271,15.4273,30.4189,29.9145,33.423,34.3157,48.4291,49.073,36.741,33.0131,31.9331,44.0315
2026-02-16,2026,2,16,156,Richmond,Richmond,A10,26.0,14-12,110.6132,109.9199,0.5177156,67.5175,-7.118,52.8114,51.318,15.057,17.4144,26.5309,31.119,37.6121,33.9145,50.3233,53.2245,37.626,32.6103,41.4144,45.3338
2026-02-16,2026,2,16,157,Valparaiso,Valparaiso,MVC,27.0,14-13,107.0206,106.5127,0.5135157,64.9305,-7.4188,47.0332,50.1117,15.9109,16.8178,32.8104,30.4163,37.7119,35.9203,46.0341,51.9195,32.5251,31.451,36.3243,37.2106
2026-02-16,2026,2,16,158,Winthrop,Winthrop,BSth,27.0,19-8,112.0115,111.6238,0.5116158,69.096,-3.798,51.1189,51.6193,14.637,17.2152,34.071,29.0101,43.625,38.2261,50.7219,53.1238,34.3153,33.1136,45.359,42.528
2026-02-16,2026,2,16,159,Oakland,Oakland,Horz,27.0,14-13,114.39,114.1282,0.5051159,70.435,-5.8145,52.4134,54.731,14.743,15.1289,30.8176,34.9331,39.77,23.54,52.9134,57.5342,34.3153,33.8169,33.531,41.9262
2026-02-16,2026,2,16,160,Idaho,Idaho,BSky,26.0,14-12,108.4168,108.3166,0.505016,67.6167,-8.2213,52.2141,51.4185,15.372,15.626,27.5285,25.814,35.1185,39.6288,52.714,50.5121,34.5143,35.4256,48.622,35.864
2026-02-16,2026,2,16,161,UC Davis,UC Davis,BW,26.0,16-10,107.0204,106.9133,0.5047161,68.8106,-5.7141,52.513,51.9218,18.4277,19.733,26.8305,30.617,39.28,37.8253,51.9174,52.2209,35.682,34.3192,42.7115,38.3146
2026-02-16,2026,2,16,162,New Mexico St.,New Mexico St.,CUSA,25.0,12-13,111.3123,111.3231,0.4995162,66.4227,-9.4241,50.0233,48.867,15.476,14.8306,32.9102,30.0151,33.7225,44.1337,49.1272,48.765,34.3153,32.6103,40.0169,42.1271
2026-02-16,2026,2,16,163,Massachusetts,Massachusetts,MAC,26.0,15-11,110.0141,110.0202,0.4994163,70.73,-7.7202,53.392,52.7243,18.0256,17.8118,32.8104,26.632,38.1109,45.835,52.6143,55.4308,36.353,32.711,35.4263,42.528
2026-02-16,2026,2,16,164,Harvard,Harvard,Ivy,24.0,14-10,107.8181,107.9159,0.4990164,62.9357,-6.3161,54.066,51.318,17.0184,17.4144,26.2321,29.211,26.9351,29.043,53.5109,52.2209,36.548,33.3142,38.5207,40.5212
2026-02-16,2026,2,16,165,East Tennessee St.,East Tennessee St.,SC,27.0,19-8,108.217,108.3168,0.4986165,66.1251,-5.3128,54.754,50.614,14.95,19.354,28.5251,26.632,35.4181,35.2184,56.743,51.5172,34.2163,33.0131,37.8224,47.6356
2026-02-16,2026,2,16,166,Utah Tech,Utah Tech,WAC,27.0,16-11,110.1139,110.3207,0.4959166,66.3236,-5.4132,52.7119,50.3126,17.623,17.514,29.1232,34.7328,29.1326,33.8141,53.2123,53.5249,34.7128,29.51,37.5229,34.636
2026-02-16,2026,2,16,167,Toledo,Toledo,MAC,26.0,13-13,112.2113,112.4259,0.4952167,68.2131,-8.422,52.9107,54.8312,15.372,18.491,30.1203,35.3335,33.3232,27.423,52.3157,55.6312,36.163,35.7276,32.9318,40.1189
2026-02-16,2026,2,16,168,Central Arkansas,Central Arkansas,ASun,27.0,17-10,107.9179,108.1164,0.4930168,68.1133,-5.313,53.296,54.53,15.691,19.164,28.5251,26.937,30.9288,30.565,54.578,56.633,34.6134,35.1238,48.92,52.4363
2026-02-16,2026,2,16,169,Appalachian St.,Appalachian St.,SB,28.0,18-10,104.4252,104.791,0.4911169,62.6362,-6.6169,49.725,46.418,15.269,14.1335,31.0166,28.996,36.1166,30.977,52.714,45.918,30.832,31.451,45.65,42.528
2026-02-16,2026,2,16,170,Oregon St.,Oregon St.,WCC,28.0,14-14,108.7166,109.1188,0.489817,64.831,-7.4189,50.2221,49.911,17.7236,15.5266,25.6332,32.628,43.822,36.1205,48.2299,51.1153,35.2103,32.175,44.48,40.4207
2026-02-16,2026,2,16,171,Penn,Penn,Ivy,23.0,13-10,107.22,107.6156,0.4882171,68.8104,-6.2156,50.4214,52.4231,15.691,16.9169,31.0166,31.0187,37.2129,28.332,47.0323,54.7293,37.725,32.596,34.9279,38.7155
2026-02-16,2026,2,16,172,Navy,Navy,Pat,27.0,21-6,104.5248,105.1102,0.4840172,65.4281,-3.491,52.7119,48.148,17.2196,18.0106,30.718,26.323,39.087,26.615,53.013,51.1153,34.8124,29.612,32.5325,45.033
2026-02-16,2026,2,16,173,Portland,Portland,WCC,27.0,12-15,106.2224,106.9136,0.4830173,68.512,-8.4224,50.8198,52.7243,19.5322,17.8118,28.5251,32.5275,34.4204,34.1148,54.383,51.8189,29.6341,35.9283,35.8254,45.4339
2026-02-16,2026,2,16,174,Texas A&M Corpus Chris,Texas A&M Corpus Chris,Slnd,26.0,14-12,102.3285,103.07,0.4799174,66.3234,-7.1181,47.6323,50.4131,18.4277,20.124,30.718,28.996,45.36,47.6358,46.8329,52.0198,32.9236,31.759,29.9351,35.148
2026-02-16,2026,2,16,175,St. Bonaventure,St. Bonaventure,A10,25.0,14-11,112.8105,113.7275,0.4772175,66.6221,-6.2155,52.8114,53.9282,17.1192,17.8118,34.758,29.814,29.7318,33.7137,51.818,53.8265,36.741,36.0293,31.0342,39.9182
2026-02-16,2026,2,16,176,Fordham,Fordham,A10,26.0,14-12,103.5264,104.588,0.4741176,63.6344,-7.9205,48.8282,49.694,17.2196,16.5199,35.643,26.426,23.8364,28.942,52.4151,48.255,28.5355,34.5209,37.922,40.4207
2026-02-16,2026,2,16,177,FIU,FIU,CUSA,25.0,12-13,107.7188,108.6176,0.4741177,72.014,-8.7229,50.5209,52.1227,17.2196,19.926,33.099,35.4337,39.184,34.2151,49.526,52.3214,34.9117,34.6214,33.8298,46.1343
2026-02-16,2026,2,16,178,Tulane,Tulane,Amer,25.0,15-10,106.7213,107.7157,0.4734178,66.6217,-6.0152,49.8243,49.911,15.691,17.6132,22.0353,35.634,45.08,37.5245,51.4192,49.9102,31.9274,33.3142,44.093,40.2194
2026-02-16,2026,2,16,179,Missouri St.,Missouri St.,CUSA,25.0,13-12,108.0176,109.1187,0.4700179,65.5278,-8.5225,49.9238,51.8209,17.4211,18.0106,32.7107,32.3266,44.119,39.5285,51.5189,52.0198,31.8279,34.2187,41.6141,36.481
2026-02-16,2026,2,16,180,Kennesaw St.,Kennesaw St.,CUSA,25.0,14-11,109.7156,110.922,0.468118,71.52,-7.419,50.1227,49.178,16.9181,15.7252,36.23,30.7174,43.822,47.5356,50.7219,46.826,32.9236,35.1238,43.897,37.8125
2026-02-16,2026,2,16,181,Robert Morris,Robert Morris,Horz,28.0,18-10,110.2137,111.5235,0.4680181,64.7313,-6.5165,54.947,50.8151,18.6292,15.7252,37.812,28.687,27.6343,43.1331,53.3117,50.9143,38.114,33.8169,41.0151,36.173
2026-02-16,2026,2,16,182,Eastern Washington,Eastern Washington,BSky,26.0,9-17,111.2125,112.626,0.4651182,67.9147,-11.228,52.6128,55.4333,18.1264,16.6191,30.9172,32.0247,34.221,38.1259,51.9174,56.8333,36.065,35.6269,34.9279,39.6178
2026-02-16,2026,2,16,183,Mercer,Mercer,SC,27.0,17-10,109.9145,111.3232,0.4640183,69.376,-5.7143,51.9152,52.4231,15.476,17.514,33.587,32.0247,37.6121,29.043,52.1167,50.7133,34.4151,36.3312,40.0169,43.4301
2026-02-16,2026,2,16,184,Marist,Marist,MAAC,26.0,16-10,99.9322,101.252,0.4627184,66.1248,-7.5194,49.725,45.51,16.9181,19.733,28.326,27.446,26.7353,37.6247,51.1204,47.542,31.4296,28.02,34.9279,36.998
2026-02-16,2026,2,16,185,UT Arlington,UT Arlington,WAC,25.0,14-11,103.2269,104.893,0.4568185,65.2291,-6.4164,48.8282,48.148,21.0352,18.21,34.758,29.814,42.538,43.033,50.3233,50.9143,30.4328,28.02,31.8332,31.19
2026-02-16,2026,2,16,186,Youngstown St.,Youngstown St.,Horz,27.0,13-14,107.7186,109.319,0.4568186,66.9206,-10.5263,54.263,52.0224,19.3318,18.0106,32.1137,31.119,30.6297,38.6265,57.334,51.4164,34.0181,35.6269,50.516,32.213
2026-02-16,2026,2,16,187,South Alabama,South Alabama,SB,26.0,19-7,105.6232,107.3145,0.4549187,65.0301,-4.0102,52.0149,49.28,13.17,18.97,24.9341,32.3266,40.361,23.13,52.4151,50.9143,34.117,32.281,35.5262,64.2365
2026-02-16,2026,2,16,188,Charlotte,Charlotte,Amer,25.0,13-12,112.4108,114.2286,0.4547188,63.4349,-7.72,53.679,51.4185,18.5284,14.2331,35.053,32.0247,38.3102,39.5285,53.013,51.6177,36.258,34.0178,43.996,39.6178
2026-02-16,2026,2,16,189,Furman,Furman,SC,27.0,17-10,105.823,107.5153,0.4522189,66.1252,-7.3186,54.85,49.075,18.5284,13.7345,30.8176,28.479,30.7292,27.826,60.19,49.689,32.7247,32.175,47.925,41.7253
2026-02-16,2026,2,16,190,Green Bay,Green Bay,Horz,28.0,15-13,113.0102,114.9295,0.452119,62.9359,-8.4222,54.85,54.8312,16.5158,13.4349,25.9327,29.211,43.23,39.428,54.966,54.1276,36.548,37.1334,38.4208,44.7325
2026-02-16,2026,2,16,191,Jacksonville St.,Jacksonville St.,CUSA,25.0,13-12,105.7231,107.8158,0.4446191,64.4321,-9.0234,49.426,48.764,17.623,16.2219,30.3193,29.211,44.611,37.2238,47.9305,48.97,34.6134,32.39,39.2189,43.7308
2026-02-16,2026,2,16,192,Tarleton St.,Tarleton St.,WAC,25.0,12-13,103.3268,105.5115,0.4380192,70.338,-8.2211,48.629,54.9317,20.6347,24.71,31.1164,34.8329,41.25,45.7348,48.9278,55.7317,31.9274,35.9283,24.9364,41.5245
2026-02-16,2026,2,16,193,Charleston,Charleston,CAA,27.0,17-10,105.3238,107.6155,0.4378193,67.9151,-6.0149,50.5209,48.867,16.415,14.1335,29.921,31.8228,41.844,26.615,53.796,49.794,30.3332,31.864,38.7201,43.5305
2026-02-16,2026,2,16,194,Western Kentucky,Western Kentucky,CUSA,25.0,14-11,104.3253,106.6131,0.4378194,69.475,-6.9175,45.4353,50.4131,14.844,17.911,33.293,30.5166,38.1109,44.7342,44.0357,48.97,31.7287,35.0232,40.1167,42.8289
2026-02-16,2026,2,16,195,Marshall,Marshall,SB,26.0,16-10,109.815,112.4257,0.4348195,69.284,-6.216,54.066,49.589,17.3207,16.9169,32.7107,32.8286,29.8317,40.7305,53.2123,49.177,36.741,33.415,44.384,40.2194
2026-02-16,2026,2,16,196,Towson,Towson,CAA,27.0,14-13,102.4283,104.895,0.4322196,63.734,-7.9203,46.3338,49.911,16.7173,15.7252,36.23,27.858,30.4301,30.463,48.7282,51.6177,28.1359,31.759,36.0251,42.2272
2026-02-16,2026,2,16,197,Quinnipiac,Quinnipiac,MAAC,28.0,18-10,103.0271,105.5111,0.4321197,70.052,-6.0151,48.5293,48.764,16.3139,17.911,33.877,31.9235,32.1257,30.977,46.9326,46.421,34.5143,35.2244,33.4311,35.967
2026-02-16,2026,2,16,198,Siena,Siena,MAAC,27.0,18-9,107.6191,110.2206,0.4314198,64.7316,-6.4162,51.5175,49.8103,16.0117,17.8118,32.2132,28.894,32.1257,28.332,54.288,50.0108,30.4328,32.9125,31.8332,39.9182
2026-02-16,2026,2,16,199,Columbia,Columbia,Ivy,24.0,15-9,109.0161,111.7241,0.4314199,66.6218,-5.3131,54.754,51.1166,19.6329,14.3328,36.23,28.062,30.829,33.0117,54.191,49.386,37.034,36.2307,37.922,35.354
2026-02-16,2026,2,16,200,Cal St. Fullerton,Cal St. Fullerton,BW,27.0,13-14,105.9229,108.5173,0.43072,73.35,-8.4223,50.5209,55.4333,15.476,19.733,25.1339,28.996,38.695,35.0176,50.9212,57.5342,33.222,35.3247,41.0151,46.2345
2026-02-16,2026,2,16,201,Northern Kentucky,Northern Kentucky,Horz,27.0,16-11,107.5193,110.3209,0.4263201,69.378,-7.6199,52.9107,54.53,16.5158,19.354,31.9141,33.23,35.3182,37.324,55.753,53.7259,32.9236,37.2339,45.165,38.0131
2026-02-16,2026,2,16,202,Campbell,Campbell,CAA,26.0,12-14,109.9146,112.9263,0.4250202,70.054,-8.121,49.8243,55.834,18.0256,17.514,33.195,31.3199,43.724,36.6221,51.4192,55.6312,31.4296,37.4346,37.6227,28.93
2026-02-16,2026,2,16,203,Monmouth,Monmouth,CAA,26.0,14-12,104.6247,107.4149,0.4240203,66.7216,-8.4218,48.7287,50.212,16.5158,20.124,31.8145,33.4303,33.9219,31.994,47.0323,49.28,34.7128,34.5209,33.1314,38.9161
2026-02-16,2026,2,16,204,San Diego,San Diego,WCC,28.0,11-17,108.2172,111.3229,0.4213204,69.095,-10.4259,50.9195,54.6306,17.4211,19.64,28.4254,36.0348,26.6355,39.5285,51.1204,58.5354,33.819,32.711,43.1106,40.7222
2026-02-16,2026,2,16,205,Queens,Queens,ASun,27.0,15-12,114.092,117.3324,0.4179205,69.28,-6.7172,56.423,55.0322,15.269,15.1289,31.615,32.8286,34.221,40.2298,59.314,54.6289,35.586,37.1334,47.132,40.2194
2026-02-16,2026,2,16,206,New Orleans,New Orleans,Slnd,26.0,11-15,109.8151,113.1267,0.4162206,69.859,-8.5227,50.2221,49.694,20.9351,14.7311,34.758,34.6327,45.55,40.1296,50.3233,49.794,33.321,33.0131,33.9295,40.4207
2026-02-16,2026,2,16,207,Indiana St.,Indiana St.,MVC,27.0,10-17,107.1203,110.4212,0.4135207,68.1136,-12.2303,52.9107,50.3126,18.7293,15.0297,25.8329,32.5275,29.4322,28.839,58.026,51.5172,31.1312,31.864,45.068,33.621
2026-02-16,2026,2,16,208,Buffalo,Buffalo,MAC,25.0,15-10,112.0117,115.4302,0.4128208,66.3235,-7.0178,55.635,54.0286,16.3139,17.6132,28.027,31.0187,40.953,30.977,54.383,56.5328,38.213,33.8169,45.746,42.9292
2026-02-16,2026,2,16,209,Weber St.,Weber St.,BSky,27.0,13-14,110.0144,113.5273,0.4096209,68.5116,-9.5245,51.318,54.53,15.8102,16.8178,31.9141,27.96,40.854,37.4243,50.9212,57.234,34.9117,33.5155,33.1314,39.0164
2026-02-16,2026,2,16,210,Drexel,Drexel,CAA,26.0,13-13,102.8276,106.4124,0.403721,64.1331,-10.025,50.8198,47.537,18.7293,16.8178,31.0166,31.2196,30.0313,37.1236,49.4265,48.05,35.396,31.044,40.3164,34.23
2026-02-16,2026,2,16,211,La Salle,La Salle,A10,25.0,7-18,104.4251,108.2165,0.4000211,64.7315,-11.4284,45.4353,54.6306,18.5284,17.1156,33.293,31.8228,36.3161,30.362,46.0341,54.1276,29.3348,36.8327,30.5348,43.1294
2026-02-16,2026,2,16,212,Lipscomb,Lipscomb,ASun,27.0,16-11,106.7212,110.6216,0.3977212,70.051,-6.2159,53.872,53.3266,16.3139,18.21,26.3317,29.9145,27.0347,30.772,53.5109,54.0273,36.163,34.9227,46.735,40.7222
2026-02-16,2026,2,16,213,Stony Brook,Stony Brook,CAA,26.0,15-11,104.7245,108.6174,0.3976213,65.3286,-7.6195,50.4214,49.694,17.0184,16.5199,28.4254,31.9235,28.9329,33.6132,48.3294,48.255,35.396,34.6214,45.65,39.2168
2026-02-16,2026,2,16,214,South Dakota St.,South Dakota St.,Sum,27.0,12-15,107.1201,111.1226,0.3966214,67.3183,-10.526,52.3139,51.318,16.1123,15.5266,29.3227,27.241,30.3306,33.3124,53.5109,52.1205,33.5203,33.616,38.7201,47.2355
2026-02-16,2026,2,16,215,Detroit Mercy,Detroit Mercy,Horz,25.0,12-13,108.2171,112.3254,0.3955215,69.19,-8.823,48.9281,52.624,16.415,14.034,34.17,30.7174,31.3273,38.4264,47.5314,54.7293,34.6134,33.2139,31.7335,43.8312
2026-02-16,2026,2,16,216,Colgate,Colgate,Pat,27.0,16-11,107.619,111.8246,0.3921216,66.9209,-6.7171,53.582,51.2171,15.269,16.2219,27.2295,29.6126,29.4322,34.7169,53.5109,52.2209,35.871,33.1136,34.2292,41.2239
2026-02-16,2026,2,16,217,Elon,Elon,CAA,27.0,14-13,111.9118,116.4311,0.3890217,66.9204,-9.0235,53.679,53.7275,15.585,16.2219,32.7107,33.4303,34.0216,35.1182,54.383,52.7225,35.111,36.7323,43.011,45.2335
2026-02-16,2026,2,16,218,Lamar,Lamar,Slnd,26.0,12-14,106.1228,110.5214,0.3859218,65.1298,-9.7248,48.7287,51.2171,17.8242,17.016,35.544,28.687,28.7331,45.4347,47.1322,49.177,34.6134,36.5318,33.8298,36.789
2026-02-16,2026,2,16,219,Denver,Denver,Sum,28.0,13-15,115.178,119.9346,0.3855219,68.1134,-9.4243,53.775,55.6335,14.637,12.636,30.3193,33.1296,32.6254,34.4159,52.8138,56.1323,36.837,36.632,38.4208,37.0101
2026-02-16,2026,2,16,220,Bethune Cookman,Bethune Cookman,SWAC,25.0,13-12,102.5281,106.8132,0.383322,68.3127,-5.9147,50.1227,49.8103,19.1314,16.0237,29.6217,31.3199,39.574,39.3279,49.9247,50.9143,33.6198,31.864,31.134,33.52
2026-02-16,2026,2,16,221,Rice,Rice,Amer,26.0,11-15,109.6158,114.2287,0.3831221,65.3288,-10.4258,48.33,51.6193,17.8242,16.1229,35.837,35.1332,34.9192,40.2298,45.635,51.2157,34.6134,34.9227,42.4125,34.433
2026-02-16,2026,2,16,222,Eastern Michigan,Eastern Michigan,MAC,26.0,9-17,103.6263,108.0162,0.3817222,65.826,-11.6287,50.0233,50.3126,17.2196,16.2219,28.326,29.7132,28.9329,35.3186,49.9247,50.1111,33.321,33.8169,32.5325,35.967
2026-02-16,2026,2,16,223,Drake,Drake,MVC,28.0,12-16,109.9149,114.7292,0.3785223,67.1192,-11.0274,51.816,53.3266,14.534,14.6317,26.3317,29.211,34.7197,33.9145,51.3198,51.5172,34.9117,37.1334,44.873,43.2297
2026-02-16,2026,2,16,224,James Madison,James Madison,SB,27.0,14-13,109.0162,113.8276,0.3779224,65.4282,-8.9233,52.7119,49.694,17.4211,13.1353,30.718,30.9183,35.3182,41.832,51.7183,49.073,36.065,33.7165,45.262,38.7155
2026-02-16,2026,2,16,225,Ohio,Ohio,MAC,26.0,13-13,107.0207,111.8244,0.3758225,69.187,-8.4221,51.2186,52.8247,16.415,17.016,28.7246,33.1296,36.5155,37.6247,55.459,51.4164,29.6341,37.0333,38.1216,33.621
2026-02-16,2026,2,16,226,Saint Peter's,Saint Peter's,MAAC,24.0,15-9,104.525,109.5195,0.3694226,65.6268,-6.015,46.0345,49.075,16.9181,20.322,37.315,33.6308,37.7119,47.9359,46.2337,48.358,30.4328,33.415,39.1192,36.687
2026-02-16,2026,2,16,227,Texas St.,Texas St.,SB,28.0,17-11,104.3255,109.2189,0.3694227,66.2244,-8.3216,50.1227,51.72,18.83,18.686,34.071,28.479,33.2234,37.9256,50.7219,50.7133,32.1268,35.6269,24.8365,37.9128
2026-02-16,2026,2,16,228,Nebraska Omaha,Nebraska Omaha,Sum,28.0,14-14,107.8182,113.0266,0.3682228,67.4178,-10.1253,53.392,53.0255,16.5158,14.3328,26.6308,29.6126,35.1185,33.8141,53.796,56.1323,35.111,32.8117,40.7157,45.033
2026-02-16,2026,2,16,229,Howard,Howard,MEAC,26.0,16-10,100.5315,105.5113,0.3644229,68.8105,-7.2183,48.5293,48.352,20.0341,21.71,35.249,32.628,41.943,40.4301,47.7311,48.561,33.5203,32.175,33.9295,35.354
2026-02-16,2026,2,16,230,LIU,LIU,NEC,26.0,17-9,102.2288,107.3144,0.363823,68.1138,-5.0117,51.6171,49.694,19.8336,18.781,35.544,32.2262,32.7251,35.0176,51.4192,51.3161,34.7128,30.938,29.1355,33.825
2026-02-16,2026,2,16,231,Tennessee Martin,Tennessee Martin,OVC,27.0,20-7,101.8296,106.9134,0.3627231,64.632,-4.6108,50.8198,46.114,21.9358,19.448,38.011,31.9235,41.449,36.9229,53.6101,47.232,31.7287,29.715,47.527,40.2194
2026-02-16,2026,2,16,232,San Jose St.,San Jose St.,MWC,25.0,6-19,109.6157,115.33,0.3595232,64.133,-11.3282,48.2303,57.2356,16.2132,17.911,29.4225,36.7353,33.2234,34.3157,45.4352,59.536,35.111,35.9283,38.3212,39.9182
2026-02-16,2026,2,16,233,Coastal Carolina,Coastal Carolina,SB,27.0,16-11,102.2289,107.5152,0.3585233,67.1195,-7.5192,48.2303,46.418,15.691,12.636,26.3317,27.652,31.0287,36.2208,45.635,45.19,34.5143,32.596,42.5122,36.276
2026-02-16,2026,2,16,234,Cal Poly,Cal Poly,BW,27.0,11-16,107.9178,113.8277,0.3510234,73.53,-10.8268,51.9152,54.53,21.1353,16.7185,30.5186,30.4163,36.6151,33.5129,53.2123,54.9298,33.819,36.0293,53.33,42.3275
2026-02-16,2026,2,16,235,UMBC,UMBC,AE,24.0,16-8,105.4236,111.3233,0.3468235,65.9255,-5.5136,53.11,50.614,14.534,15.1289,23.4348,26.018,33.5228,26.615,54.191,50.8138,34.4151,33.415,38.7201,36.481
2026-02-16,2026,2,16,236,Samford,Samford,SC,27.0,15-12,107.7189,113.9278,0.3439236,66.5222,-8.2212,51.816,51.6193,13.06,13.1353,25.4336,26.426,44.217,33.4127,52.4151,50.5121,34.117,35.7276,45.65,35.354
2026-02-16,2026,2,16,237,Radford,Radford,BSth,27.0,14-13,107.2199,113.4272,0.3436237,71.125,-9.1236,51.7165,53.3266,17.2196,18.491,29.7214,32.1255,41.745,42.6328,53.3117,53.1238,33.222,35.7276,45.746,39.8181
2026-02-16,2026,2,16,238,Old Dominion,Old Dominion,SB,27.0,9-18,104.5249,110.6215,0.3432238,68.3124,-13.0316,49.6252,50.212,15.476,14.4324,25.9327,30.0151,32.8246,41.031,48.3294,51.7182,34.5143,31.657,37.3232,36.481
2026-02-16,2026,2,16,239,Nicholls St.,Nicholls,Slnd,26.0,11-15,107.3197,113.7274,0.3403239,68.4123,-9.9249,51.318,55.7338,16.8175,21.215,26.9298,35.2334,35.6176,39.6288,51.1204,56.8333,34.3153,35.9283,44.288,37.4112
2026-02-16,2026,2,16,240,Wofford,Wofford,SC,27.0,17-10,110.0142,116.6314,0.339224,67.9146,-6.9174,52.2141,53.6274,13.816,14.8306,30.4189,29.6126,37.0135,35.7198,52.017,52.9229,35.111,36.5318,42.1132,38.0131
2026-02-16,2026,2,16,241,UNC Asheville,UNC Asheville,BSth,26.0,12-14,103.8259,110.0201,0.3384241,65.1296,-10.7266,51.4177,51.016,17.623,15.7252,29.5222,31.3199,39.28,37.6247,49.9247,52.6222,36.258,32.281,33.3312,37.4112
2026-02-16,2026,2,16,242,Long Beach St.,Long Beach St.,BW,26.0,8-18,104.8242,111.2227,0.3372242,67.716,-12.6309,50.2221,54.3295,17.9248,18.0106,26.4313,28.789,30.3306,41.5315,51.9174,54.9298,31.4296,35.5262,35.0274,36.173
2026-02-16,2026,2,16,243,Dartmouth,Dartmouth,Ivy,23.0,10-13,105.4233,111.9247,0.3364243,69.668,-9.324,52.7119,51.72,18.5284,13.8344,24.8344,30.0151,36.5155,29.955,49.526,53.5249,37.527,32.596,48.523,38.7155
2026-02-16,2026,2,16,244,Southern Miss,Southern Miss,SB,28.0,14-14,102.4282,108.7177,0.3348244,68.1135,-10.0251,48.2303,52.4231,18.4277,17.7128,31.615,28.168,42.734,41.2313,50.9212,51.2157,27.8363,36.0293,29.7352,41.7253
2026-02-16,2026,2,16,245,Abilene Christian,Abilene Christian,WAC,25.0,12-13,100.8307,107.1139,0.3344245,66.324,-8.2214,47.3325,55.9344,21.1353,23.63,32.9102,30.5166,38.3102,52.9364,46.3336,54.5285,33.0232,39.3364,32.9318,30.88
2026-02-16,2026,2,16,246,American,American,Pat,27.0,14-13,105.2239,111.7243,0.3333246,67.1191,-9.2238,51.6171,53.7275,16.5158,19.257,26.5309,30.7174,28.0338,44.2339,53.4115,53.7259,33.0232,35.9283,46.438,37.311
2026-02-16,2026,2,16,247,Western Carolina,Western Carolina,SC,25.0,10-15,109.4159,116.4312,0.3287247,68.213,-10.2256,50.0233,55.2328,17.4211,14.6317,34.758,27.652,29.9315,39.428,49.9247,54.9298,33.321,37.1334,40.516,45.534
2026-02-16,2026,2,16,248,Florida Gulf Coast,Florida Gulf Coast,ASun,27.0,12-15,106.3222,113.2268,0.3263248,68.1137,-10.927,52.9107,53.5273,16.8175,16.4206,31.3159,29.6126,30.3306,39.9293,52.4151,53.1238,35.871,35.9283,38.8199,46.5349
2026-02-16,2026,2,16,249,Vermont,Vermont,AE,27.0,17-10,106.821,114.0281,0.3211249,64.9306,-7.9204,53.97,51.318,14.637,14.6317,26.7307,22.41,31.2277,37.0232,56.346,49.9102,34.117,35.5262,44.97,41.8258
2026-02-16,2026,2,16,250,Princeton,Princeton,Ivy,25.0,8-17,104.8243,112.0252,0.317325,63.4348,-12.7312,49.0277,52.4231,16.5158,14.2331,27.5285,28.789,34.4204,33.5129,48.3294,55.3305,33.321,32.071,44.776,40.8227
2026-02-16,2026,2,16,251,SIU Edwardsville,SIUE,OVC,27.0,17-10,99.5327,106.4125,0.3159251,64.3324,-8.0207,49.426,45.49,18.0256,17.016,31.0166,32.4271,33.0241,34.6163,47.2317,44.96,35.871,30.836,35.1271,39.5176
2026-02-16,2026,2,16,252,Iona,Iona,MAAC,27.0,15-12,103.7261,110.9221,0.3157252,69.191,-8.9231,51.816,49.799,16.415,17.016,26.5309,32.3266,28.7331,28.13,50.9212,51.8189,35.396,31.044,45.554,39.5176
2026-02-16,2026,2,16,253,Central Michigan,Central Michigan,MAC,25.0,8-17,106.7214,114.2285,0.3138253,66.8211,-12.4306,51.6171,53.8279,17.7236,16.4206,28.9237,34.4322,30.4301,41.031,52.2161,53.7259,33.6198,35.9283,33.8298,38.6151
2026-02-16,2026,2,16,254,Delaware,Delaware,CUSA,25.0,9-16,104.3254,111.624,0.3138254,62.9358,-12.0298,53.487,50.4131,18.4277,14.1335,21.7358,30.3159,28.3334,29.043,52.017,49.689,36.837,34.3192,45.359,43.7308
2026-02-16,2026,2,16,255,Sacramento St.,Sacramento St.,BSky,25.0,9-16,106.6216,114.3288,0.3106255,72.113,-10.9272,47.1329,55.1323,15.057,16.8178,26.9298,33.0292,41.547,36.6221,46.4333,56.8333,32.2262,35.2244,36.624,41.7253
2026-02-16,2026,2,16,256,Southern,Southern,SWAC,25.0,12-13,104.8244,112.3256,0.3092256,69.762,-7.6196,48.2303,54.0286,16.8175,18.876,31.9141,31.9235,40.46,45.1345,48.0303,52.5219,32.4256,37.4346,32.2327,40.5212
2026-02-16,2026,2,16,257,Southeast Missouri St.,Southeast Missouri,OVC,27.0,16-11,102.6279,110.1205,0.3072257,69.283,-7.7201,51.0194,51.2171,17.0184,18.876,29.6217,27.343,38.89,47.1354,53.1129,50.4118,31.5292,35.0232,36.3243,34.941
2026-02-16,2026,2,16,258,Louisiana Tech,Louisiana Tech,CUSA,25.0,14-11,99.7325,107.114,0.3059258,63.6341,-7.6197,45.835,48.97,18.2266,17.6132,35.742,31.7223,34.3207,35.5192,48.3294,47.646,27.0365,33.616,32.2327,46.2345
2026-02-16,2026,2,16,259,Georgia Southern,Georgia Southern,SB,27.0,15-12,107.8184,115.9308,0.3035259,70.729,-9.5244,50.1227,51.8209,14.844,18.876,29.1232,35.4337,41.547,40.6302,52.2161,52.9229,31.8279,33.3142,47.033,38.5149
2026-02-16,2026,2,16,260,Fairfield,Fairfield,MAAC,27.0,16-11,107.8185,115.9307,0.303026,67.0202,-8.3217,49.1274,51.6193,15.164,16.3211,35.837,29.211,27.7341,30.772,48.7282,51.1153,33.321,35.0232,36.2247,35.864
2026-02-16,2026,2,16,261,UTEP,UTEP,CUSA,26.0,10-16,102.628,110.4213,0.2993261,64.7317,-11.6288,48.1308,52.0224,17.623,18.491,27.5285,33.1296,31.5268,42.7329,46.2337,52.3214,34.117,34.4202,39.6181,37.612
2026-02-16,2026,2,16,262,Purdue Fort Wayne,Purdue Fort Wayne,Horz,27.0,15-12,104.8241,112.9264,0.2992262,67.6171,-7.0177,52.6128,55.9344,14.432,19.64,22.0353,35.9346,29.1326,28.534,53.6101,55.4308,34.3153,37.8352,45.554,43.7308
2026-02-16,2026,2,16,263,Lindenwood,Lindenwood,OVC,27.0,16-11,101.2304,109.1186,0.2967263,72.49,-7.3187,48.7287,49.799,19.031,18.781,33.099,32.1255,39.28,37.0232,51.0208,50.5121,29.0351,32.281,30.9344,33.621
2026-02-16,2026,2,16,264,Charleston Southern,Charleston Southern,BSth,27.0,12-15,103.8258,112.0251,0.2951264,71.224,-11.8297,53.582,47.638,18.9303,12.9357,30.4189,29.7132,29.5321,43.9335,54.772,46.826,34.9117,32.8117,50.613,30.46
2026-02-16,2026,2,16,265,Southern Utah,Southern Utah,WAC,26.0,9-17,104.0257,112.4258,0.2912265,70.24,-11.5286,49.8243,53.427,20.3344,14.8306,27.8275,34.1319,31.4271,28.029,50.6224,51.0151,32.2262,39.2362,35.0274,30.77
2026-02-16,2026,2,16,266,Idaho St.,Idaho St.,BSky,27.0,10-17,109.7155,118.9339,0.2838266,64.2329,-11.8296,52.3139,54.8312,17.3207,15.2287,32.7107,30.0151,38.794,35.5192,53.013,56.5328,34.2163,34.6214,43.2105,37.2106
2026-02-16,2026,2,16,267,East Carolina,East Carolina,Amer,25.0,9-16,102.229,111.1225,0.2773267,68.5119,-11.2278,45.9346,51.8209,16.8175,16.5199,32.5118,33.0292,39.28,33.0117,47.2317,51.2157,28.6354,35.2244,31.2338,40.5212
2026-02-16,2026,2,16,268,Milwaukee,Milwaukee,Horz,28.0,11-17,105.4237,114.5291,0.2771268,67.7163,-11.3283,49.5257,55.1323,15.164,15.9243,33.195,29.7132,33.2234,36.2208,50.6224,55.6312,31.9274,36.2307,37.922,40.1189
2026-02-16,2026,2,16,269,Grambling St.,Grambling St.,SWAC,24.0,11-13,99.3331,107.916,0.2767269,66.7214,-9.6247,49.8243,50.8151,21.4357,20.618,29.8213,32.929,44.89,41.6318,51.22,50.8138,31.8279,33.9174,39.6181,36.586
2026-02-16,2026,2,16,270,Pepperdine,Pepperdine,WCC,27.0,7-20,102.4284,111.323,0.276327,67.6168,-13.0318,46.7335,54.0286,18.7293,16.6191,27.3292,33.8312,34.6198,28.13,48.0303,54.7293,29.8338,35.3247,39.3185,41.1235
2026-02-16,2026,2,16,271,Arkansas Pine Bluff,Arkansas Pine Bluff,SWAC,25.0,11-14,105.024,114.2284,0.2758271,69.957,-8.2215,49.5257,52.624,19.6329,16.0237,27.429,35.1332,38.598,44.6341,48.6285,54.7293,34.117,32.711,37.4231,37.8125
2026-02-16,2026,2,16,272,Southeastern Louisiana,Southeastern Louisiana,Slnd,26.0,8-18,98.6339,107.3147,0.2744272,65.03,-13.2324,46.7335,51.2171,19.1314,19.257,28.9237,31.7223,40.263,41.7319,49.327,49.9102,28.4356,35.5262,39.5183,38.1137
2026-02-16,2026,2,16,273,North Dakota,North Dakota,Sum,29.0,15-14,107.0205,116.7316,0.2700273,67.1197,-9.4242,49.1274,57.2356,14.124,19.926,28.6248,32.7284,37.6121,44.9344,49.6258,58.7355,32.3258,36.8327,39.2189,42.7285
2026-02-16,2026,2,16,274,UC Riverside,UC Riverside,BW,27.0,8-19,102.7278,112.025,0.2698274,67.7165,-13.2325,49.2271,53.8279,20.0341,15.4273,27.6282,30.7174,34.221,38.727,50.6224,54.6289,31.3303,34.8223,38.4208,33.119
2026-02-16,2026,2,16,275,Longwood,Longwood,BSth,28.0,14-14,101.8295,111.0222,0.2694275,68.3125,-11.2277,49.9238,53.0255,19.432,19.83,33.68,28.479,40.263,40.9307,51.5189,55.3305,31.3303,33.3142,35.4263,42.528
2026-02-16,2026,2,16,276,South Dakota,South Dakota,Sum,27.0,14-13,105.4235,115.2299,0.2647276,70.146,-9.2237,50.3218,55.834,17.2196,16.5199,30.3193,30.5166,43.625,30.057,50.8218,57.5342,32.9236,34.5209,35.626,30.04
2026-02-16,2026,2,16,277,Boston University,Boston University,Pat,27.0,12-15,110.3136,120.6351,0.2646277,63.5346,-12.3305,56.719,54.9317,17.9248,13.3351,28.2264,26.734,33.8224,31.484,55.951,54.2279,38.412,37.2339,44.384,41.6249
2026-02-16,2026,2,16,278,Mercyhurst,Mercyhurst,NEC,27.0,13-14,100.731,110.3208,0.2592278,63.5345,-10.6265,49.426,50.0114,15.057,19.448,27.1296,31.5214,24.2363,41.5315,50.3233,50.4118,31.7287,32.8117,32.1329,34.737
2026-02-16,2026,2,16,279,Incarnate Word,Incarnate Word,Slnd,26.0,10-16,107.3198,117.6327,0.2584279,66.2245,-11.3281,49.9238,55.1323,17.4211,15.9243,32.7107,31.6218,33.9219,44.0336,47.2317,56.9338,36.258,34.6214,38.3212,34.838
2026-02-16,2026,2,16,280,Hampton,Hampton,CAA,26.0,12-14,100.6313,110.4211,0.256928,65.0303,-10.8269,45.9346,50.9156,17.7236,17.6132,33.68,29.814,40.658,46.6353,47.0323,52.9229,29.3348,31.451,36.125,34.433
2026-02-16,2026,2,16,281,IU Indy,IU Indy,Horz,28.0,7-21,106.6218,116.9318,0.2567281,73.81,-16.8355,51.7165,57.9361,15.8102,19.64,29.2228,36.235,21.9365,47.5356,54.578,58.3351,31.9274,38.2356,42.4125,37.0101
2026-02-16,2026,2,16,282,Northeastern,Northeastern,CAA,24.0,6-18,107.8183,118.3332,0.2557282,69.766,-14.0335,52.7119,56.5351,16.6167,17.7128,27.3292,32.5275,30.3306,39.8292,53.796,57.6346,34.0181,36.3312,38.3212,35.659
2026-02-16,2026,2,16,283,Brown,Brown,Ivy,23.0,8-15,96.1347,105.5112,0.2539283,66.2241,-12.13,47.732,50.614,18.7293,18.781,28.8242,28.789,27.3344,37.324,49.0274,52.0198,30.4328,32.494,36.8238,41.8258
2026-02-16,2026,2,16,284,Western Michigan,Western Michigan,MAC,25.0,9-16,107.918,118.7336,0.2489284,67.5176,-11.6289,50.1227,54.53,17.3207,13.5347,31.9141,29.7132,31.2277,36.1205,48.6285,55.0301,35.2103,35.9283,36.3243,45.7341
2026-02-16,2026,2,16,285,Presbyterian,Presbyterian,BSth,27.0,13-14,102.3286,112.6261,0.2475285,63.6342,-10.5264,50.4214,51.4185,19.8336,15.5266,34.267,30.4163,39.475,35.5192,52.017,50.5121,30.9316,35.3247,28.3359,36.687
2026-02-16,2026,2,16,286,Tennessee St.,Tennessee St.,OVC,26.0,17-9,106.6218,117.4325,0.2474286,70.241,-6.2157,49.3269,52.7243,16.2132,19.733,34.071,31.6218,33.7225,44.1337,50.0246,53.5249,31.8279,34.3192,30.5348,35.251
2026-02-16,2026,2,16,287,Louisiana,Louisiana,SB,26.0,9-17,101.0305,111.4234,0.2453287,62.6361,-13.2322,47.8315,51.8209,17.9248,17.911,27.9273,31.7223,27.2345,45.835,46.0341,49.689,33.6198,36.9329,43.1106,37.5118
2026-02-16,2026,2,16,288,Le Moyne,Le Moyne,NEC,27.0,14-13,101.5299,111.9248,0.2451288,69.186,-10.0252,53.11,49.384,19.6329,15.328,25.8329,30.3159,40.658,33.0117,53.796,45.715,34.9117,36.632,40.7157,38.6151
2026-02-16,2026,2,16,289,Eastern Kentucky,Eastern Kentucky,ASun,27.0,9-18,108.0174,119.334,0.2428289,67.2186,-13.9333,51.318,55.2328,17.1192,15.328,32.8104,32.2262,29.9315,39.1273,52.017,56.633,33.819,35.5262,50.613,40.5212
2026-02-16,2026,2,16,290,Georgia St.,Georgia St.,SB,27.0,9-18,100.6314,111.1224,0.241629,67.7164,-14.1336,44.1361,50.9156,16.3139,16.9169,27.8275,33.6308,36.9139,34.2151,42.1364,50.8138,31.1312,34.0178,44.873,39.3172
2026-02-16,2026,2,16,291,Cleveland St.,Cleveland St.,Horz,27.0,10-17,110.8129,122.436,0.2405291,69.092,-13.0317,54.263,55.9344,18.3271,14.7311,28.4254,38.1361,40.755,34.2151,51.22,58.8357,38.114,34.8223,50.712,44.6322
2026-02-16,2026,2,16,292,East Texas A&M,East Texas A&M,Slnd,27.0,10-17,98.434,109.1185,0.2354292,69.094,-11.4285,48.4297,53.2264,19.8336,17.1156,25.2338,32.5275,31.8262,35.3186,50.1244,51.4164,31.0315,37.5349,46.24,37.612
2026-02-16,2026,2,16,293,Sacred Heart,Sacred Heart,MAAC,28.0,12-16,107.1202,118.8337,0.2339293,68.7112,-12.7311,52.4134,54.2292,17.9248,15.0297,28.9237,30.8179,31.7264,28.839,50.2242,55.2304,36.353,35.3247,50.117,42.7285
2026-02-16,2026,2,16,294,UNC Greensboro,UNC Greensboro,SC,27.0,12-15,108.2173,120.0348,0.2329294,67.1196,-11.7293,51.318,55.7338,15.057,13.4349,28.4254,30.2157,43.625,30.874,49.9247,55.8319,35.586,37.2339,40.516,46.5349
2026-02-16,2026,2,16,295,North Carolina A&T,North Carolina A&T,CAA,24.0,10-14,103.4267,114.8293,0.2318295,68.9101,-11.1275,49.3269,52.0224,18.5284,14.7311,31.615,27.343,44.217,39.1273,50.4231,50.7133,31.3303,36.2307,32.9318,36.998
2026-02-16,2026,2,16,296,Northern Arizona,Northern Arizona,BSky,27.0,10-17,106.6217,118.3331,0.2317296,63.7339,-12.9315,52.0149,56.1347,16.1123,16.9169,23.8347,33.0292,32.5255,33.4127,51.0208,55.6312,35.871,37.9353,36.4242,40.7222
2026-02-16,2026,2,16,297,Central Connecticut,Central Connecticut,NEC,25.0,15-10,106.9209,118.7334,0.2310297,64.7318,-7.6198,52.1146,50.0114,16.3139,14.2331,27.7278,31.4209,32.8246,27.322,50.4231,49.794,36.741,33.616,35.0274,40.4207
2026-02-16,2026,2,16,298,Lehigh,Lehigh,Pat,27.0,12-15,102.1291,113.327,0.2303298,67.02,-11.7292,52.8114,51.016,17.7236,17.016,21.8357,33.1296,31.4271,34.6163,52.4151,50.9143,35.682,34.2187,39.3185,31.21
2026-02-16,2026,2,16,299,Evansville,Evansville,MVC,26.0,6-20,100.6311,111.8245,0.2298299,67.0203,-14.4338,49.0277,54.53,19.5322,16.2219,23.2349,30.3159,31.3273,32.197,49.7255,55.0301,32.1268,35.828,42.0135,42.0267
2026-02-16,2026,2,16,300,Mount St. Mary's,Mount St. Mary's,MAAC,27.0,12-15,99.2333,110.421,0.22783,67.8155,-11.0273,50.8198,48.352,22.8364,14.5322,31.0166,29.0101,35.5179,37.4243,51.6187,47.232,33.222,33.2139,43.897,44.5321
2026-02-16,2026,2,16,301,Morehead St.,Morehead St.,OVC,27.0,15-12,106.2227,118.2329,0.2259301,65.3284,-8.4219,49.2271,50.614,18.83,15.7252,36.328,36.8354,36.8146,37.8253,49.4265,49.794,32.5251,34.6214,30.6346,40.5212
2026-02-16,2026,2,16,302,Loyola Chicago,Loyola Chicago,A10,26.0,6-20,103.726,115.5303,0.2252302,66.1247,-14.2337,49.2271,53.3266,19.7334,12.9357,32.1137,30.9183,34.4204,32.9114,51.818,49.794,30.832,38.6359,47.527,43.9314
2026-02-16,2026,2,16,303,NJIT,NJIT,AE,27.0,15-12,99.8323,111.2228,0.2245303,68.3126,-7.9206,47.732,49.28,17.0184,15.8246,26.0324,32.0247,34.5201,39.1273,48.2299,50.3116,31.4296,31.759,41.1149,41.0233
2026-02-16,2026,2,16,304,Northwestern St.,Northwestern St.,Slnd,26.0,8-18,102.9272,114.9294,0.2211304,65.1297,-13.132,49.426,54.2292,18.3271,17.315,25.6332,33.7311,39.672,39.428,48.7282,54.328,33.9187,36.0293,34.9279,38.2141
2026-02-16,2026,2,16,305,Texas Southern,Texas Southern,SWAC,23.0,8-15,103.4266,115.6304,0.2177305,68.8108,-10.2255,49.8243,54.2292,19.031,16.4206,27.7278,32.1255,40.166,46.1352,49.4265,56.2325,33.819,34.3192,33.8298,43.1294
2026-02-16,2026,2,16,306,Bellarmine,Bellarmine,ASun,26.0,11-15,113.0101,126.3365,0.2176306,64.3326,-10.9271,58.96,59.1364,15.8102,15.0297,21.4362,34.4322,34.6198,33.7137,60.19,59.4359,38.114,39.3364,41.8139,51.4362
2026-02-16,2026,2,16,307,Alabama St.,Alabama St.,SWAC,25.0,8-17,99.7326,111.5235,0.2163307,69.098,-12.1299,47.1329,53.1261,19.1314,19.926,32.6114,33.5307,34.5201,41.4314,46.134,53.7259,32.5251,34.9227,38.0218,42.0267
2026-02-16,2026,2,16,308,USC Upstate,USC Upstate,BSth,27.0,11-16,99.3328,111.7242,0.2055308,68.0141,-11.8295,48.4297,51.1166,18.1264,16.1229,28.8242,32.1255,35.0189,36.7225,48.1302,50.0108,32.7247,35.3247,35.0274,36.276
2026-02-16,2026,2,16,309,Houston Christian,Houston Christian,Slnd,26.0,9-17,103.5265,116.6315,0.2030309,63.335,-12.631,50.3218,55.6335,19.3318,17.6132,30.9172,32.8286,36.5155,29.955,50.3233,56.7332,33.5203,36.0293,37.3232,38.3146
2026-02-16,2026,2,16,310,Jacksonville,Jacksonville,ASun,27.0,10-17,100.3317,113.0265,0.202631,63.0356,-12.4308,49.426,55.1323,18.2266,15.626,30.3193,29.5122,32.0259,42.5326,51.4192,54.5285,30.9316,37.4346,39.718,35.659
2026-02-16,2026,2,16,311,Alabama A&M,Alabama A&M,SWAC,25.0,14-11,101.3302,114.1283,0.2017311,65.6274,-8.1209,47.8315,51.8209,17.0184,17.016,27.1296,29.1107,44.514,39.2277,46.9326,51.4164,32.9236,35.0232,34.4288,37.612
2026-02-16,2026,2,16,312,Ball St.,Ball St.,MAC,25.0,8-17,98.2341,110.9219,0.1973312,63.7338,-13.4327,45.835,54.3295,16.6167,19.257,26.9298,32.0247,33.2234,31.788,46.2337,54.6289,30.1335,35.828,39.8176,42.4279
2026-02-16,2026,2,16,313,Chattanooga,Chattanooga,SC,27.0,10-17,101.6297,115.2298,0.1920313,66.5224,-13.633,52.1146,51.016,14.95,14.034,20.9363,32.3266,31.2277,43.7333,53.6101,51.8189,33.7197,33.3142,49.518,42.3275
2026-02-16,2026,2,16,314,West Georgia,West Georgia,ASun,26.0,12-14,102.2287,116.231,0.1860314,68.6113,-10.1254,48.8282,54.8312,15.8102,15.1289,31.5154,30.1155,29.632,36.2208,47.5314,55.8319,34.2163,35.5262,32.9318,37.0101
2026-02-16,2026,2,16,315,Stetson,Stetson,ASun,27.0,9-18,102.9274,117.2323,0.1825315,67.0201,-13.6329,51.2186,55.834,18.3271,15.328,26.4313,31.9235,33.9219,29.65,51.22,59.0358,34.117,34.2187,44.19,41.3242
2026-02-16,2026,2,16,316,Cal St. Bakersfield,Cal St. Bakersfield,BW,26.0,8-18,101.2303,115.6305,0.1778316,69.57,-13.1321,45.4353,52.8247,19.6329,18.1104,32.2132,36.4351,41.152,44.2339,45.7347,53.5249,29.6341,34.5209,28.4358,38.6151
2026-02-16,2026,2,16,317,UMass Lowell,UMass Lowell,AE,26.0,11-15,102.0293,116.9317,0.1730317,69.571,-11.2276,50.2221,53.7275,19.432,14.5322,32.4121,29.9145,36.9139,29.853,50.3233,54.6289,33.222,34.8223,31.134,35.659
2026-02-16,2026,2,16,318,Albany,Albany,AE,26.0,9-17,102.1292,117.0319,0.1725318,65.7264,-13.8332,50.2221,53.9282,18.3271,16.2219,31.5154,32.8286,27.0347,36.4216,52.2161,53.6258,31.3303,36.3312,37.8224,40.5212
2026-02-16,2026,2,16,319,Florida A&M,Florida A&M,SWAC,23.0,9-14,97.3346,111.5237,0.1723319,67.8154,-10.5262,48.8282,52.624,22.4361,19.448,29.2228,32.628,37.9114,40.6302,48.5289,52.3214,32.9236,35.5262,38.9197,35.148
2026-02-16,2026,2,16,320,Loyola MD,Loyola MD,Pat,27.0,11-16,102.8277,118.333,0.166232,68.014,-13.3326,50.7205,54.3295,16.415,15.8246,27.8275,29.3117,30.4301,31.484,52.1167,58.0348,32.8245,32.596,47.527,39.718
2026-02-16,2026,2,16,321,Wagner,Wagner,NEC,24.0,9-15,103.127,118.7335,0.1646321,65.5276,-12.2302,50.0233,51.72,18.4277,15.5266,32.4121,30.5166,31.2277,43.5332,46.8329,50.7133,37.229,35.5262,35.8254,36.893
2026-02-16,2026,2,16,322,Lafayette,Lafayette,Pat,27.0,8-19,98.9337,113.928,0.1644322,66.6219,-15.5349,48.2303,53.0255,15.8102,15.5266,26.5309,29.814,31.926,31.282,48.6285,53.0236,31.8279,35.4256,40.8155,37.9128
2026-02-16,2026,2,16,323,North Florida,North Florida,ASun,27.0,6-21,108.7165,125.6364,0.1606323,70.148,-15.5348,54.066,57.2356,18.5284,12.3363,25.3337,37.7359,26.5356,31.788,53.3117,59.9361,36.548,35.3247,52.36,39.3172
2026-02-16,2026,2,16,324,Fairleigh Dickinson,Fairleigh Dickinson,NEC,27.0,10-17,100.3318,115.8306,0.1604324,64.4323,-13.1319,46.8333,53.7275,17.7236,16.3211,31.5154,28.894,33.2234,36.5218,49.0274,52.9229,29.6341,36.632,46.339,40.8227
2026-02-16,2026,2,16,325,Prairie View A&M,Prairie View A&M,SWAC,25.0,9-16,101.3301,117.0321,0.1601325,73.36,-12.1301,47.3325,54.0286,16.3139,19.733,24.9341,37.1355,44.611,48.2361,46.9326,53.1238,32.2262,37.2339,31.3336,34.028
2026-02-16,2026,2,16,326,Little Rock,Little Rock,OVC,27.0,10-17,100.6312,116.6313,0.1561326,66.2242,-13.8331,49.426,53.8279,18.9303,19.448,31.7147,35.7342,27.0347,32.095,47.9305,53.2245,35.2103,36.4316,31.3336,41.5245
2026-02-16,2026,2,16,327,Eastern Illinois,Eastern Illinois,OVC,27.0,11-16,94.4357,109.4193,0.1558327,65.7266,-11.7294,45.4353,50.614,19.031,19.354,27.6282,35.3335,33.5228,37.0232,44.4356,54.4282,31.8279,30.125,31.0342,40.7222
2026-02-16,2026,2,16,328,Northern Illinois,Northern Illinois,MAC,24.0,8-16,95.8348,111.0223,0.1549328,67.6169,-11.629,47.4324,54.6306,22.236,17.2152,32.6114,30.8179,38.89,40.0294,47.8307,57.5342,31.231,33.1136,45.458,37.1105
2026-02-16,2026,2,16,329,Manhattan,Manhattan,MAAC,28.0,12-16,104.7246,121.4355,0.1531329,68.0139,-12.4307,48.629,54.0286,15.372,16.2219,28.326,36.6352,34.0216,25.49,47.8307,53.7259,33.222,36.4316,37.1234,37.9128
2026-02-16,2026,2,16,330,Oral Roberts,Oral Roberts,Sum,27.0,6-21,99.333,115.4301,0.151333,67.3181,-16.4353,47.9313,54.9317,18.7293,14.7311,27.9273,33.4303,34.1213,39.6288,49.6258,52.9229,30.6323,39.1361,45.943,35.458
2026-02-16,2026,2,16,331,New Hampshire,New Hampshire,AE,24.0,8-16,98.0344,113.9279,0.1504331,67.418,-11.6291,46.8333,52.4231,17.0184,15.8246,25.5335,28.479,29.4322,37.6247,47.2317,53.4248,30.9316,33.7165,41.4144,36.789
2026-02-16,2026,2,16,332,Norfolk St.,Norfolk St.,MEAC,26.0,12-14,99.0335,115.2297,0.1493332,68.0143,-10.7267,48.33,51.1166,19.5322,18.686,31.7147,32.1255,44.611,44.8343,47.2317,55.1303,34.0181,30.33,30.6346,41.8258
2026-02-16,2026,2,16,333,Holy Cross,Holy Cross,Pat,27.0,9-18,100.7309,117.2322,0.1488333,64.9307,-14.534,49.6252,54.9317,15.585,14.1335,22.0353,27.446,30.7292,27.826,50.3233,58.0348,32.2262,33.5155,38.0218,40.1189
2026-02-16,2026,2,16,334,Bucknell,Bucknell,Pat,27.0,8-19,98.1342,114.4289,0.1470334,66.8212,-14.9343,48.0312,55.2328,18.9303,17.8118,26.1323,31.9235,31.2277,35.8201,49.526,53.8265,30.7322,37.9353,43.897,44.2318
2026-02-16,2026,2,16,335,Jackson St.,Jackson St.,SWAC,25.0,8-17,100.9306,118.4333,0.1365335,69.956,-10.5261,46.1343,53.9282,19.6329,15.4273,27.3292,37.1355,33.423,40.9307,45.2353,55.6312,31.5292,34.4202,43.51,41.5245
2026-02-16,2026,2,16,336,New Haven,New Haven,NEC,26.0,11-15,94.8356,111.6239,0.1322336,63.1354,-11.2279,47.9313,52.323,18.9303,17.4144,22.4352,28.168,30.5299,27.725,50.3233,51.9195,29.5345,35.4256,38.9197,38.1137
2026-02-16,2026,2,16,337,Niagara,Niagara,MAAC,26.0,7-19,99.3332,117.032,0.1315337,61.6365,-15.735,50.2221,52.9251,18.4277,16.6191,24.3346,32.7284,25.5362,34.2151,49.7255,52.6222,34.0181,35.6269,40.516,41.5245
2026-02-16,2026,2,16,338,Tennessee Tech,Tennessee Tech,OVC,27.0,11-16,101.9294,120.1349,0.1309338,66.9208,-13.2323,49.9238,52.4231,19.5322,15.4273,32.4121,32.4271,34.0216,32.9114,50.7219,50.5121,32.3258,37.1334,36.2247,36.071
2026-02-16,2026,2,16,339,Army,Army,Pat,27.0,10-17,100.8308,119.3342,0.1260339,66.5225,-13.9334,49.426,55.3332,17.0184,15.1289,29.5222,27.756,27.7341,37.9256,48.9278,56.2325,33.222,36.1303,52.45,42.2272
2026-02-16,2026,2,16,340,Alcorn St.,Alcorn St.,SWAC,24.0,6-18,99.3329,117.6326,0.125734,67.8158,-12.3304,48.8282,57.636,20.4345,18.876,27.5285,37.4358,27.0347,40.2298,46.5332,60.2363,35.489,35.4256,34.8283,36.893
2026-02-16,2026,2,16,341,Air Force,Air Force,MWC,25.0,3-22,95.6352,113.4271,0.1224341,65.9259,-15.5347,49.426,56.1347,22.7363,15.5266,21.9356,31.3199,35.5179,37.1236,51.0208,56.2325,31.5292,37.3343,42.8113,38.8158
2026-02-16,2026,2,16,342,UTSA,UTSA,Amer,25.0,5-20,100.2319,119.5344,0.1160342,68.5121,-14.8342,44.536,54.0286,18.0256,15.1289,30.3193,38.8363,30.0313,34.0147,45.9345,53.9269,28.4356,36.0293,42.0135,43.33
2026-02-16,2026,2,16,343,North Alabama,North Alabama,ASun,25.0,8-17,100.5316,120.0347,0.1147343,65.1295,-13.5328,48.4297,54.9317,17.3207,14.4324,30.6183,33.0292,38.598,30.669,49.0274,55.531,31.4296,36.0293,34.329,44.6322
2026-02-16,2026,2,16,344,Chicago St.,Chicago St.,NEC,27.0,6-21,99.8324,119.334,0.1137344,66.125,-15.4346,45.0358,57.5359,16.1123,19.926,28.4254,34.5324,30.3306,37.8253,43.436,63.0365,32.4256,35.1238,30.435,53.3364
2026-02-16,2026,2,16,345,Southern Indiana,Southern Indiana,OVC,26.0,5-21,93.7359,112.1253,0.1137345,67.8157,-18.736,43.6363,48.97,17.623,16.7185,30.3193,34.0316,36.9139,37.324,42.7363,49.28,29.9337,32.175,41.3146,27.22
2026-02-16,2026,2,16,346,Stonehill,Stonehill,NEC,27.0,9-18,90.5363,108.8178,0.1079346,65.6273,-14.7341,46.3338,48.764,21.1353,13.1353,28.6248,27.14,26.1359,30.159,45.7347,47.337,31.5292,34.4202,40.0169,32.314
2026-02-16,2026,2,16,347,Canisius,Canisius,MAAC,27.0,8-19,95.1354,114.529,0.1057347,63.8336,-16.0352,46.3338,53.427,19.5322,16.5199,29.6217,30.1155,31.1286,34.7169,43.6358,55.531,33.6198,33.9174,39.8176,44.9328
2026-02-16,2026,2,16,348,Louisiana Monroe,Louisiana Monroe,SB,27.0,4-23,100.232,121.3354,0.0999348,70.533,-19.0362,48.1308,56.6353,17.9248,16.0237,25.034,36.1349,38.0112,25.812,46.8329,58.4352,33.222,36.0293,41.5143,41.1235
2026-02-16,2026,2,16,349,The Citadel,The Citadel,SC,27.0,9-18,98.0343,118.8338,0.0988349,63.6343,-15.1344,48.5293,56.435,17.4211,14.3328,28.326,30.8179,30.2312,34.1148,49.9247,58.235,31.3303,36.1303,47.23,43.5305
2026-02-16,2026,2,16,350,North Carolina Central,North Carolina Central,MEAC,23.0,9-14,99.2334,120.235,0.098735,65.8261,-9.6246,46.1343,55.6335,18.2266,19.257,28.8242,37.836,38.3102,39.0271,45.7347,57.1339,31.3303,35.828,33.8298,43.4301
2026-02-16,2026,2,16,351,Saint Francis,Saint Francis,NEC,26.0,6-20,100.1321,121.5356,0.0971351,69.858,-15.8351,48.33,59.2365,18.0256,19.067,26.8305,34.0316,30.4301,40.0294,46.4333,60.2363,34.2163,38.5358,39.1192,41.2239
2026-02-16,2026,2,16,352,Maine,Maine,AE,27.0,6-21,92.4362,112.8262,0.0916352,64.6319,-17.9359,49.0277,50.614,19.5322,19.257,20.7364,35.5339,37.8116,35.0176,50.9212,53.9269,30.5326,29.919,37.0237,35.967
2026-02-16,2026,2,16,353,UMKC,Kansas City,Sum,26.0,4-22,94.9355,116.1309,0.0893353,69.097,-17.4357,46.2341,55.834,18.9303,16.1229,28.1267,35.8345,28.3334,31.891,48.3294,56.8333,28.2358,36.2307,35.2269,38.2141
2026-02-16,2026,2,16,354,Maryland Eastern Shore,Maryland Eastern Shore,MEAC,26.0,8-18,93.8358,115.0296,0.0870354,63.1353,-12.8313,47.2328,50.7148,23.3365,16.9169,30.3193,33.4303,28.2337,40.8306,49.327,51.8189,28.7353,32.711,33.2313,40.2194
2026-02-16,2026,2,16,355,Morgan St.,Morgan St.,MEAC,23.0,10-13,98.9336,121.8359,0.0836355,70.243,-10.3257,45.7352,53.9282,18.5284,16.8178,30.1203,34.5324,42.636,54.9365,45.8346,56.8333,30.3332,32.39,33.8298,35.044
2026-02-16,2026,2,16,356,South Carolina St.,South Carolina St.,MEAC,23.0,6-17,95.735,118.2328,0.0813356,68.711,-12.8314,45.9346,54.8312,20.735,17.8118,30.6183,39.0364,39.475,52.7363,43.2361,58.7355,34.3153,32.6103,33.6307,40.8227
2026-02-16,2026,2,16,357,Rider,Rider,MAAC,25.0,3-22,97.4345,121.1352,0.0760357,64.8312,-17.1356,42.9364,55.2328,17.5223,14.2331,33.68,33.8312,30.7292,31.788,43.2361,54.4282,28.036,37.5349,27.0361,40.3203
2026-02-16,2026,2,16,358,Bryant,Bryant,AE,26.0,8-18,95.7349,119.6345,0.0717358,64.4322,-14.4339,46.2341,52.5239,20.6347,14.7311,28.2264,31.8228,29.0328,32.7109,48.4291,50.9143,29.3348,36.9329,48.224,36.173
2026-02-16,2026,2,16,359,VMI,VMI,SC,27.0,6-21,98.9338,124.2362,0.0680359,67.1194,-17.8358,47.3325,56.9354,15.9109,16.7185,26.0324,38.5362,31.2277,36.2208,47.6312,58.4352,31.4296,36.7323,54.21,46.1343
2026-02-16,2026,2,16,360,Binghamton,Binghamton,AE,27.0,5-22,95.5353,121.6357,0.058136,65.6271,-19.6365,47.8315,54.6306,19.1314,13.2352,21.5361,29.0101,43.23,35.0176,48.6285,55.3305,30.5326,35.7276,31.2338,38.1137
2026-02-16,2026,2,16,361,Delaware St.,Delaware St.,MEAC,24.0,6-18,88.6365,113.3269,0.0559361,66.1249,-15.2345,42.3365,54.4299,19.7334,20.223,25.8329,31.3199,35.0189,39.428,41.8365,56.0322,28.9352,34.4202,29.0357,35.864
2026-02-16,2026,2,16,362,Gardner Webb,Gardner Webb,BSth,27.0,3-24,95.6351,124.3363,0.0464362,70.337,-18.9361,47.8315,58.3363,20.6347,14.8306,23.2349,37.2357,31.5268,36.1205,47.8307,60.0362,31.8279,37.3343,40.2166,41.0233
2026-02-16,2026,2,16,363,Western Illinois,Western Illinois,OVC,27.0,5-22,92.6361,121.1353,0.0434363,66.3237,-19.4364,43.9362,54.3295,17.4211,15.1289,28.027,33.9314,38.3102,34.9174,43.5359,53.9269,29.7339,36.7323,32.6324,35.763
2026-02-16,2026,2,16,364,Coppin St.,Coppin St.,MEAC,26.0,5-21,92.636,122.6361,0.0379364,68.7109,-16.7354,45.4353,56.5351,22.4361,17.2152,30.1203,35.7342,37.0135,43.8334,44.9355,54.7293,30.9316,39.2362,35.7258,44.0315
2026-02-16,2026,2,16,365,Mississippi Valley St.,Mississippi Valley St.,SWAC,25.0,1-24,90.1364,121.8358,0.0305365,66.9205,-19.4363,44.9359,57.1355,22.1359,16.6191,26.4313,35.7342,32.8246,48.036,45.1354,57.234,29.5345,38.0355,29.7352,45.1333
