Relative Ranking,Team,O-Rate,D-Rate,Relative Rating,Opponent Adjust,Pace Adjust,Off Rank,Def Rank,True Tempo,Tempo Rank,Injury Rank,Home Rank,Roster Rank,Kill Shots Per Game,Kill Shots Conceded Per Game,Kill Shots Margin Per Game,Total Kill Shots,Total Kill Shots Conceded,D1 Wins,D1 Losses,scrape_time_utc
1,Michigan,18.3,17.7,36.1,0.03,0.03,3,1,72.8,12,1,33,1,1.28,0.12,1.16,32,3,24,1,2026-02-16T20:05:16.744153
2,Duke,16.7,17.3,34.0,-0.05,-0.05,4,2,67.6,253,2,245,3,1.12,0.24,0.88,28,6,23,2,2026-02-16T20:05:16.744153
3,Arizona,15.6,17.1,32.8,0.03,0.03,8,4,72.4,19,4,40,8,1.12,0.04,1.08,28,1,23,2,2026-02-16T20:05:16.744153
4,Houston,14.9,17.2,32.1,0.03,-0.05,12,3,65.1,358,3,86,5,1.20,0.24,0.96,30,6,23,2,2026-02-16T20:05:16.744153
5,Florida,14.7,16.1,30.8,0.03,-0.05,13,5,71.8,29,5,321,4,0.96,0.12,0.84,24,3,19,6,2026-02-16T20:05:16.744153
6,Purdue,19.5,10.5,30.0,-0.05,0.03,2,19,66.4,320,6,329,2,1.04,0.48,0.56,26,12,21,4,2026-02-16T20:05:16.744153
7,Illinois,19.7,10.0,29.7,-0.05,-0.05,1,22,67.0,288,8,142,6,1.08,0.19,0.88,28,5,21,5,2026-02-16T20:05:16.744153
8,Connecticut,16.2,13.2,29.4,0.03,0.03,5,11,66.0,328,7,262,7,0.54,0.19,0.35,14,5,24,2,2026-02-16T20:05:16.744153
9,Iowa St.,13.9,14.8,28.7,0.03,0.03,17,6,69.0,168,9,23,10,1.32,0.40,0.92,33,10,22,3,2026-02-16T20:05:16.744153
10,Gonzaga,13.9,14.5,28.4,-0.05,-0.05,18,7,71.4,37,10,118,12,1.22,0.30,0.93,33,8,25,2,2026-02-16T20:05:16.744153
11,Texas Tech,14.6,10.0,24.6,0.03,-0.05,14,23,68.4,207,11,84,17,0.76,0.28,0.48,19,7,19,6,2026-02-16T20:05:16.744153
12,Vanderbilt,14.9,9.3,24.3,0.03,0.03,11,25,70.8,67,21,173,11,0.92,0.16,0.76,23,4,21,4,2026-02-16T20:05:16.744153
13,Nebraska,10.0,14.0,24.1,0.03,-0.05,43,8,68.4,210,13,249,32,1.04,0.28,0.76,26,7,22,3,2026-02-16T20:05:16.744153
14,Kansas,10.2,13.8,24.0,0.03,-0.05,42,9,68.5,203,12,5,16,0.52,0.28,0.24,13,7,19,6,2026-02-16T20:05:16.744153
15,Louisville,13.9,10.0,23.9,-0.05,0.03,19,21,71.5,32,14,37,9,1.08,0.28,0.80,27,7,19,6,2026-02-16T20:05:16.744153
16,Arkansas,16.0,7.9,23.9,-0.05,0.03,7,36,71.5,34,15,74,13,0.92,0.20,0.72,23,5,19,6,2026-02-16T20:05:16.744153
17,St. John's,11.7,12.1,23.8,-0.05,-0.05,30,14,71.3,46,16,277,14,0.68,0.12,0.56,17,3,20,5,2026-02-16T20:05:16.744153
18,Virginia,12.3,11.5,23.8,0.03,-0.05,25,18,66.8,298,17,94,26,1.04,0.20,0.84,26,5,22,3,2026-02-16T20:05:16.744153
19,Michigan St.,10.5,13.2,23.7,0.03,-0.05,40,12,67.3,267,18,19,20,0.68,0.16,0.52,17,4,20,5,2026-02-16T20:05:16.744153
20,Tennessee,11.5,12.2,23.7,-0.05,-0.05,32,13,67.0,290,19,18,22,0.64,0.16,0.48,16,4,18,7,2026-02-16T20:05:16.744153
21,Alabama,16.2,6.9,23.1,-0.05,0.03,6,45,75.1,1,20,242,15,0.44,0.40,0.04,11,10,18,7,2026-02-16T20:05:16.744153
22,Saint Louis,11.1,9.8,20.9,0.03,-0.05,35,24,72.8,13,22,82,44,1.42,0.13,1.29,34,3,23,1,2026-02-16T20:05:16.744153
23,Kentucky,11.1,9.2,20.3,-0.05,0.03,36,26,70.0,114,26,42,19,0.72,0.24,0.48,18,6,17,8,2026-02-16T20:05:16.744153
24,Utah St.,13.7,6.4,20.2,0.03,-0.05,20,48,69.1,161,23,207,42,0.71,0.25,0.46,17,6,21,3,2026-02-16T20:05:16.744153
25,Texas,15.6,4.5,20.1,0.03,0.03,9,75,68.1,229,24,223,30,0.42,0.21,0.21,10,5,15,9,2026-02-16T20:05:16.744153
26,North Carolina,11.9,8.0,19.9,-0.05,0.03,29,33,69.6,142,65,12,29,0.72,0.32,0.40,18,8,20,5,2026-02-16T20:05:16.744153
27,Wisconsin,14.0,5.9,19.9,0.03,0.03,15,52,69.6,135,25,178,35,0.80,0.28,0.52,20,7,18,7,2026-02-16T20:05:16.744153
28,Iowa,12.5,7.0,19.5,-0.05,-0.05,24,43,65.3,353,27,215,28,0.76,0.48,0.28,19,12,18,7,2026-02-16T20:05:16.744153
29,N.C. State,12.2,7.2,19.5,-0.05,-0.05,26,39,70.5,80,28,167,23,1.00,0.42,0.58,26,11,18,8,2026-02-16T20:05:16.744153
30,Villanova,10.4,8.7,19.1,-0.05,-0.05,41,30,66.2,323,29,251,47,0.48,0.32,0.16,12,8,20,5,2026-02-16T20:05:16.744153
31,Ohio St.,14.0,5.1,19.1,-0.05,-0.05,16,62,68.2,223,37,169,21,0.60,0.36,0.24,15,9,16,9,2026-02-16T20:05:16.744153
32,Saint Mary's,8.6,10.3,18.9,-0.05,-0.05,53,20,66.4,316,30,52,48,0.65,0.15,0.50,17,4,22,4,2026-02-16T20:05:16.744153
33,Auburn,15.2,3.7,18.9,-0.05,-0.05,10,86,68.7,188,42,63,27,0.52,0.44,0.08,13,11,14,11,2026-02-16T20:05:16.744153
34,Clemson,6.5,12.1,18.6,-0.05,0.03,63,15,65.8,336,31,274,45,0.69,0.19,0.50,18,5,20,6,2026-02-16T20:05:16.744153
35,Miami FL,10.7,7.9,18.6,-0.05,0.03,39,34,69.7,127,32,234,25,0.80,0.24,0.56,20,6,20,5,2026-02-16T20:05:16.744153
36,UCLA,10.8,7.8,18.5,-0.05,-0.05,37,37,66.5,312,33,50,24,0.64,0.44,0.20,16,11,17,8,2026-02-16T20:05:16.744153
37,Indiana,12.0,6.4,18.5,-0.05,0.03,28,49,67.8,246,34,46,36,0.46,0.42,0.04,12,11,17,9,2026-02-16T20:05:16.744153
38,SMU,12.9,4.7,17.7,-0.05,0.03,21,71,70.6,74,35,185,31,0.76,0.32,0.44,19,8,17,8,2026-02-16T20:05:16.744153
39,Texas A&M,11.4,5.9,17.3,-0.05,0.03,33,50,72.3,21,36,272,43,0.96,0.44,0.52,24,11,17,8,2026-02-16T20:05:16.744153
40,Santa Clara,11.2,5.5,16.7,0.03,-0.05,34,59,70.9,63,38,257,62,0.70,0.37,0.33,19,10,21,6,2026-02-16T20:05:16.744153
41,Cincinnati,3.3,13.3,16.5,0.03,0.03,109,10,68.6,192,39,56,33,0.88,0.50,0.38,23,13,14,12,2026-02-16T20:05:16.744153
42,Georgia,10.7,5.8,16.5,-0.05,0.03,38,53,73.2,9,44,154,34,1.00,0.48,0.52,25,12,17,8,2026-02-16T20:05:16.744153
43,Baylor,12.9,3.5,16.4,-0.05,-0.05,22,92,69.2,156,40,170,37,0.63,0.42,0.21,15,10,12,12,2026-02-16T20:05:16.744153
44,TCU,6.9,8.9,15.8,0.03,0.03,60,29,69.0,167,41,117,46,0.64,0.36,0.28,16,9,16,9,2026-02-16T20:05:16.744153
45,BYU,9.2,6.5,15.7,-0.05,0.03,48,47,71.2,53,43,34,18,0.54,0.42,0.13,13,10,19,6,2026-02-16T20:05:16.744153
46,VCU,9.1,5.1,14.1,0.03,0.03,51,63,70.6,77,47,172,58,0.54,0.42,0.12,14,11,20,6,2026-02-16T20:05:16.744153
47,San Diego St.,2.4,11.7,14.1,-0.05,-0.05,124,16,69.5,144,45,199,50,0.76,0.33,0.43,16,7,17,6,2026-02-16T20:05:16.744153
48,Oklahoma,12.8,1.0,13.9,0.03,-0.05,23,146,68.2,217,46,54,40,0.56,0.32,0.24,14,8,13,12,2026-02-16T20:05:16.744153
49,New Mexico,6.3,7.2,13.5,0.03,-0.05,65,40,70.6,76,50,276,90,0.79,0.17,0.63,19,4,18,6,2026-02-16T20:05:16.744153
50,Seton Hall,1.7,11.7,13.4,0.03,0.03,138,17,66.8,299,48,246,67,0.64,0.20,0.44,16,5,18,8,2026-02-16T20:05:16.744153
51,USC,5.7,7.6,13.2,0.03,-0.05,75,38,71.0,56,58,213,41,0.54,0.38,0.17,13,9,17,7,2026-02-16T20:05:16.744153
52,Missouri,9.3,3.9,13.2,-0.05,0.03,47,85,68.0,234,52,176,39,0.60,0.36,0.24,15,9,17,8,2026-02-16T20:05:16.744153
53,South Florida,8.1,4.9,13.0,0.03,-0.05,55,68,72.7,17,49,294,51,0.64,0.40,0.24,16,10,17,8,2026-02-16T20:05:16.744153
54,Washington,6.3,6.7,13.0,-0.05,0.03,67,46,68.2,218,51,269,38,0.65,0.31,0.35,17,8,13,13,2026-02-16T20:05:16.744153
55,West Virginia,3.8,9.0,12.8,-0.05,-0.05,97,27,64.9,361,53,45,54,0.80,0.36,0.44,20,9,16,9,2026-02-16T20:05:16.744153
56,Yale,12.0,0.6,12.6,0.03,0.03,27,154,67.0,286,54,197,78,0.55,0.09,0.45,12,2,18,4,2026-02-16T20:05:16.744153
57,Belmont,10.0,2.4,12.4,0.03,-0.05,44,111,70.4,88,55,350,76,1.04,0.48,0.56,28,13,23,4,2026-02-16T20:05:16.744153
58,Boise St.,9.1,3.0,12.1,-0.05,0.03,50,100,67.1,282,56,230,82,0.45,0.59,-0.14,10,13,14,9,2026-02-16T20:05:16.744153
59,Virginia Tech,6.4,4.7,11.1,0.03,0.03,64,72,68.4,205,59,236,68,0.69,0.38,0.31,18,10,17,9,2026-02-16T20:05:16.744153
60,UCF,9.4,1.7,11.0,-0.05,0.03,46,128,70.6,75,76,49,66,0.58,0.67,-0.08,14,16,17,7,2026-02-16T20:05:16.744153
61,McNeese,5.7,5.0,10.7,-0.05,0.03,73,64,67.9,237,57,134,60,0.88,0.33,0.54,21,8,19,5,2026-02-16T20:05:16.744153
62,Syracuse,5.7,4.9,10.6,-0.05,-0.05,74,67,69.4,147,60,143,55,0.62,0.35,0.27,16,9,15,11,2026-02-16T20:05:16.744153
63,George Washington,8.4,2.2,10.6,0.03,0.03,54,120,70.5,81,75,91,59,0.72,0.32,0.40,18,8,14,11,2026-02-16T20:05:16.744153
64,Providence,11.5,-1.0,10.5,0.03,-0.05,31,191,72.0,26,70,123,57,0.46,0.38,0.08,12,10,11,15,2026-02-16T20:05:16.744153
65,Wake Forest,6.0,4.4,10.4,-0.05,-0.05,68,77,69.8,121,81,285,64,0.44,0.44,0.00,11,11,13,12,2026-02-16T20:05:16.744153
66,Grand Canyon,2.6,7.9,10.4,0.03,-0.05,123,35,69.1,162,61,192,86,0.67,0.38,0.29,16,9,16,9,2026-02-16T20:05:16.744153
67,Akron,9.1,1.2,10.3,0.03,-0.05,49,144,71.8,28,62,221,72,0.70,0.17,0.52,16,4,18,5,2026-02-16T20:05:16.744153
68,Tulsa,9.5,0.7,10.2,-0.05,-0.05,45,152,69.5,146,67,62,84,0.92,0.21,0.71,22,5,18,6,2026-02-16T20:05:16.744153
69,Creighton,7.7,2.5,10.2,-0.05,0.03,56,109,68.1,228,63,265,53,0.58,0.58,0.00,15,15,13,13,2026-02-16T20:05:16.744153
70,Mississippi St.,4.5,5.7,10.1,-0.05,-0.05,88,56,70.4,85,64,346,52,0.32,0.48,-0.16,8,12,12,13,2026-02-16T20:05:16.744153
71,Stephen F. Austin,3.9,5.9,9.8,0.03,-0.05,96,51,67.2,277,66,247,112,0.50,0.08,0.42,12,2,21,3,2026-02-16T20:05:16.744153
72,Nevada,5.5,4.2,9.7,-0.05,-0.05,78,79,67.0,291,68,71,100,0.44,0.24,0.20,11,6,17,8,2026-02-16T20:05:16.744153
73,California,5.5,4.0,9.6,-0.05,0.03,77,82,68.9,176,72,270,81,0.84,0.60,0.24,21,15,17,8,2026-02-16T20:05:16.744153
74,Miami OH,7.3,2.2,9.5,0.03,0.03,58,118,71.4,38,69,261,89,0.73,0.23,0.50,16,5,22,0,2026-02-16T20:05:16.744153
75,Northwestern,6.0,3.5,9.5,-0.05,0.03,69,93,66.9,297,71,78,69,0.58,0.46,0.12,15,12,10,16,2026-02-16T20:05:16.744153
76,Oklahoma St.,6.7,2.6,9.3,0.03,0.03,61,106,73.1,10,73,90,65,0.64,0.44,0.20,16,11,16,9,2026-02-16T20:05:16.744153
77,Georgetown,5.6,3.7,9.3,0.03,-0.05,76,88,67.9,238,74,325,56,0.56,0.36,0.20,14,9,13,12,2026-02-16T20:05:16.744153
78,Mississippi,4.7,4.5,9.1,-0.05,-0.05,86,76,67.2,279,82,299,63,0.32,0.32,0.00,8,8,11,14,2026-02-16T20:05:16.744153
79,LSU,6.3,2.5,8.8,-0.05,-0.05,66,107,68.1,231,83,324,61,0.67,0.17,0.50,16,4,14,11,2026-02-16T20:05:16.744153
80,Northern Iowa,-0.5,9.0,8.5,0.03,0.03,179,28,64.6,363,77,177,101,0.46,0.35,0.12,12,9,16,10,2026-02-16T20:05:16.744153
81,Colorado,6.7,1.7,8.3,0.03,0.03,62,127,69.6,138,78,20,87,0.35,0.46,-0.12,9,12,14,12,2026-02-16T20:05:16.744153
82,Utah Valley,3.4,4.9,8.3,0.03,-0.05,107,66,70.3,91,79,17,103,0.68,0.05,0.64,15,1,15,7,2026-02-16T20:05:16.744153
83,Dayton,1.4,7.0,8.3,-0.05,-0.05,146,44,69.6,143,80,11,74,0.48,0.68,-0.20,12,17,16,9,2026-02-16T20:05:16.744153
84,Arizona St.,6.0,2.3,8.2,0.03,0.03,70,114,70.6,73,91,179,75,0.52,0.40,0.12,13,10,13,12,2026-02-16T20:05:16.744153
85,Minnesota,3.6,4.6,8.2,-0.05,0.03,100,74,64.9,360,89,73,70,0.72,0.44,0.28,18,11,11,14,2026-02-16T20:05:16.744153
86,Notre Dame,5.3,2.8,8.1,0.03,-0.05,80,104,67.2,276,94,216,77,0.50,0.42,0.08,13,11,12,14,2026-02-16T20:05:16.744153
87,High Point,7.7,0.4,8.1,-0.05,-0.05,57,162,70.6,79,84,67,80,1.00,0.20,0.80,25,5,21,4,2026-02-16T20:05:16.744153
88,Florida St.,4.7,3.3,8.1,-0.05,-0.05,85,98,72.2,23,85,298,79,0.76,0.60,0.16,19,15,12,13,2026-02-16T20:05:16.744153
89,Marquette,3.0,4.8,7.8,-0.05,-0.05,116,70,70.8,66,86,53,73,0.50,0.50,0.00,13,13,9,17,2026-02-16T20:05:16.744153
90,Liberty,7.2,0.5,7.6,-0.05,-0.05,59,160,65.9,329,87,194,85,0.77,0.45,0.32,17,10,19,3,2026-02-16T20:05:16.744153
91,Stanford,3.6,3.9,7.5,-0.05,0.03,101,84,68.7,191,88,124,92,0.46,0.50,-0.04,12,13,16,10,2026-02-16T20:05:16.744153
92,Memphis,0.3,7.0,7.3,-0.05,0.03,161,42,71.0,59,92,10,91,0.32,0.52,-0.20,8,13,12,13,2026-02-16T20:05:16.744153
93,Wichita St.,2.0,5.1,7.1,-0.05,0.03,131,61,68.1,227,90,89,106,0.80,0.36,0.44,20,9,15,10,2026-02-16T20:05:16.744153
94,George Mason,3.5,3.6,7.0,0.03,0.03,105,91,65.6,344,96,27,105,0.56,0.44,0.12,14,11,20,5,2026-02-16T20:05:16.744153
95,Illinois St.,2.0,5.0,6.9,-0.05,0.03,133,65,68.5,199,93,3,99,0.58,0.42,0.15,15,11,16,10,2026-02-16T20:05:16.744153
96,Kansas St.,4.4,2.4,6.8,-0.05,0.03,91,110,72.2,24,100,363,71,0.44,0.60,-0.16,11,15,10,15,2026-02-16T20:05:16.744153
97,Xavier,4.4,2.1,6.4,-0.05,0.03,90,123,71.5,36,95,139,94,0.60,0.48,0.12,15,12,13,12,2026-02-16T20:05:16.744153
98,Butler,4.7,1.6,6.2,-0.05,0.03,87,132,69.6,134,116,137,95,0.50,0.38,0.12,13,10,13,13,2026-02-16T20:05:16.744153
99,UNC Wilmington,3.8,2.1,5.9,0.03,-0.05,98,122,66.1,326,97,286,110,0.50,0.46,0.04,12,11,20,4,2026-02-16T20:05:16.744153
100,Hofstra,2.9,2.8,5.8,0.03,-0.05,119,103,66.6,305,98,260,132,0.32,0.32,0.00,8,8,15,10,2026-02-16T20:05:16.744153
101,Oregon,2.7,3.0,5.8,-0.05,0.03,120,99,67.4,266,99,127,49,0.24,0.36,-0.12,6,9,9,16,2026-02-16T20:05:16.744153
102,Pittsburgh,4.0,1.6,5.6,-0.05,0.03,95,130,65.6,341,105,290,83,0.54,0.65,-0.12,14,17,9,17,2026-02-16T20:05:16.744153
103,South Carolina,3.2,2.3,5.4,-0.05,0.03,111,115,67.6,252,101,281,97,0.44,0.40,0.04,11,10,11,14,2026-02-16T20:05:16.744153
104,Duquesne,3.5,2.0,5.4,-0.05,-0.05,106,124,70.7,72,102,291,98,0.48,0.43,0.04,11,10,13,10,2026-02-16T20:05:16.744153
105,DePaul,0.7,4.6,5.3,-0.05,-0.05,153,73,67.5,261,104,128,88,0.40,0.32,0.08,10,8,13,12,2026-02-16T20:05:16.744153
106,Illinois Chicago,0.0,4.8,4.8,0.03,-0.05,163,69,68.2,216,103,196,128,0.64,0.36,0.28,16,9,13,12,2026-02-16T20:05:16.744153
107,Bradley,2.2,2.3,4.5,0.03,0.03,128,112,68.8,182,106,60,119,0.62,0.35,0.27,16,9,17,9,2026-02-16T20:05:16.744153
108,Davidson,3.1,1.3,4.5,-0.05,-0.05,114,139,65.4,349,107,341,139,0.57,0.61,-0.04,13,14,13,10,2026-02-16T20:05:16.744153
109,San Francisco,4.2,0.2,4.4,0.03,0.03,92,167,67.5,260,108,355,93,0.33,0.33,0.00,9,9,14,13,2026-02-16T20:05:16.744153
110,UC Irvine,-4.1,8.5,4.4,0.03,-0.05,258,31,70.3,92,109,254,135,0.54,0.21,0.33,13,5,15,9,2026-02-16T20:05:16.744153
111,Maryland,3.0,1.4,4.4,-0.05,0.03,118,138,68.6,194,125,184,96,0.36,0.80,-0.44,9,20,10,15,2026-02-16T20:05:16.744153
112,Colorado St.,5.1,-0.7,4.3,-0.05,0.03,82,182,65.0,359,130,24,107,0.42,0.33,0.08,10,8,14,10,2026-02-16T20:05:16.744153
113,Troy,2.7,1.6,4.3,0.03,0.03,121,129,67.7,248,110,226,129,0.52,0.40,0.12,13,10,15,10,2026-02-16T20:05:16.744153
114,Florida Atlantic,2.1,2.2,4.3,0.03,0.03,129,119,71.2,48,111,9,121,0.54,0.42,0.13,13,10,12,12,2026-02-16T20:05:16.744153
115,Murray St.,6.0,-1.8,4.2,-0.05,0.03,71,211,72.3,20,112,244,109,0.71,0.50,0.21,20,14,19,9,2026-02-16T20:05:16.744153
116,UAB,0.4,3.6,4.0,-0.05,-0.05,158,90,70.7,70,136,344,118,0.52,0.32,0.20,13,8,15,10,2026-02-16T20:05:16.744153
117,Winthrop,4.1,-0.3,3.9,0.03,0.03,93,173,71.2,50,113,237,150,0.58,0.50,0.08,14,12,16,8,2026-02-16T20:05:16.744153
118,Hawaii,-1.5,5.4,3.9,-0.05,0.03,197,60,70.1,97,114,81,122,0.71,0.29,0.43,15,6,16,6,2026-02-16T20:05:16.744153
119,Rhode Island,-0.2,4.0,3.8,0.03,0.03,164,83,67.9,242,120,306,120,0.40,0.40,0.00,10,10,14,11,2026-02-16T20:05:16.744153
120,Sam Houston St.,3.2,0.5,3.7,0.03,-0.05,110,159,71.3,47,119,211,136,0.32,0.36,-0.05,7,8,14,8,2026-02-16T20:05:16.744153
121,St. Thomas,5.1,-1.7,3.4,-0.05,-0.05,81,204,70.1,104,115,310,123,0.84,0.28,0.56,21,7,18,7,2026-02-16T20:05:16.744153
122,Utah,3.5,-0.5,3.0,0.03,-0.05,102,179,69.2,157,117,214,102,0.28,0.40,-0.12,7,10,9,16,2026-02-16T20:05:16.744153
123,UC Santa Barbara,5.8,-2.9,2.9,0.03,-0.05,72,240,66.2,324,137,21,104,0.46,0.38,0.08,11,9,15,9,2026-02-16T20:05:16.744153
124,East Tennessee St.,1.4,1.5,2.9,-0.05,0.03,144,135,67.5,262,118,96,131,0.84,0.44,0.40,21,11,17,8,2026-02-16T20:05:16.744153
125,Pacific,0.8,2.0,2.8,-0.05,0.03,151,125,66.5,308,121,187,116,0.50,0.27,0.23,13,7,15,11,2026-02-16T20:05:16.744153
126,Penn St.,5.0,-2.3,2.7,-0.05,0.03,83,224,68.8,186,123,48,115,0.69,0.62,0.08,18,16,11,15,2026-02-16T20:05:16.744153
127,North Dakota St.,3.4,-0.8,2.7,0.03,0.03,108,183,67.5,258,122,331,152,0.54,0.38,0.17,13,9,18,6,2026-02-16T20:05:16.744153
128,Wyoming,3.0,-0.4,2.6,-0.05,0.03,117,176,67.7,250,128,15,126,0.38,0.58,-0.21,9,14,12,12,2026-02-16T20:05:16.744153
129,Southern Illinois,-3.2,5.8,2.6,0.03,-0.05,240,54,70.2,93,124,243,138,0.62,0.46,0.15,16,12,11,15,2026-02-16T20:05:16.744153
130,UC San Diego,-1.8,4.3,2.5,0.03,0.03,209,78,69.3,154,126,347,165,0.48,0.32,0.16,12,8,16,9,2026-02-16T20:05:16.744153
131,Seattle,-6.0,8.4,2.5,0.03,-0.05,296,32,68.9,180,127,114,153,0.48,0.32,0.16,12,8,14,11,2026-02-16T20:05:16.744153
132,North Texas,-5.1,7.2,2.1,0.03,-0.05,273,41,66.5,310,129,162,133,0.50,0.33,0.17,12,8,13,11,2026-02-16T20:05:16.744153
133,UNLV,3.5,-1.4,2.1,0.03,-0.05,103,197,71.2,52,132,348,125,0.26,0.48,-0.22,6,11,12,12,2026-02-16T20:05:16.744153
134,Arkansas St.,1.5,0.5,2.0,-0.05,0.03,141,158,72.7,16,131,133,147,0.72,0.48,0.24,18,12,14,11,2026-02-16T20:05:16.744153
135,Rutgers,0.8,1.2,2.0,-0.05,0.03,150,143,68.0,236,141,150,127,0.40,0.60,-0.20,10,15,10,15,2026-02-16T20:05:16.744153
136,Saint Joseph's,-2.1,4.1,2.0,0.03,-0.05,219,80,69.1,163,133,206,111,0.39,0.48,-0.09,9,11,13,10,2026-02-16T20:05:16.744153
137,St. Bonaventure,3.5,-1.5,1.9,-0.05,-0.05,104,199,68.1,230,134,342,113,0.46,0.25,0.21,11,6,13,11,2026-02-16T20:05:16.744153
138,Portland St.,-3.7,5.5,1.9,0.03,0.03,251,58,69.1,164,135,126,144,0.24,0.29,-0.05,5,6,14,7,2026-02-16T20:05:16.744153
139,Washington St.,4.1,-2.4,1.7,-0.05,0.03,94,227,69.1,159,139,39,168,0.38,0.42,-0.04,10,11,10,16,2026-02-16T20:05:16.744153
140,Kent St.,1.4,0.3,1.7,0.03,-0.05,143,165,71.5,33,138,116,124,0.17,0.67,-0.50,4,16,17,7,2026-02-16T20:05:16.744153
141,Austin Peay,0.8,0.9,1.6,0.03,-0.05,152,148,69.8,120,140,92,141,0.65,0.35,0.30,15,8,17,6,2026-02-16T20:05:16.744153
142,Montana St.,1.0,0.6,1.6,0.03,0.03,148,157,67.2,280,142,165,178,0.52,0.30,0.22,12,7,12,11,2026-02-16T20:05:16.744153
143,Boston College,-4.2,5.7,1.5,0.03,0.03,259,55,67.6,256,154,191,114,0.29,0.42,-0.13,7,10,9,16,2026-02-16T20:05:16.744153
144,Cal Baptist,-2.0,3.5,1.4,0.03,0.03,217,96,67.3,270,143,275,216,0.48,0.28,0.20,12,7,19,7,2026-02-16T20:05:16.744153
145,Richmond,2.2,-0.8,1.4,-0.05,0.03,127,186,68.5,201,144,258,117,0.72,0.24,0.48,18,6,13,12,2026-02-16T20:05:16.744153
146,William & Mary,2.3,-0.9,1.4,0.03,-0.05,125,188,73.6,7,145,166,155,0.50,0.42,0.08,12,10,14,10,2026-02-16T20:05:16.744153
147,Wright St.,3.1,-2.0,1.2,0.03,0.03,112,219,68.2,220,146,297,148,0.68,0.20,0.48,17,5,15,10,2026-02-16T20:05:16.744153
148,Mercer,1.8,-0.7,1.1,-0.05,-0.05,137,181,70.9,65,147,32,189,0.71,0.25,0.46,17,6,14,10,2026-02-16T20:05:16.744153
149,Cornell,9.0,-7.9,1.1,-0.05,-0.05,52,331,72.8,14,148,353,163,0.62,0.52,0.10,13,11,10,11,2026-02-16T20:05:16.744153
150,Harvard,-0.4,1.5,1.0,0.03,-0.05,178,134,65.2,356,149,360,143,0.52,0.48,0.04,12,11,13,10,2026-02-16T20:05:16.744153
151,Towson,-2.5,3.5,1.0,-0.05,-0.05,226,97,65.8,335,150,47,146,0.56,0.52,0.04,14,13,12,13,2026-02-16T20:05:16.744153
152,Navy,-1.9,2.9,1.0,-0.05,-0.05,212,101,67.3,271,151,129,157,0.76,0.28,0.48,19,7,19,6,2026-02-16T20:05:16.744153
153,Northern Colorado,3.1,-2.2,0.9,0.03,0.03,115,223,69.7,131,152,322,164,0.38,0.42,-0.04,9,10,14,10,2026-02-16T20:05:16.744153
154,Bowling Green,-2.8,3.7,0.9,-0.05,-0.05,234,87,69.8,126,153,190,142,0.65,0.43,0.22,15,10,13,10,2026-02-16T20:05:16.744153
155,Fresno St.,-2.9,3.6,0.8,-0.05,-0.05,236,89,70.1,99,171,204,161,0.39,0.39,0.00,9,9,11,13,2026-02-16T20:05:16.744153
156,Temple,2.2,-1.6,0.7,-0.05,-0.05,126,200,67.0,289,155,220,130,0.50,0.42,0.08,12,10,14,10,2026-02-16T20:05:16.744153
157,Appalachian St.,-3.4,4.1,0.7,0.03,-0.05,245,81,64.6,364,156,295,220,0.65,0.50,0.15,17,13,16,10,2026-02-16T20:05:16.744153
158,UT Rio Grande Valley,-0.3,0.8,0.5,0.03,0.03,171,150,68.9,179,157,358,180,0.42,0.71,-0.29,10,17,12,12,2026-02-16T20:05:16.744153
159,Georgia Tech,-0.4,0.9,0.5,0.03,0.03,176,149,71.1,54,163,338,108,0.50,0.31,0.19,13,8,11,15,2026-02-16T20:05:16.744153
160,Furman,-0.4,0.8,0.4,-0.05,0.03,177,151,67.6,251,158,333,156,0.46,0.25,0.21,11,6,14,10,2026-02-16T20:05:16.744153
161,Loyola Marymount,-1.7,1.9,0.2,-0.05,-0.05,201,126,68.8,184,168,160,140,0.48,0.48,0.00,13,13,12,15,2026-02-16T20:05:16.744153
162,New Mexico St.,1.9,-1.6,0.2,0.03,-0.05,135,203,67.5,259,159,210,145,0.45,0.68,-0.23,10,15,9,13,2026-02-16T20:05:16.744153
163,Tulane,-1.0,1.2,0.2,-0.05,-0.05,190,142,68.6,198,160,356,134,0.46,0.25,0.21,11,6,14,10,2026-02-16T20:05:16.744153
164,Merrimack,-2.5,2.7,0.2,-0.05,-0.05,228,105,65.4,352,161,195,217,0.44,0.41,0.04,12,11,18,9,2026-02-16T20:05:16.744153
165,Fordham,-2.6,2.8,0.2,0.03,0.03,230,102,65.9,331,162,352,166,0.26,0.35,-0.09,6,8,11,12,2026-02-16T20:05:16.744153
166,South Alabama,-1.1,1.0,-0.1,0.03,0.03,192,147,66.3,321,164,231,186,0.63,0.38,0.25,15,9,17,7,2026-02-16T20:05:16.744153
167,Samford,1.5,-1.7,-0.2,0.03,-0.05,140,208,68.4,204,165,153,190,0.44,0.56,-0.12,11,14,13,12,2026-02-16T20:05:16.744153
168,Charleston,-1.6,1.3,-0.3,-0.05,0.03,198,141,69.7,132,166,308,173,0.46,0.46,0.00,12,12,16,10,2026-02-16T20:05:16.744153
169,Kennesaw St.,1.6,-2.0,-0.4,0.03,0.03,139,220,72.3,22,182,104,167,0.55,0.41,0.14,12,9,11,11,2026-02-16T20:05:16.744153
170,Oakland,4.9,-5.3,-0.4,0.03,0.03,84,291,70.7,71,167,263,149,0.27,0.35,-0.08,7,9,13,13,2026-02-16T20:05:16.744153
171,Marshall,1.4,-2.0,-0.6,-0.05,-0.05,145,221,70.7,69,169,149,159,0.52,0.56,-0.04,13,14,15,10,2026-02-16T20:05:16.744153
172,Toledo,3.1,-3.8,-0.7,-0.05,0.03,113,261,70.1,107,170,300,154,0.46,0.58,-0.13,11,14,11,13,2026-02-16T20:05:16.744153
173,Siena,-0.2,-0.5,-0.7,-0.05,-0.05,166,178,66.5,313,172,283,160,0.41,0.44,-0.04,11,12,18,9,2026-02-16T20:05:16.744153
174,Massachusetts,0.4,-1.7,-1.2,0.03,0.03,157,205,71.7,30,173,212,137,0.40,0.28,0.12,10,7,14,11,2026-02-16T20:05:16.744153
175,Robert Morris,1.5,-2.9,-1.4,0.03,-0.05,142,239,66.5,311,174,51,171,0.46,0.58,-0.12,12,15,16,10,2026-02-16T20:05:16.744153
176,Marist,-7.1,5.7,-1.4,-0.05,0.03,309,57,67.6,254,175,8,175,0.52,0.44,0.08,13,11,15,10,2026-02-16T20:05:16.744153
177,Oregon St.,-0.6,-0.9,-1.5,-0.05,-0.05,182,187,66.4,319,176,158,151,0.36,0.57,-0.21,10,16,14,14,2026-02-16T20:05:16.744153
178,CSUN,-0.4,-1.1,-1.5,0.03,-0.05,174,193,74.1,5,177,29,205,0.58,0.54,0.04,14,13,14,10,2026-02-16T20:05:16.744153
179,Penn,-1.8,0.2,-1.6,-0.05,0.03,208,166,70.2,95,181,284,206,0.45,0.41,0.05,10,9,12,10,2026-02-16T20:05:16.744153
180,Central Arkansas,-1.7,0.1,-1.6,-0.05,0.03,200,168,69.7,128,178,28,234,0.68,0.72,-0.04,17,18,15,10,2026-02-16T20:05:16.744153
181,Monmouth,-2.8,1.1,-1.7,0.03,0.03,235,145,68.5,202,179,357,158,0.36,0.60,-0.24,9,15,13,12,2026-02-16T20:05:16.744153
182,Montana,-1.7,-0.0,-1.8,-0.05,-0.05,205,169,70.3,89,180,314,197,0.50,0.36,0.14,11,8,11,11,2026-02-16T20:05:16.744153
183,Quinnipiac,-3.5,1.6,-1.9,0.03,-0.05,248,131,70.9,62,183,365,187,0.44,0.26,0.19,12,7,17,10,2026-02-16T20:05:16.744153
184,Valparaiso,-2.5,0.6,-1.9,0.03,-0.05,227,156,67.0,284,184,121,246,0.42,0.42,0.00,11,11,13,13,2026-02-16T20:05:16.744153
185,Middle Tennessee,-0.9,-1.0,-1.9,0.03,-0.05,185,192,67.3,274,185,183,199,0.41,0.55,-0.14,9,12,9,13,2026-02-16T20:05:16.744153
186,Western Kentucky,-3.5,1.5,-2.1,0.03,0.03,249,136,71.2,51,188,171,162,0.48,0.57,-0.09,11,13,12,11,2026-02-16T20:05:16.744153
187,Vermont,0.5,-2.6,-2.1,0.03,-0.05,156,231,66.1,327,186,101,213,0.44,0.40,0.04,11,10,15,10,2026-02-16T20:05:16.744153
188,Idaho,-0.3,-1.8,-2.1,-0.05,0.03,173,210,69.0,171,187,182,188,0.57,0.48,0.09,13,11,11,12,2026-02-16T20:05:16.744153
189,Texas A&M Corpus Chris,-5.9,3.5,-2.4,-0.05,0.03,294,95,68.1,225,189,304,223,0.36,0.59,-0.23,8,13,10,12,2026-02-16T20:05:16.744153
190,Colgate,-0.5,-1.9,-2.4,0.03,0.03,181,217,68.3,214,190,323,203,0.68,0.28,0.40,17,7,14,11,2026-02-16T20:05:16.744153
191,Lipscomb,-1.3,-1.2,-2.5,0.03,-0.05,194,194,71.0,57,191,68,209,0.64,0.72,-0.08,16,18,14,11,2026-02-16T20:05:16.744153
192,FIU,-2.2,-0.3,-2.5,0.03,-0.05,222,174,72.9,11,192,79,176,0.59,0.73,-0.14,13,16,9,13,2026-02-16T20:05:16.744153
193,Charlotte,2.0,-4.5,-2.6,0.03,-0.05,132,274,65.5,345,193,200,192,0.42,0.42,0.00,10,10,12,12,2026-02-16T20:05:16.744153
194,UC Davis,-3.1,0.5,-2.7,0.03,-0.05,237,161,70.1,103,194,93,210,0.38,0.50,-0.13,9,12,14,10,2026-02-16T20:05:16.744153
195,South Dakota St.,-0.9,-1.8,-2.7,-0.05,0.03,187,212,68.8,183,195,59,174,0.50,0.50,0.00,12,12,9,15,2026-02-16T20:05:16.744153
196,Buffalo,2.6,-5.4,-2.8,0.03,-0.05,122,294,68.2,222,265,364,221,0.57,0.35,0.22,13,8,13,10,2026-02-16T20:05:16.744153
197,UT Arlington,-4.4,1.5,-2.8,0.03,-0.05,261,133,66.9,293,196,146,211,0.35,0.30,0.04,8,7,12,11,2026-02-16T20:05:16.744153
198,UNC Asheville,-1.0,-1.9,-2.9,-0.05,0.03,189,218,66.4,317,197,273,185,0.26,0.43,-0.17,6,10,9,14,2026-02-16T20:05:16.744153
199,Northern Kentucky,-0.3,-2.7,-2.9,-0.05,-0.05,170,234,69.6,133,198,144,204,0.33,0.58,-0.25,8,14,13,11,2026-02-16T20:05:16.744153
200,Youngstown St.,-1.5,-1.5,-3.0,0.03,-0.05,196,198,68.7,189,199,335,170,0.50,0.29,0.21,12,7,10,14,2026-02-16T20:05:16.744153
201,Lamar,-2.7,-0.2,-3.0,0.03,-0.05,233,172,67.3,273,200,161,193,0.46,0.54,-0.08,11,13,10,14,2026-02-16T20:05:16.744153
202,Jacksonville St.,-3.7,0.7,-3.0,0.03,0.03,252,153,66.5,315,206,326,226,0.55,0.41,0.14,12,9,10,12,2026-02-16T20:05:16.744153
203,Tennessee Martin,-5.3,2.2,-3.0,-0.05,0.03,279,116,66.9,292,201,339,271,0.50,0.38,0.13,12,9,17,7,2026-02-16T20:05:16.744153
204,Columbia,-0.3,-2.8,-3.1,-0.05,0.03,172,237,69.0,170,202,351,191,0.50,0.55,-0.05,11,12,13,9,2026-02-16T20:05:16.744153
205,Drake,1.3,-4.5,-3.2,-0.05,0.03,147,273,68.4,209,204,233,200,0.38,0.54,-0.15,10,14,10,16,2026-02-16T20:05:16.744153
206,Ohio,0.2,-3.4,-3.2,-0.05,0.03,162,251,70.5,83,203,119,169,0.33,0.46,-0.13,8,11,11,13,2026-02-16T20:05:16.744153
207,James Madison,0.5,-3.7,-3.2,0.03,0.03,155,259,67.2,275,205,125,183,0.42,0.50,-0.08,11,13,13,13,2026-02-16T20:05:16.744153
208,LIU,-5.7,2.2,-3.6,0.03,0.03,290,121,69.6,140,207,255,231,0.62,0.50,0.12,16,13,17,9,2026-02-16T20:05:16.744153
209,Missouri St.,-1.9,-1.7,-3.7,0.03,-0.05,215,207,66.7,300,228,235,195,0.68,0.64,0.05,15,14,10,12,2026-02-16T20:05:16.744153
210,Radford,-0.8,-2.9,-3.7,0.03,-0.05,184,242,72.0,27,208,315,177,0.67,0.46,0.21,16,11,11,13,2026-02-16T20:05:16.744153
211,Campbell,0.4,-4.1,-3.7,-0.05,0.03,159,266,70.9,61,209,140,198,0.38,0.46,-0.08,9,11,10,14,2026-02-16T20:05:16.744153
212,Indiana St.,-1.8,-1.9,-3.7,0.03,-0.05,211,216,69.8,119,210,303,219,0.52,0.52,0.00,13,13,8,17,2026-02-16T20:05:16.744153
213,Louisiana Tech,-6.0,2.3,-3.7,-0.05,0.03,298,113,65.6,339,214,35,218,0.41,0.32,0.09,9,7,11,11,2026-02-16T20:05:16.744153
214,Queens,5.5,-9.3,-3.8,-0.05,-0.05,79,345,70.1,106,211,69,172,0.54,0.54,0.00,14,14,14,12,2026-02-16T20:05:16.744153
215,Wofford,2.1,-6.0,-3.9,-0.05,-0.05,130,305,69.4,151,212,309,207,0.56,0.40,0.16,14,10,15,10,2026-02-16T20:05:16.744153
216,Southeast Missouri,-3.4,-0.5,-3.9,0.03,-0.05,246,180,70.1,102,213,219,237,0.46,0.50,-0.04,11,12,13,11,2026-02-16T20:05:16.744153
217,Eastern Washington,1.9,-5.9,-3.9,0.03,-0.05,134,301,68.9,177,215,103,215,0.28,0.32,-0.04,7,8,8,17,2026-02-16T20:05:16.744153
218,Howard,-7.5,3.5,-4.0,-0.05,-0.05,319,94,71.3,45,216,65,262,0.55,0.32,0.23,12,7,12,10,2026-02-16T20:05:16.744153
219,SIUE,-6.2,2.2,-4.0,0.03,-0.05,302,117,66.2,322,217,318,247,0.46,0.42,0.04,11,10,14,10,2026-02-16T20:05:16.744153
220,Saint Peter's,-3.4,-0.8,-4.1,0.03,-0.05,242,184,66.5,309,218,44,243,0.57,0.52,0.04,13,12,14,9,2026-02-16T20:05:16.744153
221,Tarleton St.,-5.7,1.4,-4.3,-0.05,0.03,289,137,70.8,68,243,225,232,0.62,0.48,0.14,13,10,8,13,2026-02-16T20:05:16.744153
222,Elon,1.8,-6.2,-4.4,0.03,-0.05,136,307,68.4,211,219,359,208,0.36,0.56,-0.20,9,14,12,13,2026-02-16T20:05:16.744153
223,Drexel,-5.1,0.6,-4.5,-0.05,-0.05,272,155,65.6,342,220,252,244,0.56,0.44,0.12,14,11,12,13,2026-02-16T20:05:16.744153
224,UMBC,-2.0,-2.6,-4.6,-0.05,0.03,218,233,68.2,221,221,312,269,0.50,0.41,0.09,11,9,14,8,2026-02-16T20:05:16.744153
225,Utah Tech,-1.7,-2.9,-4.6,0.03,0.03,204,241,68.0,232,222,174,245,0.63,0.42,0.21,15,10,13,11,2026-02-16T20:05:16.744153
226,Texas St.,-3.8,-0.9,-4.8,0.03,0.03,256,189,68.0,235,223,14,228,0.27,0.38,-0.12,7,10,15,11,2026-02-16T20:05:16.744153
227,Bethune Cookman,-4.4,-0.4,-4.8,-0.05,-0.05,263,175,69.6,136,224,97,214,0.46,0.46,0.00,11,11,12,12,2026-02-16T20:05:16.744153
228,Old Dominion,-3.1,-1.7,-4.8,0.03,-0.05,238,206,69.8,117,225,163,196,0.50,0.50,0.00,13,13,8,18,2026-02-16T20:05:16.744153
229,Charleston Southern,-3.5,-1.4,-4.8,-0.05,-0.05,247,196,72.4,18,226,58,277,0.58,0.50,0.08,14,12,9,15,2026-02-16T20:05:16.744153
230,Stony Brook,-3.3,-1.9,-5.1,0.03,0.03,241,215,66.7,304,227,131,239,0.63,0.46,0.17,15,11,13,11,2026-02-16T20:05:16.744153
231,Western Carolina,-0.3,-5.1,-5.4,-0.05,-0.05,169,287,70.0,113,229,55,222,0.43,0.61,-0.17,10,14,8,15,2026-02-16T20:05:16.744153
232,Cal St. Fullerton,-3.8,-1.8,-5.5,-0.05,-0.05,255,209,74.0,6,230,203,273,0.52,0.56,-0.04,13,14,11,14,2026-02-16T20:05:16.744153
233,Coastal Carolina,-6.0,0.3,-5.7,0.03,0.03,297,164,68.3,213,231,181,283,0.31,0.50,-0.19,8,13,15,11,2026-02-16T20:05:16.744153
234,New Orleans,-1.8,-4.0,-5.8,0.03,0.03,210,264,71.4,39,232,328,238,0.35,0.46,-0.12,9,12,11,15,2026-02-16T20:05:16.744153
235,Tennessee St.,-1.3,-4.6,-5.9,0.03,0.03,193,275,71.3,42,233,228,235,0.43,0.52,-0.09,10,12,14,9,2026-02-16T20:05:16.744153
236,Weber St.,-0.3,-5.7,-5.9,0.03,-0.05,167,297,69.8,124,234,152,256,0.44,0.52,-0.08,11,13,11,14,2026-02-16T20:05:16.744153
237,Nebraska Omaha,-0.5,-5.5,-6.0,0.03,-0.05,180,295,68.7,190,235,145,227,0.33,0.42,-0.08,8,10,10,14,2026-02-16T20:05:16.744153
238,Florida Gulf Coast,-1.7,-4.4,-6.1,-0.05,-0.05,206,270,69.1,166,236,267,181,0.40,0.56,-0.16,10,14,10,15,2026-02-16T20:05:16.744153
239,East Carolina,-4.4,-1.8,-6.2,-0.05,-0.05,262,213,69.5,145,237,307,201,0.25,0.50,-0.25,6,12,8,16,2026-02-16T20:05:16.744153
240,La Salle,-5.3,-1.0,-6.2,-0.05,-0.05,277,190,67.1,281,252,26,236,0.50,0.67,-0.17,12,16,6,18,2026-02-16T20:05:16.744153
241,Dartmouth,-3.7,-2.5,-6.3,0.03,-0.05,254,230,71.0,58,238,362,250,0.38,0.62,-0.24,8,13,8,13,2026-02-16T20:05:16.744153
242,Hampton,-5.9,-0.4,-6.3,-0.05,-0.05,293,177,67.0,287,239,13,229,0.25,0.50,-0.25,6,12,10,14,2026-02-16T20:05:16.744153
243,Rice,-1.6,-4.8,-6.4,0.03,-0.05,199,277,67.7,249,240,168,182,0.08,0.63,-0.54,2,15,9,15,2026-02-16T20:05:16.744153
244,Iona,-4.1,-2.4,-6.5,0.03,0.03,257,226,70.1,101,241,70,242,0.81,0.48,0.33,22,13,15,12,2026-02-16T20:05:16.744153
245,Southern Miss,-5.7,-0.8,-6.5,0.03,-0.05,288,185,69.7,130,242,77,275,0.54,0.38,0.15,14,10,12,14,2026-02-16T20:05:16.744153
246,Lindenwood,-6.9,0.3,-6.6,-0.05,0.03,307,163,73.3,8,244,345,278,0.63,0.50,0.13,15,12,13,11,2026-02-16T20:05:16.744153
247,Princeton,-3.4,-3.2,-6.6,0.03,-0.05,244,246,65.7,338,245,110,248,0.38,0.63,-0.25,9,15,7,17,2026-02-16T20:05:16.744153
248,Abilene Christian,-8.2,1.3,-6.8,0.03,-0.05,328,140,68.7,187,246,155,225,0.23,0.64,-0.41,5,14,9,13,2026-02-16T20:05:16.744153
249,Green Bay,1.0,-7.8,-6.8,-0.05,-0.05,149,330,65.5,348,247,266,259,0.38,0.23,0.15,10,6,13,13,2026-02-16T20:05:16.744153
250,Fairfield,-1.7,-5.1,-6.8,0.03,0.03,207,286,68.6,195,248,316,265,0.46,0.50,-0.04,12,13,15,11,2026-02-16T20:05:16.744153
251,Longwood,-5.3,-1.6,-6.9,0.03,0.03,278,202,69.8,125,249,136,254,0.32,0.28,0.04,8,7,11,14,2026-02-16T20:05:16.744153
252,San Diego,-2.0,-5.0,-6.9,0.03,0.03,216,284,70.1,100,250,36,179,0.38,0.96,-0.58,10,25,9,17,2026-02-16T20:05:16.744153
253,Denver,3.6,-10.6,-7.0,0.03,-0.05,99,355,69.4,149,251,327,284,0.28,0.44,-0.16,7,11,10,15,2026-02-16T20:05:16.744153
254,American,-3.4,-3.6,-7.0,-0.05,-0.05,243,254,68.3,215,253,41,281,0.40,0.28,0.12,10,7,12,13,2026-02-16T20:05:16.744153
255,Brown,-9.5,2.5,-7.1,0.03,0.03,344,108,67.9,241,254,332,255,0.24,0.48,-0.24,5,10,6,15,2026-02-16T20:05:16.744153
256,Purdue Fort Wayne,-2.2,-5.0,-7.1,0.03,0.03,221,283,68.9,178,255,264,224,0.42,0.75,-0.33,10,18,12,12,2026-02-16T20:05:16.744153
257,Georgia Southern,-1.7,-5.7,-7.4,0.03,0.03,202,298,72.1,25,256,148,249,0.44,0.52,-0.08,11,13,13,12,2026-02-16T20:05:16.744153
258,Eastern Kentucky,0.5,-7.9,-7.4,0.03,-0.05,154,334,68.8,181,257,66,202,0.36,0.68,-0.32,9,17,7,18,2026-02-16T20:05:16.744153
259,Nicholls,-2.7,-4.7,-7.4,-0.05,-0.05,232,276,69.6,139,258,349,258,0.44,0.64,-0.20,11,16,10,15,2026-02-16T20:05:16.744153
260,Cal Poly,-1.5,-5.9,-7.4,0.03,0.03,195,303,74.5,2,259,253,297,0.28,0.72,-0.44,7,18,9,16,2026-02-16T20:05:16.744153
261,Detroit Mercy,-2.5,-4.9,-7.4,-0.05,-0.05,229,281,70.2,94,260,157,251,0.65,0.39,0.26,15,9,10,13,2026-02-16T20:05:16.744153
262,Boston University,0.3,-7.7,-7.4,0.03,-0.05,160,327,65.3,354,261,256,279,0.54,0.54,0.00,14,14,11,15,2026-02-16T20:05:16.744153
263,Eastern Michigan,-5.7,-1.9,-7.5,0.03,-0.05,287,214,67.6,257,281,102,241,0.40,0.40,0.00,10,10,8,17,2026-02-16T20:05:16.744153
264,UTEP,-6.2,-1.3,-7.5,0.03,0.03,301,195,66.9,294,263,209,252,0.48,0.57,-0.09,11,13,7,16,2026-02-16T20:05:16.744153
265,Milwaukee,-2.3,-5.4,-7.7,0.03,-0.05,223,293,69.2,158,262,217,233,0.37,0.48,-0.11,10,13,10,17,2026-02-16T20:05:16.744153
266,Presbyterian,-5.1,-2.7,-7.8,-0.05,-0.05,274,236,65.6,343,264,227,287,0.38,0.46,-0.08,9,11,10,14,2026-02-16T20:05:16.744153
267,San Jose St.,-1.0,-7.0,-8.0,-0.05,0.03,191,312,65.9,330,285,248,240,0.29,0.50,-0.21,7,12,5,19,2026-02-16T20:05:16.744153
268,Southern,-4.5,-3.7,-8.2,0.03,0.03,266,255,70.9,64,266,241,274,0.59,0.59,0.00,13,13,9,13,2026-02-16T20:05:16.744153
269,Sacred Heart,-0.4,-7.9,-8.3,0.03,0.03,175,333,70.1,105,267,189,230,0.52,0.52,0.00,14,14,11,16,2026-02-16T20:05:16.744153
270,Grambling St.,-8.3,-0.1,-8.3,-0.05,-0.05,333,170,68.2,219,268,311,299,0.36,0.55,-0.18,8,12,9,13,2026-02-16T20:05:16.744153
271,Sacramento St.,-3.2,-5.1,-8.4,0.03,-0.05,239,289,72.7,15,276,6,260,0.32,0.45,-0.14,7,10,6,16,2026-02-16T20:05:16.744153
272,Little Rock,-4.8,-3.7,-8.4,-0.05,-0.05,269,256,68.0,233,269,107,212,0.36,0.68,-0.32,9,17,8,17,2026-02-16T20:05:16.744153
273,Portland,-5.3,-3.2,-8.5,0.03,0.03,280,244,69.9,116,270,1,282,0.44,0.48,-0.04,11,12,10,15,2026-02-16T20:05:16.744153
274,Incarnate Word,-1.0,-7.5,-8.5,0.03,0.03,188,324,67.4,265,271,159,194,0.22,0.26,-0.04,5,6,7,16,2026-02-16T20:05:16.744153
275,Bellarmine,4.4,-12.9,-8.5,0.03,-0.05,89,361,66.7,302,272,31,272,0.46,0.54,-0.08,11,13,9,15,2026-02-16T20:05:16.744153
276,Central Michigan,-2.4,-6.2,-8.5,-0.05,0.03,224,306,68.4,206,273,2,305,0.39,0.57,-0.17,9,13,6,17,2026-02-16T20:05:16.744153
277,Delaware,-4.5,-4.1,-8.6,0.03,-0.05,264,268,65.6,340,299,361,266,0.38,0.67,-0.29,9,16,9,15,2026-02-16T20:05:16.744153
278,Southeastern Louisiana,-8.5,-0.2,-8.7,0.03,0.03,335,171,67.0,285,274,72,290,0.28,0.60,-0.32,7,15,7,18,2026-02-16T20:05:16.744153
279,Mount St. Mary's,-7.2,-1.6,-8.7,-0.05,-0.05,312,201,69.1,160,275,340,289,0.35,0.69,-0.35,9,18,11,15,2026-02-16T20:05:16.744153
280,UNC Greensboro,-0.6,-8.2,-8.8,-0.05,-0.05,183,337,68.6,197,277,122,267,0.60,0.68,-0.08,15,17,10,15,2026-02-16T20:05:16.744153
281,Central Connecticut,-2.2,-6.7,-8.9,0.03,-0.05,220,310,66.1,325,278,336,306,0.35,0.57,-0.22,8,13,13,10,2026-02-16T20:05:16.744153
282,Chattanooga,-3.5,-5.4,-8.9,0.03,0.03,250,292,67.8,243,279,301,263,0.38,0.54,-0.17,9,13,7,17,2026-02-16T20:05:16.744153
283,Long Beach St.,-5.4,-3.5,-8.9,0.03,0.03,281,252,69.0,169,280,120,270,0.17,0.63,-0.46,4,15,6,18,2026-02-16T20:05:16.744153
284,Morehead St.,-2.7,-6.3,-9.0,0.03,-0.05,231,308,67.3,272,282,111,300,0.13,0.71,-0.58,3,17,12,12,2026-02-16T20:05:16.744153
285,South Dakota,-1.7,-7.3,-9.0,-0.05,-0.05,203,319,71.5,35,283,83,286,0.38,0.50,-0.13,9,12,11,13,2026-02-16T20:05:16.744153
286,Mercyhurst,-6.8,-2.3,-9.1,0.03,0.03,306,225,65.3,355,284,98,314,0.48,0.60,-0.12,12,15,11,14,2026-02-16T20:05:16.744153
287,Le Moyne,-5.6,-3.7,-9.3,-0.05,-0.05,285,260,70.3,90,286,305,319,0.42,0.50,-0.08,11,13,13,13,2026-02-16T20:05:16.744153
288,Texas Southern,-4.5,-4.9,-9.4,-0.05,-0.05,265,279,70.4,87,287,7,302,0.38,0.76,-0.38,8,16,6,15,2026-02-16T20:05:16.744153
289,Lehigh,-6.0,-3.6,-9.5,0.03,-0.05,295,253,68.6,196,288,130,307,0.44,0.56,-0.12,11,14,10,15,2026-02-16T20:05:16.744153
290,Western Michigan,-1.9,-7.6,-9.5,-0.05,0.03,214,325,69.0,174,297,64,276,0.35,0.87,-0.52,8,20,8,15,2026-02-16T20:05:16.744153
291,North Carolina A&T,-4.7,-4.8,-9.5,0.03,0.03,268,278,70.0,110,289,222,313,0.36,0.45,-0.09,8,10,8,14,2026-02-16T20:05:16.744153
292,Georgia St.,-7.1,-2.6,-9.7,0.03,-0.05,311,232,69.3,152,292,113,264,0.56,0.80,-0.24,14,20,7,18,2026-02-16T20:05:16.744153
293,Idaho St.,-0.2,-9.7,-9.9,0.03,0.03,165,346,65.5,346,290,147,257,0.21,0.42,-0.21,5,10,7,17,2026-02-16T20:05:16.744153
294,Northeastern,-1.9,-8.0,-9.9,0.03,0.03,213,335,70.6,78,291,287,253,0.42,0.58,-0.17,10,14,6,18,2026-02-16T20:05:16.744153
295,Norfolk St.,-6.3,-3.8,-10.1,-0.05,0.03,303,263,69.0,173,293,112,310,0.32,0.59,-0.27,7,13,8,14,2026-02-16T20:05:16.744153
296,Southern Utah,-5.1,-5.1,-10.2,-0.05,-0.05,276,285,71.3,41,294,75,295,0.30,0.96,-0.65,7,22,6,17,2026-02-16T20:05:16.744153
297,Loyola MD,-4.3,-6.0,-10.3,0.03,-0.05,260,304,69.4,148,295,132,291,0.28,0.48,-0.20,7,12,9,16,2026-02-16T20:05:16.744153
298,NJIT,-7.7,-2.7,-10.4,-0.05,-0.05,323,235,69.6,137,296,193,325,0.35,0.81,-0.46,9,21,14,12,2026-02-16T20:05:16.744153
299,Northwestern St.,-5.5,-5.1,-10.6,0.03,0.03,284,288,66.6,306,298,224,301,0.33,0.75,-0.42,8,18,6,18,2026-02-16T20:05:16.744153
300,North Dakota,-3.7,-7.1,-10.8,0.03,-0.05,253,313,69.4,150,300,317,294,0.31,0.46,-0.15,8,12,12,14,2026-02-16T20:05:16.744153
301,Louisiana,-7.6,-3.3,-10.9,-0.05,-0.05,322,249,64.7,362,301,141,298,0.19,0.65,-0.46,5,17,9,17,2026-02-16T20:05:16.744153
302,Houston Christian,-5.1,-5.8,-10.9,0.03,0.03,275,300,65.5,347,302,229,261,0.25,0.83,-0.58,6,20,7,17,2026-02-16T20:05:16.744153
303,USC Upstate,-8.1,-3.0,-11.1,0.03,-0.05,326,243,70.0,109,303,288,318,0.29,0.67,-0.38,7,16,8,16,2026-02-16T20:05:16.744153
304,Evansville,-7.8,-3.3,-11.1,0.03,0.03,324,250,68.4,212,310,95,268,0.21,1.08,-0.88,5,26,4,20,2026-02-16T20:05:16.744153
305,Loyola Chicago,-4.9,-6.4,-11.3,0.03,-0.05,271,309,67.4,264,318,271,184,0.23,0.77,-0.54,6,20,6,20,2026-02-16T20:05:16.744153
306,UC Riverside,-7.6,-3.7,-11.3,-0.05,0.03,321,258,69.8,123,304,239,315,0.20,0.68,-0.48,5,17,6,19,2026-02-16T20:05:16.744153
307,Pepperdine,-6.7,-4.9,-11.6,0.03,0.03,305,280,69.0,172,305,330,288,0.24,0.64,-0.40,6,16,5,20,2026-02-16T20:05:16.744153
308,Alabama A&M,-7.3,-4.4,-11.7,-0.05,0.03,315,272,67.8,244,306,99,321,0.41,0.36,0.05,9,8,11,11,2026-02-16T20:05:16.744153
309,East Texas A&M,-8.7,-3.2,-11.9,-0.05,-0.05,339,245,69.8,118,307,313,312,0.29,0.50,-0.21,7,12,8,17,2026-02-16T20:05:16.744153
310,Jacksonville,-7.2,-4.9,-12.2,-0.05,-0.05,314,282,65.1,357,308,109,304,0.24,0.80,-0.56,6,20,8,17,2026-02-16T20:05:16.744153
311,Ball St.,-9.0,-3.3,-12.2,0.03,0.03,342,248,65.8,334,309,138,285,0.13,0.39,-0.26,3,9,6,17,2026-02-16T20:05:16.744153
312,Alabama St.,-8.2,-4.4,-12.6,-0.05,0.03,330,271,70.2,96,311,115,311,0.29,0.75,-0.46,7,18,7,17,2026-02-16T20:05:16.744153
313,Lafayette,-8.6,-4.0,-12.7,-0.05,-0.05,338,265,68.1,226,312,343,317,0.36,0.68,-0.32,9,17,7,19,2026-02-16T20:05:16.744153
314,Manhattan,-2.4,-10.3,-12.7,-0.05,-0.05,225,354,69.3,153,313,88,292,0.26,0.44,-0.19,7,12,11,16,2026-02-16T20:05:16.744153
315,UMass Lowell,-5.5,-7.3,-12.8,-0.05,-0.05,283,320,70.5,82,314,87,329,0.48,0.43,0.04,11,10,8,15,2026-02-16T20:05:16.744153
316,West Georgia,-5.8,-7.3,-13.0,0.03,0.03,291,317,70.0,111,315,175,280,0.42,0.75,-0.33,10,18,10,14,2026-02-16T20:05:16.744153
317,Arkansas Pine Bluff,-5.8,-7.3,-13.1,-0.05,-0.05,292,318,71.3,43,328,61,322,0.22,0.65,-0.43,5,15,9,14,2026-02-16T20:05:16.744153
318,Tennessee Tech,-4.9,-8.4,-13.2,-0.05,-0.05,270,338,68.5,200,316,296,326,0.38,0.71,-0.33,9,17,8,16,2026-02-16T20:05:16.744153
319,Bucknell,-7.6,-5.7,-13.3,-0.05,-0.05,320,299,68.1,224,317,186,328,0.22,0.85,-0.63,6,23,8,19,2026-02-16T20:05:16.744153
320,Cleveland St.,-0.3,-13.5,-13.8,0.03,0.03,168,363,70.0,108,319,268,296,0.46,0.96,-0.50,11,23,7,17,2026-02-16T20:05:16.744153
321,Jackson St.,-6.0,-7.8,-13.8,-0.05,-0.05,299,329,71.0,55,320,25,316,0.32,1.40,-1.08,8,35,8,17,2026-02-16T20:05:16.744153
322,Albany,-6.1,-7.8,-13.9,0.03,-0.05,300,328,67.6,255,321,76,309,0.30,0.61,-0.30,7,14,6,17,2026-02-16T20:05:16.744153
323,Eastern Illinois,-12.0,-2.1,-14.1,0.03,-0.05,352,222,67.3,269,322,188,338,0.25,0.83,-0.58,6,20,8,16,2026-02-16T20:05:16.744153
324,Stetson,-5.4,-8.8,-14.2,-0.05,0.03,282,343,68.6,193,323,43,327,0.28,0.60,-0.32,7,15,7,18,2026-02-16T20:05:16.744153
325,Fairleigh Dickinson,-8.7,-5.9,-14.5,-0.05,-0.05,340,302,66.9,295,324,202,332,0.33,0.67,-0.33,8,16,7,17,2026-02-16T20:05:16.744153
326,Holy Cross,-7.4,-7.2,-14.6,0.03,0.03,317,314,67.1,283,325,108,331,0.12,0.72,-0.60,3,18,7,18,2026-02-16T20:05:16.744153
327,Northern Arizona,-4.6,-10.0,-14.6,0.03,0.03,267,351,65.8,333,326,156,308,0.17,0.54,-0.38,4,13,7,17,2026-02-16T20:05:16.744153
328,Cal St. Bakersfield,-7.4,-7.3,-14.6,0.03,-0.05,316,315,70.4,86,327,259,303,0.21,0.58,-0.38,5,14,6,18,2026-02-16T20:05:16.744153
329,Wagner,-7.5,-7.4,-14.8,0.03,-0.05,318,321,66.6,307,329,320,336,0.25,0.55,-0.30,5,11,6,15,2026-02-16T20:05:16.744153
330,Florida A&M,-11.8,-3.8,-15.6,-0.05,-0.05,351,262,69.9,115,330,57,349,0.29,0.71,-0.43,6,15,7,14,2026-02-16T20:05:16.744153
331,Niagara,-8.3,-7.4,-15.7,-0.05,-0.05,331,322,63.8,365,331,135,348,0.52,0.76,-0.24,13,19,6,19,2026-02-16T20:05:16.744153
332,Army,-6.7,-9.0,-15.7,-0.05,-0.05,304,344,67.9,240,332,354,324,0.12,0.64,-0.52,3,16,8,17,2026-02-16T20:05:16.744153
333,New Hampshire,-10.6,-5.2,-15.7,-0.05,0.03,346,290,69.2,155,333,280,345,0.41,1.00,-0.59,9,22,6,16,2026-02-16T20:05:16.744153
334,Prairie View A&M,-8.2,-7.6,-15.8,0.03,-0.05,329,326,74.2,3,334,334,342,0.19,0.57,-0.38,4,12,5,16,2026-02-16T20:05:16.744153
335,North Carolina Central,-7.2,-8.6,-15.8,-0.05,-0.05,313,341,67.5,263,335,232,337,0.42,1.11,-0.68,8,21,5,14,2026-02-16T20:05:16.744153
336,New Haven,-13.3,-2.5,-15.9,-0.05,0.03,357,229,65.7,337,336,278,352,0.22,0.74,-0.52,5,17,8,15,2026-02-16T20:05:16.744153
337,Northern Illinois,-12.5,-3.7,-16.2,0.03,-0.05,354,257,69.7,129,337,180,330,0.32,0.59,-0.27,7,13,6,16,2026-02-16T20:05:16.744153
338,The Citadel,-7.9,-8.4,-16.3,-0.05,0.03,325,340,65.4,351,338,85,343,0.29,0.88,-0.58,7,21,6,18,2026-02-16T20:05:16.744153
339,North Florida,-0.9,-15.5,-16.4,-0.05,-0.05,186,365,71.3,44,339,218,335,0.12,0.96,-0.84,3,24,4,21,2026-02-16T20:05:16.744153
340,Stonehill,-14.1,-2.4,-16.5,0.03,0.03,359,228,66.7,303,340,282,339,0.21,0.75,-0.54,5,18,7,18,2026-02-16T20:05:16.744153
341,Alcorn St.,-8.3,-8.4,-16.6,-0.05,-0.05,332,339,68.9,175,341,80,355,0.21,1.00,-0.79,5,24,6,18,2026-02-16T20:05:16.744153
342,North Alabama,-7.0,-9.7,-16.6,0.03,-0.05,308,347,66.9,296,342,279,293,0.35,0.65,-0.30,8,15,6,17,2026-02-16T20:05:16.744153
343,Maryland Eastern Shore,-12.7,-4.1,-16.8,0.03,-0.05,355,267,65.4,350,343,22,350,0.33,0.71,-0.38,8,17,6,18,2026-02-16T20:05:16.744153
344,Southern Indiana,-13.6,-3.2,-16.8,-0.05,0.03,358,247,69.6,141,344,319,334,0.29,0.50,-0.21,7,12,3,21,2026-02-16T20:05:16.744153
345,IU Indy,-5.6,-11.3,-16.9,0.03,0.03,286,358,74.2,4,345,250,344,0.27,0.81,-0.54,7,21,5,21,2026-02-16T20:05:16.744153
346,Canisius,-11.3,-5.6,-16.9,-0.05,0.03,349,296,65.8,332,346,106,347,0.31,0.92,-0.62,8,24,7,19,2026-02-16T20:05:16.744153
347,UTSA,-7.1,-10.2,-17.3,0.03,-0.05,310,352,69.8,122,347,337,320,0.35,0.83,-0.48,8,19,3,20,2026-02-16T20:05:16.744153
348,Morgan St.,-8.6,-8.8,-17.3,-0.05,0.03,336,342,71.6,31,348,38,359,0.10,0.55,-0.45,2,11,7,13,2026-02-16T20:05:16.744153
349,Maine,-15.2,-2.8,-18.0,0.03,-0.05,363,238,66.5,314,349,289,353,0.23,0.73,-0.50,6,19,5,21,2026-02-16T20:05:16.744153
350,Oral Roberts,-10.3,-8.0,-18.4,0.03,0.03,345,336,69.1,165,350,302,323,0.21,0.71,-0.50,5,17,3,21,2026-02-16T20:05:16.744153
351,South Carolina St.,-11.2,-7.3,-18.4,-0.05,-0.05,348,316,70.5,84,351,30,361,0.19,1.05,-0.86,4,22,4,17,2026-02-16T20:05:16.744153
352,Chicago St.,-8.7,-9.8,-18.5,0.03,-0.05,341,349,67.9,239,352,105,346,0.27,0.81,-0.54,7,21,5,21,2026-02-16T20:05:16.744153
353,Bryant,-11.2,-7.5,-18.7,0.03,0.03,347,323,66.7,301,353,4,341,0.29,0.54,-0.25,7,13,6,18,2026-02-16T20:05:16.744153
354,Saint Francis,-8.2,-10.8,-18.9,-0.05,0.03,327,357,70.9,60,354,238,356,0.25,0.79,-0.54,6,19,4,20,2026-02-16T20:05:16.744153
355,Air Force,-12.3,-6.9,-19.2,-0.05,0.03,353,311,67.3,268,355,205,357,0.16,0.84,-0.68,4,21,3,22,2026-02-16T20:05:16.744153
356,Rider,-9.1,-10.2,-19.3,0.03,0.03,343,353,66.4,318,356,292,340,0.25,0.71,-0.46,6,17,2,22,2026-02-16T20:05:16.744153
357,Delaware St.,-15.4,-4.2,-19.6,0.03,-0.05,364,269,67.8,245,357,16,358,0.15,0.95,-0.80,3,19,3,17,2026-02-16T20:05:16.744153
358,VMI,-8.3,-12.0,-20.4,0.03,0.03,334,359,68.8,185,359,100,333,0.17,1.04,-0.88,4,25,3,21,2026-02-16T20:05:16.744153
359,Louisiana Monroe,-8.6,-12.3,-20.9,0.03,0.03,337,360,71.2,49,358,164,354,0.32,0.88,-0.56,8,22,2,23,2026-02-16T20:05:16.744153
360,Binghamton,-11.6,-9.7,-21.4,0.03,0.03,350,348,67.2,278,360,198,360,0.25,0.67,-0.42,6,16,2,22,2026-02-16T20:05:16.744153
361,Kansas City,-14.9,-7.9,-22.8,0.03,-0.05,362,332,70.0,112,361,293,351,0.17,0.87,-0.70,4,20,1,22,2026-02-16T20:05:16.744153
362,Coppin St.,-14.1,-9.9,-24.0,-0.05,-0.05,360,350,70.1,98,362,151,364,0.20,1.12,-0.92,5,28,4,21,2026-02-16T20:05:16.744153
363,Western Illinois,-14.6,-10.6,-25.2,0.03,-0.05,361,356,67.7,247,363,240,362,0.13,0.46,-0.33,3,11,2,22,2026-02-16T20:05:16.744153
364,Gardner Webb,-12.7,-14.3,-27.0,0.03,-0.05,356,364,71.3,40,364,201,363,0.13,1.17,-1.04,3,28,1,23,2026-02-16T20:05:16.744153
365,Mississippi Valley St.,-17.0,-12.9,-29.9,0.03,-0.05,365,362,68.4,208,365,208,365,0.17,0.88,-0.71,4,21,0,24,2026-02-16T20:05:16.744153
