_id,Player,Seasons,Team,Pos,MPG,LEBRON,O-LEBRON,D-LEBRON,WAR,OffRole,DefRole
2544,Lebron James,2026,LAL,SF,33.15,2.491,2.095,0.396,6.154,Shot Creator,Helper
101108,Chris Paul,2026,LAC,PG,14.221,-1.196,-1.015,-0.181,0.18,Primary Ball Handler,Chaser
201142,Kevin Durant,2026,HOU,SF,36.404,2.377,2.519,-0.142,8.586,Shot Creator,Helper
201143,Al Horford,2026,GSW,C,21.534,0.952,-0.187,1.139,2.072,Versatile Big,Mobile Big
201144,Mike Conley,2026,MIN,PG,18.355,-0.753,-0.913,0.159,1.06,Primary Ball Handler,Point of Attack
201566,Russell Westbrook,2026,SAC,SF,28.945,-0.791,-0.146,-0.645,1.937,Shot Creator,Wing Stopper
201567,Kevin Love,2026,UTA,PF,16.56,-0.142,0.335,-0.477,0.89,Movement Shooter,Helper
201572,Brook Lopez,2026,LAC,C,21.802,-0.105,-1.182,1.077,2.413,Versatile Big,Mobile Big
201587,Nicolas Batum,2026,LAC,PF,17.492,-2.328,-2.151,-0.177,0.116,Stationary Shooter,Helper
201935,James Harden,2026,LAC/CLE,PG,34.835,2.107,3.304,-1.197,6.967,Shot Creator,Helper
201939,Stephen Curry,2026,GSW,PG,30.897,3.143,4.294,-1.15,4.639,Primary Ball Handler,Low Activity
201942,Demar Derozan,2026,SAC,PF,31.239,-1.154,0.113,-1.267,1.968,Shot Creator,Low Activity
201950,Jrue Holiday,2026,POR,PG,29.44,1.49,0.806,0.684,3.861,Shot Creator,Helper
202331,Paul George,2026,PHI,PF,30.675,1.746,1.277,0.469,2.989,Shot Creator,Helper
202685,Jonas Valanciunas,2026,DEN,C,13.4,-0.288,0.167,-0.455,1.185,Post Scorer,Anchor Big
202691,Klay Thompson,2026,DAL,SF,21.69,-2.461,-0.445,-2.016,0.011,Off Screen Shooter,Chaser
202695,Kawhi Leonard,2026,LAC,SF,32.072,5.041,4.835,0.205,9.616,Shot Creator,Helper
202696,Nikola Vucevic,2026,CHI/BOS,C,28.407,0.593,0.368,0.225,3.48,Versatile Big,Mobile Big
202699,Tobias Harris,2026,DET,PF,27.703,1.552,1.026,0.526,4.386,Movement Shooter,Wing Stopper
202710,Jimmy Butler Iii,2026,GSW,SF,31.096,3.115,2.85,0.264,4.106,Shot Creator,Wing Stopper
203076,Anthony Davis,2026,DAL,PF,31.28,1.602,0.647,0.955,1.592,Shot Creator,Mobile Big
203083,Andre Drummond,2026,PHI,C,19.534,-0.2,-0.415,0.216,1.743,Roll + Cut Big,Anchor Big
203084,Harrison Barnes,2026,SAS,PF,25.797,0.092,0.274,-0.182,3.177,Movement Shooter,Helper
203110,Draymond Green,2026,GSW,PF,27.481,-0.75,-2.015,1.265,2.002,Stationary Shooter,Helper
203114,Khris Middleton,2026,WAS/DAL,SF,22.842,-1.359,-0.504,-0.855,0.993,Shot Creator,Helper
203468,Cj Mccollum,2026,WAS/ATL,PG,29.777,-0.306,0.855,-1.161,3.054,Primary Ball Handler,Chaser
203471,Dennis Schroder,2026,SAC/CLE,PG,24.231,-0.924,0.121,-1.045,1.632,Primary Ball Handler,Point of Attack
203484,Kentavious Caldwell-Pope,2026,MEM,SG,21.321,-1.34,-0.97,-0.37,0.763,Secondary Ball Handler,Chaser
203497,Rudy Gobert,2026,MIN,C,31.313,1.822,-0.603,2.425,6.38,Roll + Cut Big,Anchor Big
203500,Steven Adams,2026,HOU,C,22.82,-0.672,-0.545,-0.127,0.818,Roll + Cut Big,Anchor Big
203501,Tim Hardaway Jr.,2026,DEN,SG,26.588,-1.112,0.705,-1.817,1.796,Off Screen Shooter,Chaser
203507,Giannis Antetokounmpo,2026,MIL,PF,28.866,5.133,5.496,-0.363,4.848,Shot Creator,Wing Stopper
203897,Zach Lavine,2026,SAC,SG,31.389,-1.721,-0.261,-1.46,0.569,Shot Creator,Chaser
203903,Jordan Clarkson,2026,NYK,SG,17.768,-1.794,-0.278,-1.516,0.537,Movement Shooter,Chaser
203914,Gary Harris,2026,MIL,SG,13.764,-2.993,-3.466,0.473,-0.209,Stationary Shooter,Chaser
203924,Jerami Grant,2026,POR,PF,29.738,-0.346,0.431,-0.776,2.245,Shot Creator,Wing Stopper
203926,Doug Mcdermott,2026,SAC,SF,15.144,-2.126,-0.833,-1.293,0.094,Off Screen Shooter,Low Activity
203932,Aaron Gordon,2026,DEN,PF,27.913,0.61,1.384,-0.774,1.934,Shot Creator,Wing Stopper
203935,Marcus Smart,2026,LAL,SG,28.529,0.549,-0.823,1.373,3.337,Movement Shooter,Point of Attack
203937,Kyle Anderson,2026,UTA/MEM/MIN,SF,19.841,-0.909,-1.496,0.587,0.829,Shot Creator,Helper
203939,Dwight Powell,2026,DAL,C,14.353,-0.778,-2.031,1.253,0.953,Roll + Cut Big,Mobile Big
203944,Julius Randle,2026,MIN,PF,33.041,0.257,1.499,-1.242,4.445,Shot Creator,Helper
203952,Andrew Wiggins,2026,MIA,SF,30.331,0.409,-0.561,0.97,3.709,Shot Creator,Wing Stopper
203954,Joel Embiid,2026,PHI,C,31.593,1.736,2.452,-0.716,3.154,Shot Creator,Anchor Big
203991,Clint Capela,2026,HOU,C,12.338,-0.302,-1.218,0.916,1.251,Roll + Cut Big,Mobile Big
203992,Bogdan Bogdanovic,2026,LAC,SG,19.65,-1.799,-0.957,-0.842,0.188,Secondary Ball Handler,Chaser
203994,Jusuf Nurkic,2026,UTA,C,26.415,0.864,-1.157,2.021,2.257,Roll + Cut Big,Mobile Big
203999,Nikola Jokic,2026,DEN,C,34.842,7.367,6.247,1.12,13.33,Shot Creator,Anchor Big
204001,Kristaps Porzingis,2026,ATL/GSW,C,24.024,2.679,2.174,0.505,2.467,Versatile Big,Mobile Big
204456,T.J. Mcconnell,2026,IND,PG,17.186,0.168,0.302,-0.135,1.585,Slasher,Chaser
1626145,Tyus Jones,2026,ORL/DAL/DEN,PG,14.602,-0.85,-0.443,-0.407,0.987,Primary Ball Handler,Point of Attack
1626156,D'Angelo Russell,2026,DAL,PG,19.027,-1.277,0.201,-1.477,0.367,Primary Ball Handler,Chaser
1626157,Karl-Anthony Towns,2026,NYK,C,30.953,3.044,2.152,0.893,7.966,Versatile Big,Mobile Big
1626162,Kelly Oubre Jr.,2026,PHI,SF,31.484,-2.405,-1.059,-1.346,0.066,Shot Creator,Wing Stopper
1626164,Devin Booker,2026,PHO,SG,33.534,2.489,2.85,-0.361,6.637,Shot Creator,Helper
1626166,Cameron Payne,2026,PHI,PG,17.015,-0.015,0.173,-0.187,0.574,Primary Ball Handler,Chaser
1626167,Myles Turner,2026,MIL,C,26.925,0.072,-1.079,1.152,3.034,Stretch Big,Mobile Big
1626171,Bobby Portis,2026,MIL,PF,24.167,-2.306,-0.446,-1.861,0.167,Versatile Big,Helper
1626172,Kevon Looney,2026,NOP,C,14.641,-0.448,-0.986,0.538,0.388,Athletic Finisher,Mobile Big
1626181,Norman Powell,2026,MIA,SG,29.601,0.582,0.908,-0.327,3.273,Shot Creator,Chaser
1626204,Larry Nance Jr.,2026,CLE,PF,12.821,-1.402,-1.678,0.276,0.298,Stretch Big,Mobile Big
1626220,Royce O'Neale,2026,PHO,SF,28.368,-2.125,-2.119,-0.006,0.475,Movement Shooter,Wing Stopper
1627734,Domantas Sabonis,2026,SAC,C,29.662,1.147,0.639,0.507,1.274,Roll + Cut Big,Mobile Big
1627739,Kris Dunn,2026,LAC,PG,27.174,0.452,-1.281,1.733,4.067,Primary Ball Handler,Point of Attack
1627741,Buddy Hield,2026,GSW/ATL,SG,16.061,-1.33,-0.617,-0.713,0.58,Movement Shooter,Point of Attack
1627742,Brandon Ingram,2026,TOR,SF,33.815,-0.663,0.178,-0.841,2.931,Shot Creator,Helper
1627747,Caris Levert,2026,DET,SG,19.239,-1.475,-1.39,-0.085,0.713,Secondary Ball Handler,Chaser
1627749,Dejounte Murray,2026,NOP,PG,27.815,1.561,0.998,0.563,0.981,Shot Creator,Point of Attack
1627750,Jamal Murray,2026,DEN,PG,35.356,1.389,3.171,-1.782,6.394,Shot Creator,Chaser
1627751,Jakob Poeltl,2026,TOR,C,24.977,-0.18,-1.097,0.917,1.641,Roll + Cut Big,Mobile Big
1627752,Taurean Prince,2026,MIL,SF,23.51,-2.427,-1.652,-0.776,0.018,Movement Shooter,Helper
1627759,Jaylen Brown,2026,BOS,SF,34.404,1.515,1.865,-0.351,6.082,Shot Creator,Helper
1627780,Gary Payton Ii,2026,GSW,SG,15.643,1.664,1.308,0.356,2.949,Stretch Big,Chaser
1627783,Pascal Siakam,2026,IND,PF,33.17,0.951,1.685,-0.734,4.397,Shot Creator,Wing Stopper
1627824,Guerschon Yabusele,2026,NYK/CHI,C,15.029,-1.214,-0.762,-0.452,0.786,Stretch Big,Mobile Big
1627826,Ivica Zubac,2026,LAC/IND,C,30.136,-0.136,-0.274,0.138,2.107,Post Scorer,Anchor Big
1627827,Dorian Finney-Smith,2026,HOU,PF,16.761,-3.248,-2.775,-0.472,-0.292,Stationary Shooter,Wing Stopper
1627884,Derrick Jones Jr.,2026,LAC,SF,26.99,0.007,-0.781,0.788,2.086,Stationary Shooter,Point of Attack
1627936,Alex Caruso,2026,OKC,SG,18.216,2.297,0.166,2.132,3.035,Stationary Shooter,Wing Stopper
1628366,Lonzo Ball,2026,CLE,PG,20.789,-0.418,-0.976,0.558,0.931,Movement Shooter,Chaser
1628368,De'Aaron Fox,2026,SAS,PG,30.986,1.7,1.478,0.222,5.812,Shot Creator,Point of Attack
1628369,Jayson Tatum,2026,BOS,PF,32.612,3.887,3.047,0.841,2.055,Shot Creator,Wing Stopper
1628370,Malik Monk,2026,SAC,SG,21.993,-1.96,-0.028,-1.932,0.432,Secondary Ball Handler,Low Activity
1628371,Jonathan Isaac,2026,ORL,PF,10.013,0.169,-1.414,1.583,0.858,Stretch Big,Helper
1628374,Lauri Markkanen,2026,UTA,PF,34.346,2.234,2.327,-0.094,4.234,Off Screen Shooter,Wing Stopper
1628378,Donovan Mitchell,2026,CLE,SG,33.456,3.426,3.7,-0.274,8.578,Shot Creator,Helper
1628379,Luke Kennard,2026,ATL/LAL,SG,21.541,-2.908,-1.122,-1.786,-0.446,Off Screen Shooter,Chaser
1628381,John Collins,2026,LAC,PF,27.121,-0.078,-0.455,0.376,2.793,Stationary Shooter,Helper
1628384,Og Anunoby,2026,NYK,PF,33.19,1.821,0.096,1.724,5.96,Stationary Shooter,Wing Stopper
1628386,Jarrett Allen,2026,CLE,C,27.124,2.134,0.939,1.195,4.365,Roll + Cut Big,Mobile Big
1628389,Bam Adebayo,2026,MIA,C,32.392,3.486,1.508,1.978,8.745,Shot Creator,Helper
1628392,Isaiah Hartenstein,2026,OKC,C,24.197,3.554,0.957,2.597,4.253,Roll + Cut Big,Mobile Big
1628396,Tony Bradley,2026,IND/ATL,C,10.991,-1.917,-1.366,-0.551,0.155,Roll + Cut Big,Mobile Big
1628398,Kyle Kuzma,2026,MIL,PF,26.168,-2.025,-0.768,-1.256,0.5,Movement Shooter,Wing Stopper
1628401,Derrick White,2026,BOS,SG,34.088,4.594,2.271,2.324,11.43,Primary Ball Handler,Chaser
1628404,Josh Hart,2026,NYK,SF,30.203,1.317,0.271,1.046,4.718,Stationary Shooter,Wing Stopper
1628415,Dillon Brooks,2026,PHO,SF,30.381,-0.116,-0.035,-0.082,2.499,Shot Creator,Wing Stopper
1628418,Thomas Bryant,2026,CLE,C,12.194,0.349,0.236,0.113,1.288,Stretch Big,Mobile Big
1628436,Luke Kornet,2026,SAS,C,21.027,0.875,-0.218,1.094,2.989,Roll + Cut Big,Anchor Big
1628467,Maxi Kleber,2026,LAL,PF,10.721,-2.503,-2.747,0.244,-0.008,Athletic Finisher,Mobile Big
1628960,Grayson Allen,2026,PHO,SG,28.767,0.496,1.864,-1.368,2.718,Primary Ball Handler,Chaser
1628963,Marvin Bagley Iii,2026,WAS/DAL,PF,20.013,-0.231,0.27,-0.501,1.677,Roll + Cut Big,Mobile Big
1628969,Mikal Bridges,2026,NYK,SF,32.824,2.232,1.336,0.896,7.898,Movement Shooter,Point of Attack
1628970,Miles Bridges,2026,CHO,PF,31,0.843,0.948,-0.104,4.943,Shot Creator,Wing Stopper
1628971,Bruce Brown,2026,DEN,SG,24.361,-2.217,-1.82,-0.397,0.315,Stationary Shooter,Point of Attack
1628973,Jalen Brunson,2026,NYK,PG,34.993,2.077,3.528,-1.45,7.351,Shot Creator,Low Activity
1628975,Jevon Carter,2026,CHI/ORL,PG,16.366,-1.081,-0.442,-0.639,0.749,Movement Shooter,Chaser
1628976,Wendell Carter Jr.,2026,ORL,C,29.336,0.313,-1.013,1.326,3.977,Stretch Big,Mobile Big
1628978,Donte Divincenzo,2026,MIN,SG,30.413,0.556,0.196,0.359,4.714,Movement Shooter,Chaser
1628983,Shai Gilgeous-Alexander,2026,OKC,PG,33.218,6.661,5.763,0.898,12.453,Shot Creator,Low Activity
1628988,Aaron Holiday,2026,HOU,PG,13.695,-1.967,-1.185,-0.782,0.244,Secondary Ball Handler,Point of Attack
1628989,Kevin Huerter,2026,CHI/DET,SF,22.447,-0.019,0.286,-0.305,2.369,Movement Shooter,Chaser
1628991,Jaren Jackson Jr.,2026,MEM/UTA,C,30.302,0.197,-1.077,1.274,2.422,Shot Creator,Helper
1628997,Caleb Martin,2026,DAL,SF,14.758,-1.446,-2.301,0.855,0.544,Stationary Shooter,Wing Stopper
1629001,De'Anthony Melton,2026,GSW,PG,22.961,0.576,-0.189,0.764,2.141,Primary Ball Handler,Point of Attack
1629004,Svi Mykhailiuk,2026,UTA,SF,23.11,-1.752,-0.392,-1.36,0.515,Movement Shooter,Wing Stopper
1629006,Josh Okogie,2026,HOU,SG,17.352,-0.354,-1.011,0.657,1.786,Stationary Shooter,Wing Stopper
1629008,Michael Porter Jr.,2026,BRK,SF,32.47,0.665,2.319,-1.653,3.308,Off Screen Shooter,Helper
1629011,Mitchell Robinson,2026,NYK,C,19.571,2.234,0.646,1.588,3.447,Athletic Finisher,Mobile Big
1629012,Collin Sexton,2026,CHO/CHI,SG,23.721,-0.867,0.9,-1.767,1.61,Primary Ball Handler,Point of Attack
1629013,Landry Shamet,2026,NYK,SG,22.958,0.692,0.794,-0.102,2.314,Movement Shooter,Chaser
1629014,Anfernee Simons,2026,BOS/CHI,SG,24.941,0.027,0.892,-0.865,2.138,Shot Creator,Chaser
1629018,Gary Trent Jr.,2026,MIL,SG,21.188,-3.626,-1.636,-1.99,-0.963,Movement Shooter,Chaser
1629020,Jarred Vanderbilt,2026,LAL,PF,17.348,-0.941,-1.535,0.593,1.073,Stationary Shooter,Helper
1629021,Moritz Wagner,2026,ORL,C,11.848,-0.321,0.531,-0.852,0.572,Versatile Big,Mobile Big
1629023,P.J. Washington,2026,DAL,PF,30.992,-0.465,-0.98,0.515,2.169,Stationary Shooter,Wing Stopper
1629026,Kenrich Williams,2026,OKC,PF,15.268,-0.801,-0.728,-0.073,0.889,Stationary Shooter,Helper
1629027,Trae Young,2026,ATL/WAS,PG,25.582,0.928,2.227,-1.3,0.815,Primary Ball Handler,Chaser
1629028,Deandre Ayton,2026,LAL,C,27.198,-0.325,-0.986,0.66,2.619,Roll + Cut Big,Mobile Big
1629029,Luka Doncic,2026,LAL,PG,35.757,5.176,5.622,-0.446,10.733,Shot Creator,Helper
1629048,Goga Bitadze,2026,ORL,C,15.186,2.229,0.417,1.812,2.85,Roll + Cut Big,Mobile Big
1629057,Robert Williams Iii,2026,POR,C,17.086,1.861,-0.439,2.299,2.727,Roll + Cut Big,Anchor Big
1629060,Rui Hachimura,2026,LAL,PF,28.33,-2.237,-0.814,-1.423,0.281,Shot Creator,Helper
1629111,Jock Landale,2026,MEM/ATL,C,22.145,0.04,0.471,-0.431,2.36,Stretch Big,Mobile Big
1629130,Duncan Robinson,2026,DET,SF,27.438,1.096,1.241,-0.145,4.708,Off Screen Shooter,Low Activity
1629216,Gabe Vincent,2026,LAL/ATL,PG,16.585,-2.914,-1.36,-1.554,-0.237,Movement Shooter,Point of Attack
1629234,Drew Eubanks,2026,SAC,C,13.148,-1.264,-2.175,0.912,0.414,Roll + Cut Big,Mobile Big
1629599,Amir Coffey,2026,MIL/PHO,SG,10.662,-2.146,-1.805,-0.341,0.099,Stationary Shooter,Helper
1629611,Terance Mann,2026,BRK,SG,24.269,-2.437,-1.733,-0.704,0.035,Primary Ball Handler,Point of Attack
1629614,Andrew Nembhard,2026,IND,PG,31.323,0.232,1.059,-0.827,3.012,Primary Ball Handler,Point of Attack
1629618,Jalen Pickett,2026,DEN,SG,16.129,-2.886,-1.512,-1.374,-0.203,Secondary Ball Handler,Chaser
1629622,Max Strus,2026,CLE,SF,24.024,-0.409,0.15,-0.559,0.37,Movement Shooter,Helper
1629627,Zion Williamson,2026,NOP,PF,29.693,0.439,1.746,-1.307,3.346,Shot Creator,Helper
1629628,Rj Barrett,2026,TOR,SF,30.275,1.195,1.229,-0.034,3.953,Movement Shooter,Helper
1629630,Ja Morant,2026,MEM,PG,28.423,1.478,1.706,-0.228,1.402,Shot Creator,Chaser
1629631,De'Andre Hunter,2026,CLE/SAC,SF,26.121,-0.754,-0.159,-0.595,1.256,Movement Shooter,Wing Stopper
1629632,Coby White,2026,CHI/CHO,SG,24.993,-0.163,1.645,-1.808,1.799,Shot Creator,Chaser
1629636,Darius Garland,2026,CLE/LAC,PG,29.87,0.399,1.926,-1.527,2.409,Shot Creator,Chaser
1629637,Jaxson Hayes,2026,LAL,C,18.28,0.348,-0.042,0.39,2.123,Roll + Cut Big,Mobile Big
1629638,Nickeil Alexander-Walker,2026,ATL,SG,33.373,0.219,0.582,-0.362,4.371,Primary Ball Handler,Point of Attack
1629639,Tyler Herro,2026,MIA,SG,31.289,-0.468,0.664,-1.133,1.288,Shot Creator,Chaser
1629640,Keldon Johnson,2026,SAS,SF,23.309,0.471,1.14,-0.67,3.511,Movement Shooter,Helper
1629645,Kevin Porter Jr.,2026,MIL,PG,33.183,1.251,0.975,0.276,2.933,Shot Creator,Point of Attack
1629651,Nic Claxton,2026,BRK,C,27.831,-1.35,-0.915,-0.434,1.337,Roll + Cut Big,Mobile Big
1629652,Luguentz Dort,2026,OKC,SF,26.791,-0.815,-1.171,0.356,1.904,Stationary Shooter,Point of Attack
1629655,Daniel Gafford,2026,DAL,C,21.714,0.836,-0.871,1.706,2.467,Roll + Cut Big,Mobile Big
1629656,Quentin Grimes,2026,PHI,SG,29.408,-1.532,-0.421,-1.111,1.286,Movement Shooter,Chaser
1629660,Ty Jerome,2026,MEM,SG,22.578,3.047,4.326,-1.279,1.163,Shot Creator,Helper
1629661,Cameron Johnson,2026,DEN,SF,30.498,0.574,0.806,-0.231,3.133,Movement Shooter,Helper
1629673,Jordan Poole,2026,NOP,PG,23.927,-1.692,0.882,-2.574,0.451,Primary Ball Handler,Low Activity
1629674,Neemias Queta,2026,BOS,C,25.341,3.696,0.972,2.723,7.365,Roll + Cut Big,Anchor Big
1629675,Naz Reid,2026,MIN,C,26.067,1.086,-0.011,1.096,4.46,Movement Shooter,Helper
1629680,Matisse Thybulle,2026,POR,SG,15.987,0.783,-1.768,2.551,0.975,Movement Shooter,Chaser
1629684,Grant Williams,2026,CHO,PF,19.761,-0.117,-0.679,0.562,1.045,Movement Shooter,Wing Stopper
1629723,John Konchar,2026,MEM/UTA,SG,19.903,-0.096,-1.356,1.26,1.651,Stationary Shooter,Helper
1629731,Dean Wade,2026,CLE,PF,22.33,0.63,-0.287,0.917,2.552,Movement Shooter,Wing Stopper
1629750,Javonte Green,2026,DET,SG,17.63,0.663,-1.217,1.879,2.83,Stationary Shooter,Helper
1630162,Anthony Edwards,2026,MIN,SG,35.025,1.285,2.623,-1.337,5.014,Shot Creator,Chaser
1630163,Lamelo Ball,2026,CHO,PG,28.016,2.775,3.285,-0.511,6.591,Primary Ball Handler,Low Activity
1630165,Killian Hayes,2026,SAC,PG,17.63,-0.205,-0.669,0.464,0.573,Primary Ball Handler,Point of Attack
1630166,Deni Avdija,2026,POR,SF,33.32,1.704,2.207,-0.504,5.734,Shot Creator,Helper
1630167,Obi Toppin,2026,IND,PF,17.654,0.821,1.806,-0.985,0.871,Movement Shooter,Helper
1630168,Onyeka Okongwu,2026,ATL,C,31.038,0.853,-0.858,1.711,4.77,Stationary Shooter,Mobile Big
1630170,Devin Vassell,2026,SAS,SG,30.51,-0.084,0.769,-0.853,3.044,Movement Shooter,Helper
1630171,Isaac Okoro,2026,CHI,SG,26.9,-2.212,-1.184,-1.027,0.273,Stationary Shooter,Wing Stopper
1630172,Patrick Williams,2026,CHI,PF,20.467,-2.714,-2.223,-0.491,-0.216,Stationary Shooter,Wing Stopper
1630173,Precious Achiuwa,2026,SAC,C,23.905,-0.112,-0.7,0.589,2.568,Athletic Finisher,Wing Stopper
1630174,Aaron Nesmith,2026,IND,SF,29.663,-0.915,-0.061,-0.854,1.292,Off Screen Shooter,Wing Stopper
1630175,Cole Anthony,2026,MIL,PG,15.046,-2.157,-1.713,-0.444,0.103,Primary Ball Handler,Point of Attack
1630178,Tyrese Maxey,2026,PHI,PG,38.013,2.933,3.584,-0.651,8.951,Shot Creator,Chaser
1630180,Saddiq Bey,2026,NOP,SF,31.187,-0.202,1.569,-1.771,3.177,Shot Creator,Helper
1630182,Josh Green,2026,CHO,SG,15.649,-1.049,-1.288,0.239,0.802,Stationary Shooter,Point of Attack
1630183,Jaden Mcdaniels,2026,MIN,PF,31.729,-1.154,-1.387,0.233,1.896,Athletic Finisher,Point of Attack
1630188,Jalen Smith,2026,CHI,C,20.666,1.296,0.212,1.084,2.578,Stretch Big,Mobile Big
1630191,Isaiah Stewart,2026,DET,C,22.707,-0.527,-0.879,0.352,1.595,Stretch Big,Mobile Big
1630192,Zeke Nnaji,2026,DEN,PF,12.036,-2.761,-2.635,-0.127,-0.11,Stretch Big,Helper
1630193,Immanuel Quickley,2026,TOR,PG,31.873,2.276,1.969,0.307,6.608,Primary Ball Handler,Point of Attack
1630194,Paul Reed,2026,DET,C,13.854,2.024,0.076,1.948,2.527,Roll + Cut Big,Mobile Big
1630198,Isaiah Joe,2026,OKC,SG,21.228,0.93,0.947,-0.017,3.202,Movement Shooter,Chaser
1630200,Tre Jones,2026,CHI,PG,26.958,1.229,1.41,-0.181,4.051,Slasher,Point of Attack
1630202,Payton Pritchard,2026,BOS,PG,32.346,1.921,2.54,-0.618,7.008,Primary Ball Handler,Chaser
1630208,Nick Richards,2026,PHO/CHI,C,14.597,-1.693,-1.752,0.06,0.338,Roll + Cut Big,Mobile Big
1630217,Desmond Bane,2026,ORL,SG,33.608,1.688,1.316,0.373,7.16,Primary Ball Handler,Chaser
1630224,Jalen Green,2026,PHO,SG,25.881,-0.448,0.761,-1.209,1.044,Shot Creator,Chaser
1630228,Jonathan Kuminga,2026,GSW/ATL,PF,23.068,-0.38,-0.566,0.186,1.082,Shot Creator,Helper
1630230,Naji Marshall,2026,DAL,SF,29.507,-1.088,-0.135,-0.953,1.876,Secondary Ball Handler,Wing Stopper
1630241,Sam Merrill,2026,CLE,SG,26.48,1.289,1.567,-0.278,3.235,Movement Shooter,Chaser
1630245,Ayo Dosunmu,2026,CHI/MIN,SG,27.26,-1.198,-0.109,-1.089,1.487,Primary Ball Handler,Point of Attack
1630249,Vit Krejci,2026,ATL/POR,PG,21.414,-1.356,-1.313,-0.044,0.963,Movement Shooter,Chaser
1630264,Anthony Gill,2026,WAS,PF,17.289,-3.584,-2.586,-0.998,-0.641,Athletic Finisher,Anchor Big
1630311,Pat Spencer,2026,GSW,PG,18.616,-1.843,-0.989,-0.854,0.478,Primary Ball Handler,Chaser
1630314,Brandon Williams,2026,DAL,PG,22.158,1.036,1.122,-0.086,3.204,Primary Ball Handler,Point of Attack
1630526,Jeremiah Robinson-Earl,2026,IND/DAL,PF,16.388,-1.611,-0.797,-0.814,0.192,Movement Shooter,Helper
1630529,Herbert Jones,2026,NOP,SF,28.362,-0.274,-1.269,0.995,2.175,Movement Shooter,Wing Stopper
1630530,Trey Murphy Iii,2026,NOP,SF,35.461,0.541,1.476,-0.935,4.402,Secondary Ball Handler,Helper
1630532,Franz Wagner,2026,ORL,SF,29.969,2.297,1.688,0.608,3.031,Shot Creator,Helper
1630533,Ziaire Williams,2026,BRK,SF,22.878,-1.191,-1.8,0.608,1.019,Movement Shooter,Wing Stopper
1630534,Ochai Agbaji,2026,TOR/BRK,SG,15.695,-2.028,-1.91,-0.118,0.267,Movement Shooter,Chaser
1630536,Sharife Cooper,2026,WAS,PG,17.073,-2.442,-1.014,-1.428,0.014,Shot Creator,Point of Attack
1630538,Bones Hyland,2026,MIN,PG,16.574,1.322,1.562,-0.24,2.789,Primary Ball Handler,Chaser
1630540,Miles Mcbride,2026,NYK,SG,26.34,0.971,1.331,-0.36,2.323,Secondary Ball Handler,Point of Attack
1630541,Moses Moody,2026,GSW,SG,25.66,0.325,-0.325,0.65,2.688,Movement Shooter,Wing Stopper
1630543,Isaiah Jackson,2026,IND/LAC,C,16.512,0.003,-0.777,0.779,1.402,Roll + Cut Big,Mobile Big
1630544,Tre Mann,2026,CHO,PG,12.61,-1.69,-0.979,-0.711,0.324,Secondary Ball Handler,Low Activity
1630545,Terrence Shannon Jr.,2026,MIN,SG,12.503,-2.196,-0.586,-1.61,0.092,Shot Creator,Helper
1630549,Day'Ron Sharpe,2026,BRK,C,18.706,0.489,-0.702,1.191,2.144,Roll + Cut Big,Mobile Big
1630551,Justin Champagnie,2026,WAS,SF,19.962,-0.896,0.052,-0.949,1.349,Movement Shooter,Helper
1630552,Jalen Johnson,2026,ATL,SF,35.159,1.244,1.059,0.185,5.876,Shot Creator,Helper
1630557,Corey Kispert,2026,WAS/ATL,SF,18.612,-1.005,0.283,-1.288,0.984,Off Screen Shooter,Helper
1630558,Davion Mitchell,2026,MIA,PG,28.574,-0.086,-0.451,0.366,2.976,Shot Creator,Point of Attack
1630559,Austin Reaves,2026,LAL,SG,34.54,2.39,2.295,0.095,5.341,Shot Creator,Point of Attack
1630560,Cam Thomas,2026,BRK/MIL,SG,20.962,-1.622,0.882,-2.504,0.464,Shot Creator,Chaser
1630567,Scottie Barnes,2026,TOR,PF,33.507,2.995,1.081,1.914,9.119,Shot Creator,Wing Stopper
1630568,Luka Garza,2026,BOS,C,16.2,0.646,1.033,-0.388,2.176,Stretch Big,Mobile Big
1630570,Trendon Watford,2026,PHI,PF,16.296,-2.687,-1.924,-0.763,-0.113,Shot Creator,Helper
1630572,Sandro Mamukelashvili,2026,TOR,C,21.881,1.566,1.156,0.41,4.414,Stationary Shooter,Mobile Big
1630573,Sam Hauser,2026,BOS,PF,24.794,0.587,0.442,0.144,3.693,Off Screen Shooter,Helper
1630577,Julian Champagnie,2026,SAS,SF,27.631,1.54,0.16,1.38,5.678,Movement Shooter,Helper
1630578,Alperen Sengun,2026,HOU,C,33.296,1.058,1.055,0.003,5.285,Shot Creator,Mobile Big
1630579,Jericho Sims,2026,MIL,C,19.667,-3.55,-2.796,-0.754,-0.862,Athletic Finisher,Helper
1630581,Josh Giddey,2026,CHI,PG,32.06,0.513,1.28,-0.768,3.226,Primary Ball Handler,Helper
1630583,Santi Aldama,2026,MEM,PF,27.859,-0.9,-0.428,-0.472,1.17,Movement Shooter,Helper
1630590,Scotty Pippen Jr.,2026,MEM,PG,21.187,-1.068,-0.787,-0.281,0.185,Primary Ball Handler,Point of Attack
1630591,Jalen Suggs,2026,ORL,PG,27.604,2.175,0.623,1.552,4.562,Primary Ball Handler,Point of Attack
1630592,Jalen Wilson,2026,BRK,PF,15.91,-2.422,-1.669,-0.753,0.027,Movement Shooter,Helper
1630595,Cade Cunningham,2026,DET,PG,33.929,5.383,4.104,1.279,10.44,Shot Creator,Chaser
1630596,Evan Mobley,2026,CLE,PF,31.909,3.067,1.721,1.346,7.146,Shot Creator,Mobile Big
1630598,Aaron Wiggins,2026,OKC,SG,21.751,-0.34,-0.754,0.414,1.878,Movement Shooter,Helper
1630604,E.J. Liddell,2026,BRK,PF,13.43,-1.411,-1.326,-0.085,0.23,Movement Shooter,Helper
1630610,Dejon Jarreau,2026,MEM,SG,20.976,-1.964,-1.565,-0.399,0.073,Secondary Ball Handler,Chaser
1630611,Gui Santos,2026,GSW,PF,20.518,0.102,-0.674,0.776,2.24,Shot Creator,Helper
1630619,Moussa Cisse,2026,DAL,C,13.936,0.056,-1.642,1.698,0.835,Roll + Cut Big,Anchor Big
1630623,Tyson Etienne,2026,BRK,PG,15.834,-2.449,-0.705,-1.745,0.006,Movement Shooter,Point of Attack
1630631,Jose Alvarado,2026,NOP/NYK,PG,19.857,-1.452,-0.463,-0.989,0.867,Primary Ball Handler,Chaser
1630643,Jay Huff,2026,IND,C,20.964,-0.393,-0.798,0.405,2.226,Stretch Big,Mobile Big
1630679,Ethan Thompson,2026,IND,SG,20.41,-1.015,-1.02,0.005,0.591,Movement Shooter,Chaser
1630692,Jordan Goodwin,2026,PHO,PG,22.45,1.917,1.064,0.853,4.306,Movement Shooter,Wing Stopper
1630695,Micah Potter,2026,IND,C,19.324,-0.151,-0.197,0.046,1.314,Stretch Big,Mobile Big
1630696,Dru Smith,2026,MIA,SG,16.302,0.483,-0.865,1.348,2.105,Shot Creator,Point of Attack
1630700,Dyson Daniels,2026,ATL,SG,33.149,2.287,0.38,1.907,7.478,Primary Ball Handler,Point of Attack
1630702,Jaden Hardy,2026,DAL/WAS,SG,15.754,-2.372,-0.192,-2.181,0.056,Shot Creator,Low Activity
1630703,Scoot Henderson,2026,POR,PG,24.927,-0.971,-0.198,-0.773,0.698,Shot Creator,Point of Attack
1630811,Keaton Wallace,2026,ATL,PG,10.111,-1.246,-1.103,-0.143,0.408,Secondary Ball Handler,Point of Attack
1631093,Jaden Ivey,2026,DET/CHI,SG,18.113,-1.508,-0.829,-0.679,0.4,Movement Shooter,Point of Attack
1631094,Paolo Banchero,2026,ORL,PF,34.744,0.875,0.98,-0.105,5.229,Shot Creator,Wing Stopper
1631095,Jabari Smith Jr.,2026,HOU,PF,35.131,0.822,0.041,0.781,5.565,Movement Shooter,Helper
1631096,Chet Holmgren,2026,OKC,PF,28.944,5.103,1.638,3.465,9.283,Shot Creator,Mobile Big
1631097,Bennedict Mathurin,2026,IND/LAC,SF,30,-0.031,0.227,-0.259,2.466,Shot Creator,Chaser
1631099,Keegan Murray,2026,SAC,PF,34.48,-0.378,-1.1,0.722,1.034,Movement Shooter,Wing Stopper
1631101,Shaedon Sharpe,2026,POR,SG,29.423,-1.205,0.264,-1.469,1.157,Shot Creator,Chaser
1631104,Blake Wesley,2026,POR,SG,11.637,-1.462,-0.835,-0.627,0.226,Shot Creator,Chaser
1631105,Jalen Duren,2026,DET,C,28.225,3.992,2.617,1.375,7.905,Shot Creator,Mobile Big
1631106,Tari Eason,2026,HOU,PF,25.814,0.136,-0.358,0.494,2.52,Stationary Shooter,Wing Stopper
1631107,Nikola Jovic,2026,MIA,PF,17.191,-1.459,-1.22,-0.239,0.507,Shot Creator,Helper
1631108,Max Christie,2026,DAL,SG,29.146,-2.115,-1.518,-0.597,0.496,Movement Shooter,Point of Attack
1631109,Mark Williams,2026,PHO,C,23.598,0.765,-0.529,1.294,2.862,Roll + Cut Big,Mobile Big
1631110,Jeremy Sochan,2026,SAS/NYK,PF,10.646,-2.423,-1.96,-0.463,0.015,Stretch Big,Wing Stopper
1631113,Kennedy Chandler,2026,UTA,PG,32.292,-1.274,-0.222,-1.052,0.264,Primary Ball Handler,Chaser
1631114,Jalen Williams,2026,OKC,SG,28.36,1.597,1.441,0.156,2.378,Shot Creator,Wing Stopper
1631119,Jaylin Williams,2026,OKC,PF,19.649,0.998,-1.117,2.115,2.768,Stationary Shooter,Anchor Big
1631121,Bryce Mcgowens,2026,NOP,SG,20.949,-1.288,-0.348,-0.94,0.646,Stationary Shooter,Wing Stopper
1631123,Jamaree Bouyea,2026,PHO,PG,13.998,-0.269,-0.51,0.24,0.884,Slasher,Point of Attack
1631124,Julian Strawther,2026,DEN,SG,15.099,-2.076,-1.232,-0.844,0.211,Movement Shooter,Low Activity
1631126,Caleb Love,2026,POR,SG,20.663,-2.419,-0.441,-1.979,0.034,Secondary Ball Handler,Chaser
1631128,Christian Braun,2026,DEN,SG,31.795,-0.326,-0.361,0.035,1.87,Stationary Shooter,Point of Attack
1631131,Oscar Tshiebwe,2026,UTA,C,16.608,-0.345,0.121,-0.466,0.594,Roll + Cut Big,Mobile Big
1631132,Christian Koloko,2026,LAL/MEM/ATL,C,13.208,-1.424,-1.941,0.517,0.232,Athletic Finisher,Mobile Big
1631133,Jabari Walker,2026,PHI,PF,11.9,-1.404,-1.391,-0.013,0.505,Stretch Big,Helper
1631157,Ryan Rollins,2026,MIL,PG,32.1,-0.668,-0.299,-0.368,2.667,Primary Ball Handler,Point of Attack
1631159,Leonard Miller,2026,MIN/CHI,SF,15.621,-0.993,0.159,-1.152,0.66,Stationary Shooter,Helper
1631165,Keon Ellis,2026,SAC/CLE,SG,20.536,-0.177,-1.244,1.067,2.115,Movement Shooter,Point of Attack
1631169,Josh Minott,2026,BOS/BRK,PF,17.012,-0.349,-1.001,0.653,1.103,Movement Shooter,Wing Stopper
1631170,Jaime Jaquez Jr.,2026,MIA,SF,28.281,-1.522,-0.649,-0.873,1.249,Shot Creator,Helper
1631172,Ousmane Dieng,2026,OKC/MIL,C,19.287,-1.62,-1.16,-0.46,0.58,Secondary Ball Handler,Helper
1631174,Tyler Burton,2026,MEM,SF,25.561,-2.616,-1.387,-1.229,-0.027,Movement Shooter,Helper
1631199,Ron Harper Jr.,2026,BOS,SF,10.948,-0.434,-0.283,-0.151,0.403,Movement Shooter,Chaser
1631200,Kris Murray,2026,POR,SF,23.386,-1.745,-1.73,-0.014,0.6,Stationary Shooter,Helper
1631204,Marcus Sasser,2026,DET,PG,12.012,-2.122,-1.168,-0.953,0.099,Secondary Ball Handler,Point of Attack
1631207,Dalen Terry,2026,CHI/PHI,SG,11.479,-0.726,-1.187,0.46,0.598,Stationary Shooter,Point of Attack
1631212,Peyton Watson,2026,DEN,SF,29.586,-1.281,-1.022,-0.258,1.181,Movement Shooter,Point of Attack
1631213,Tyrese Martin,2026,BRK/PHI,SG,16.882,-1.045,-0.644,-0.401,0.688,Secondary Ball Handler,Chaser
1631217,Moussa Diabate,2026,CHO,C,26.008,1.816,0.229,1.587,5.083,Roll + Cut Big,Mobile Big
1631221,Collin Gillespie,2026,PHO,PG,28.52,1.913,0.678,1.235,6.245,Primary Ball Handler,Point of Attack
1631222,Jake Laravia,2026,LAL,PF,25.138,-1.177,-0.61,-0.566,1.658,Stationary Shooter,Point of Attack
1631230,Dominick Barlow,2026,PHI,PF,23.78,-0.903,-1.404,0.502,1.647,Athletic Finisher,Wing Stopper
1631243,Mouhamed Gueye,2026,ATL,PF,15.306,0.353,-1.508,1.862,2.078,Stationary Shooter,Helper
1631245,Quenton Jackson,2026,IND,PG,18.313,-1.161,-0.376,-0.785,0.73,Primary Ball Handler,Point of Attack
1631246,Vince Williams Jr.,2026,MEM/UTA,SG,20.482,-1.32,-0.716,-0.605,0.585,Primary Ball Handler,Wing Stopper
1631248,Baylor Scheierman,2026,BOS,SG,18.558,-0.292,-0.495,0.202,1.941,Movement Shooter,Wing Stopper
1631250,Pete Nance,2026,MIL,PF,15.681,-1.675,-1.47,-0.206,0.364,Movement Shooter,Helper
1631255,Karlo Matkovic,2026,NOP,PF,14.705,-0.661,-1.094,0.433,1.027,Stretch Big,Helper
1631260,Aj Green,2026,MIL,SG,29.1,-1.072,-0.412,-0.66,1.973,Movement Shooter,Chaser
1631288,Jamal Cain,2026,ORL,SF,12.147,-0.72,-0.502,-0.218,0.529,Movement Shooter,Point of Attack
1631321,Sidy Cissoko,2026,POR,SF,19.131,-1.68,-2.342,0.663,0.704,Stationary Shooter,Helper
1631323,Simone Fontecchio,2026,MIA,SF,16.747,-0.386,0.56,-0.946,1.523,Off Screen Shooter,Helper
1631342,Daeqwon Plowden,2026,SAC,SG,26.385,-1.724,-0.904,-0.82,0.391,Movement Shooter,Point of Attack
1631351,Lucas Williamson,2026,MEM,SG,31.962,-2.245,-1.171,-1.073,0.032,Movement Shooter,Chaser
1631466,Nate Williams,2026,GSW,SG,17.082,-2.478,-1.112,-1.366,-0.001,Stationary Shooter,Wing Stopper
1641705,Victor Wembanyama,2026,SAS,C,29.148,7.647,3.655,3.992,11.25,Shot Creator,Anchor Big
1641706,Brandon Miller,2026,CHO,SF,30.279,1.325,1.195,0.13,4.668,Shot Creator,Chaser
1641707,Taylor Hendricks,2026,UTA/MEM,PF,18.956,-2,-1.634,-0.366,0.327,Stationary Shooter,Helper
1641708,Amen Thompson,2026,HOU,PG,37.378,2.036,1.077,0.959,8.308,Shot Creator,Point of Attack
1641709,Ausar Thompson,2026,DET,SF,25.963,2.821,-0.109,2.93,6.247,Roll + Cut Big,Point of Attack
1641710,Anthony Black,2026,ORL,PG,29.841,0.459,0.202,0.257,3.495,Primary Ball Handler,Point of Attack
1641711,Gradey Dick,2026,TOR,SG,14.033,-2.484,-1.8,-0.684,-0.007,Movement Shooter,Low Activity
1641712,Rayan Rupert,2026,POR/MEM,SG,16.755,-3.363,-2.864,-0.498,-0.58,Stationary Shooter,Chaser
1641713,Gg Jackson,2026,MEM,PF,21.412,-0.846,-0.762,-0.084,1.191,Shot Creator,Wing Stopper
1641715,Cam Whitmore,2026,WAS,SF,16.853,-2.081,-0.788,-1.294,0.086,Shot Creator,Helper
1641716,Jarace Walker,2026,IND,PF,25.7,-2.681,-1.436,-1.245,-0.247,Movement Shooter,Helper
1641717,Cason Wallace,2026,OKC,SG,26.569,2.172,-0.478,2.649,5.928,Secondary Ball Handler,Point of Attack
1641718,Keyonte George,2026,UTA,PG,33.076,-0.645,1.094,-1.739,2.03,Primary Ball Handler,Chaser
1641722,Jordan Hawkins,2026,NOP,SG,13.566,-3.985,-1.985,-2,-0.632,Off Screen Shooter,Chaser
1641724,Jett Howard,2026,ORL,SF,12.64,-1.609,0.017,-1.626,0.372,Movement Shooter,Chaser
1641729,Brice Sensabaugh,2026,UTA,SF,23.49,-1.886,0.259,-2.145,0.639,Movement Shooter,Helper
1641730,Noah Clowney,2026,BRK,PF,26.969,-2.836,-1.901,-0.936,-0.395,Movement Shooter,Wing Stopper
1641731,Bilal Coulibaly,2026,WAS,SG,26.206,-1.73,-1.678,-0.051,0.675,Secondary Ball Handler,Wing Stopper
1641733,Nick Smith Jr.,2026,LAL,SG,12.495,-2.657,-0.989,-1.668,-0.042,Shot Creator,Point of Attack
1641737,Adem Bona,2026,PHI,C,17.38,-0.914,-2.059,1.145,1.195,Roll + Cut Big,Mobile Big
1641738,Kobe Brown,2026,LAC/IND,PF,15.775,-2.938,-1.557,-1.381,-0.273,Movement Shooter,Helper
1641739,Toumani Camara,2026,POR,PF,33.305,-0.023,-0.956,0.934,4.171,Stationary Shooter,Wing Stopper
1641740,Jaylen Clark,2026,MIN,SG,13.051,-0.683,-0.465,-0.219,0.988,Stationary Shooter,Point of Attack
1641744,Zach Edey,2026,MEM,C,25.8,0.912,-0.944,1.857,0.6,Post Scorer,Anchor Big
1641750,Ryan Kalkbrenner,2026,CHO,C,21.432,-0.503,-1.988,1.485,1.813,Roll + Cut Big,Anchor Big
1641757,Jordan Miller,2026,LAC,SF,22.078,-0.766,0.195,-0.962,1.405,Shot Creator,Chaser
1641764,Brandin Podziemski,2026,GSW,SG,28.443,0.183,-0.587,0.77,3.863,Primary Ball Handler,Chaser
1641765,Olivier-Maxence Prosper,2026,MEM,PF,18.556,-2.116,-1.328,-0.787,0.217,Stretch Big,Mobile Big
1641767,Ben Sheppard,2026,IND,SG,21.389,-2.008,-1.241,-0.767,0.399,Movement Shooter,Chaser
1641771,Jalen Slawson,2026,IND,SF,23.886,-0.192,-0.899,0.708,0.441,Movement Shooter,Helper
1641772,Nae'Qwan Tomlin,2026,CLE,PF,15.68,-0.61,-0.509,-0.101,1.163,Stationary Shooter,Helper
1641774,Tristan Vukcevic,2026,WAS,C,13.692,-0.821,-0.21,-0.611,0.689,Stretch Big,Mobile Big
1641775,Jordan Walsh,2026,BOS,PF,17.819,-0.494,-1.186,0.692,1.493,Stationary Shooter,Point of Attack
1641778,Leaky Black,2026,WAS,SF,28.87,-2.759,-2.475,-0.283,-0.076,Stationary Shooter,Chaser
1641783,Tristan Da Silva,2026,ORL,SF,24.666,-0.717,-0.838,0.121,2.073,Movement Shooter,Helper
1641790,Pj Hall,2026,MEM/CHO,C,11.228,-1.52,-1.519,-0.001,0.126,Roll + Cut Big,Anchor Big
1641796,Pelle Larsson,2026,MIA,SG,26.415,0.073,-0.451,0.524,2.935,Shot Creator,Chaser
1641824,Matas Buzelis,2026,CHI,PF,29.196,-0.789,-0.679,-0.11,2.353,Movement Shooter,Helper
1641842,Ronald Holland Ii,2026,DET,SF,19.873,-0.459,-2.017,1.558,1.943,Stationary Shooter,Point of Attack
1641854,Craig Porter Jr.,2026,CLE,PG,17.929,1.802,0.626,1.177,3.062,Secondary Ball Handler,Point of Attack
1641869,Malachi Smith,2026,BRK,SG,23.921,-1.741,-1.5,-0.241,0.163,Secondary Ball Handler,Helper
1641989,Elijah Harkless,2026,UTA,SG,20.953,-0.737,-0.717,-0.02,0.588,Primary Ball Handler,Point of Attack
1642258,Zaccharie Risacher,2026,ATL,SF,22.435,-0.39,-0.729,0.338,1.949,Movement Shooter,Helper
1642259,Alex Sarr,2026,WAS,C,27.179,-0.347,-1.089,0.742,1.727,Shot Creator,Mobile Big
1642261,Dalton Knecht,2026,LAL,SF,10.238,-3.698,-2.056,-1.642,-0.41,Movement Shooter,Helper
1642262,Cody Williams,2026,UTA,SG,24.335,-2.994,-2.332,-0.661,-0.518,Athletic Finisher,Point of Attack
1642263,Reed Sheppard,2026,HOU,SG,26.176,-1.786,-0.742,-1.044,0.912,Primary Ball Handler,Chaser
1642264,Stephon Castle,2026,SAS,PG,29.964,1.464,0.556,0.908,5.009,Primary Ball Handler,Point of Attack
1642265,Rob Dillingham,2026,MIN/CHI,PG,14.921,-3.154,-1.585,-1.569,-0.403,Shot Creator,Low Activity
1642266,Ja'Kobe Walter,2026,TOR,SG,20.464,-0.758,-0.994,0.235,1.57,Movement Shooter,Point of Attack
1642267,Bub Carrington,2026,WAS,PG,27.688,-5.555,-2.61,-2.945,-4.135,Primary Ball Handler,Point of Attack
1642268,Isaiah Collier,2026,UTA,PG,25.709,-2.264,-1.089,-1.175,0.196,Shot Creator,Point of Attack
1642269,Devin Carter,2026,SAC,PG,18.416,-0.046,0.173,-0.219,1.059,Primary Ball Handler,Point of Attack
1642270,Donovan Clingan,2026,POR,C,27.186,3.407,1.057,2.35,7.643,Stretch Big,Anchor Big
1642271,Kyle Filipowski,2026,UTA,C,23.388,-0.303,-0.366,0.063,2.433,Stationary Shooter,Helper
1642272,Jared Mccain,2026,PHI/OKC,SG,17.306,-2.656,-0.809,-1.847,-0.129,Secondary Ball Handler,Low Activity
1642273,Kyshawn George,2026,WAS,SF,28.977,-1.147,-0.942,-0.205,1.145,Primary Ball Handler,Wing Stopper
1642274,Yves Missi,2026,NOP,C,19.649,-0.477,-1.032,0.556,1.611,Roll + Cut Big,Mobile Big
1642275,Tidjane Salaun,2026,CHO,PF,15.547,-1.226,-1.512,0.286,0.445,Stationary Shooter,Helper
1642276,Kel'El Ware,2026,MIA,C,22.125,0.796,0.096,0.7,3.477,Stretch Big,Mobile Big
1642277,Johnny Furphy,2026,IND,SG,18.37,-0.786,-2.115,1.329,0.674,Stationary Shooter,Helper
1642278,Tyler Kolek,2026,NYK,PG,11.726,-1.055,-1.025,-0.03,0.64,Primary Ball Handler,Point of Attack
1642281,Jaylon Tyson,2026,CLE,SG,26.928,0.604,0.804,-0.2,3.414,Movement Shooter,Chaser
1642285,Cam Spencer,2026,MEM,SG,23.809,-0.256,0.99,-1.246,2.367,Primary Ball Handler,Low Activity
1642345,Oso Ighodaro,2026,PHO,PF,22.05,0.201,-1.308,1.509,3.015,Roll + Cut Big,Mobile Big
1642346,Ryan Dunn,2026,PHO,SF,19.355,-0.102,-0.711,0.609,2.002,Stationary Shooter,Helper
1642347,Jamal Shead,2026,TOR,PG,22.586,0.156,-0.117,0.273,3.037,Primary Ball Handler,Point of Attack
1642348,Justin Edwards,2026,PHI,SF,15.263,-1.759,-1.042,-0.717,0.431,Movement Shooter,Chaser
1642349,Ajay Mitchell,2026,OKC,SG,25.835,2.391,0.881,1.51,4.465,Primary Ball Handler,Point of Attack
1642354,Kj Simpson,2026,CHO/DEN,PG,12.878,-1.135,-0.716,-0.418,0.214,Secondary Ball Handler,Point of Attack
1642363,Nique Clifford,2026,SAC,SG,25.091,-1.112,-1.533,0.421,1.59,Movement Shooter,Chaser
1642364,Jamir Watkins,2026,WAS,SG,20.641,-1.392,-1.525,0.134,0.692,Movement Shooter,Point of Attack
1642366,Quinten Post,2026,GSW,PF,17.298,-0.592,-0.653,0.06,1.356,Stretch Big,Mobile Big
1642377,Jaylen Wells,2026,MEM,SG,26.383,-0.599,-0.44,-0.159,2.122,Movement Shooter,Point of Attack
1642380,Adama Bal,2026,MEM,SG,30.162,-2.963,-1.854,-1.109,-0.072,Movement Shooter,Helper
1642382,Branden Carlson,2026,OKC,C,11.621,-0.321,-0.45,0.13,0.654,Stretch Big,Anchor Big
1642383,Walter Clayton Jr.,2026,UTA/MEM,PG,20.442,-2.68,-1.173,-1.507,-0.178,Primary Ball Handler,Point of Attack
1642396,Blake Hinson,2026,UTA,SF,20.388,-0.959,-0.057,-0.902,0.268,Movement Shooter,Low Activity
1642450,Daniss Jenkins,2026,DET,PG,20.21,0.182,0.05,0.132,2.41,Primary Ball Handler,Point of Attack
1642461,Spencer Jones,2026,DEN,SF,22.135,-2.302,-2.526,0.224,0.15,Stationary Shooter,Wing Stopper
1642484,Rayj Dennis,2026,IND/LAC/ATL,PG,12.129,-1.403,-0.631,-0.772,0.137,Secondary Ball Handler,Point of Attack
1642502,Malevy Leons,2026,GSW,SF,11.056,-1.273,-1.041,-0.232,0.206,Athletic Finisher,Helper
1642504,Cormac Ryan,2026,MIL,SG,24.605,-0.732,-0.165,-0.567,0.293,Movement Shooter,Point of Attack
1642530,Yuki Kawamura,2026,CHI,PG,11.609,-0.414,-0.242,-0.172,0.268,Secondary Ball Handler,Point of Attack
1642843,Cooper Flagg,2026,DAL,SF,33.482,-0.155,-0.178,0.023,3.386,Shot Creator,Helper
1642844,Dylan Harper,2026,SAS,SG,22.577,0.947,0.479,0.467,3.326,Shot Creator,Point of Attack
1642845,Vj Edgecombe,2026,PHI,SG,34.975,0.001,-0.079,0.08,4.046,Primary Ball Handler,Point of Attack
1642846,Ace Bailey,2026,UTA,SF,27.605,-2.455,-0.915,-1.539,0.024,Movement Shooter,Helper
1642847,Jeremiah Fears,2026,NOP,PG,25.753,-1.468,-0.057,-1.411,1.314,Primary Ball Handler,Point of Attack
1642848,Tre Johnson,2026,WAS,SG,24.044,-4.404,-2.207,-2.197,-1.674,Secondary Ball Handler,Chaser
1642849,Nolan Traore,2026,BRK,PG,22.202,-3.395,-2.245,-1.151,-0.697,Primary Ball Handler,Point of Attack
1642851,Kon Knueppel,2026,CHO,SF,31.488,0.631,0.753,-0.122,4.942,Movement Shooter,Chaser
1642852,Derik Queen,2026,NOP,C,24.978,-0.512,-0.47,-0.042,2.469,Shot Creator,Mobile Big
1642853,Rasheer Fleming,2026,PHO,PF,12.242,-1.284,-0.925,-0.359,0.496,Stationary Shooter,Helper
1642854,Asa Newell,2026,ATL,PF,11.36,-1.204,-0.693,-0.511,0.393,Stationary Shooter,Helper
1642856,Egor Demin,2026,BRK,PG,25.156,-0.892,-1.018,0.126,1.285,Primary Ball Handler,Chaser
1642857,Kasparas Jakucionis,2026,MIA,PG,17.822,-0.759,-0.924,0.165,1.006,Shot Creator,Chaser
1642859,Jase Richardson,2026,ORL,SG,10.864,-2.163,-0.889,-1.273,0.112,Secondary Ball Handler,Point of Attack
1642860,Will Riley,2026,WAS,SF,22.06,-4.031,-1.446,-2.585,-1.535,Secondary Ball Handler,Low Activity
1642862,Liam Mcneeley,2026,CHO,SF,11.852,-0.398,-0.664,0.267,0.475,Movement Shooter,Low Activity
1642864,Hugo Gonzalez,2026,BOS,SF,14.644,-0.132,-1.981,1.849,1.581,Stationary Shooter,Wing Stopper
1642867,Collin Murray-Boyles,2026,TOR,PF,21.849,0.617,-0.586,1.202,2.402,Roll + Cut Big,Mobile Big
1642868,Carter Bryant,2026,SAS,PF,11.517,-1.235,-1.269,0.033,0.628,Stationary Shooter,Helper
1642869,Noah Penda,2026,ORL,SF,12.832,-0.747,-0.832,0.085,0.812,Stationary Shooter,Helper
1642874,Danny Wolf,2026,BRK,PF,20.825,-0.757,-1.496,0.739,1.267,Movement Shooter,Helper
1642875,Maxime Raynaud,2026,SAC,C,26.537,-2.333,-1.417,-0.916,0.17,Roll + Cut Big,Mobile Big
1642877,Micah Peavy,2026,NOP,SG,14.963,-1.327,-0.935,-0.392,0.648,Movement Shooter,Point of Attack
1642878,Tyrese Proctor,2026,CLE,PG,10.901,-0.665,0.477,-1.142,0.613,Secondary Ball Handler,Chaser
1642879,Ben Saraf,2026,BRK,SG,20.825,-3.575,-3.016,-0.559,-0.613,Slasher,Chaser
1642880,Kam Jones,2026,IND,SG,16.655,-3.597,-2.196,-1.4,-0.42,Primary Ball Handler,Point of Attack
1642882,Julian Reese,2026,WAS,PF,30.885,-1.946,-1.501,-0.445,0.131,Roll + Cut Big,Anchor Big
1642883,Sion James,2026,CHO,SG,22.474,-0.276,-1.385,1.109,2.522,Movement Shooter,Point of Attack
1642907,Cedric Coward,2026,MEM,SG,25.771,-1.173,-0.573,-0.601,1.288,Movement Shooter,Wing Stopper
1642914,Javon Small,2026,MEM,PG,20.241,-0.414,0.228,-0.643,1.064,Primary Ball Handler,Point of Attack
1642920,Kobe Sanders,2026,LAC,SG,19.895,-1.802,-1.048,-0.753,0.561,Movement Shooter,Chaser
1642928,Dylan Cardwell,2026,SAC,C,20.601,1.285,-1.375,2.66,2.127,Roll + Cut Big,Mobile Big
1642942,Jahmai Mashack,2026,MEM,SG,21.713,-3.693,-2.933,-0.76,-0.498,Athletic Finisher,Helper
1642948,Ryan Nembhard,2026,DAL,PG,19.513,-3.215,-1.958,-1.257,-0.529,Primary Ball Handler,Point of Attack
1642949,Yanic Konan Niederhauser,2026,LAC,C,10.333,-0.349,-1.585,1.236,0.56,Roll + Cut Big,Mobile Big
1642954,Will Richard,2026,GSW,SG,19.951,-0.731,-1.527,0.796,1.491,Movement Shooter,Point of Attack
1642962,Drake Powell,2026,BRK,SG,20.943,-4.799,-3.352,-1.447,-1.834,Movement Shooter,Chaser
1642967,John Poulakidas,2026,DAL,SG,19.494,-1.258,-0.496,-0.762,0.191,Off Screen Shooter,Chaser
1643007,Taelon Peter,2026,IND,SG,12.952,-2.336,-1.821,-0.515,0.042,Movement Shooter,Chaser
1643016,Bez Mbeng,2026,UTA,SG,32.812,-2.646,-2.619,-0.027,-0.052,Athletic Finisher,Point of Attack
1643018,Lj Cryer,2026,GSW,PG,16.227,-1.247,-0.1,-1.146,0.222,Off Screen Shooter,Chaser
1643052,Chaney Johnson,2026,BRK,SF,20.445,-0.915,-1.531,0.616,0.336,Athletic Finisher,Mobile Big
1643253,Toby Okani,2026,MEM,SG,36.181,-2.549,-1.395,-1.154,-0.01,Stationary Shooter,Helper