player_name,player_id_bbref,team,games_played,minutes,PER,USG_pct,WS,WS48,BPM,OBPM,DBPM,VORP
Amen Thompson,amenthom01,HOU,79.0,2953.0,18.9,20.0,10.3,0.167,2.6,1.6,1.0,3.4
Kevin Durant,kevindur01,HOU,78.0,2840.0,21.1,27.1,10.7,0.18,4.5,4.4,0.1,4.7
Desmond Bane,desmondb01,ORL,82.0,2756.0,16.9,23.3,7.4,0.129,1.4,1.6,-0.2,2.3
Toumani Camara,toumanic01,POR,82.0,2731.0,11.3,16.3,4.8,0.084,-1.0,-1.0,0.0,0.7
Jabari Smith Jr.,jabarism01,HOU,77.0,2705.0,13.5,18.2,6.6,0.118,-0.7,-0.5,-0.2,0.9
Mikal Bridges,mikalbri01,NYK,82.0,2692.0,15.3,17.3,8.0,0.143,2.7,1.3,1.4,3.2
Scottie Barnes,scottieb01,TOR,80.0,2681.0,19.2,23.4,7.8,0.14,4.2,1.9,2.3,4.2
Tyrese Maxey,tyresema01,PHI,70.0,2661.0,21.9,29.4,8.7,0.156,5.4,5.0,0.5,4.9
Jamal Murray,jamalmur01,DEN,75.0,2652.0,21.8,27.9,9.5,0.173,4.1,5.5,-1.4,4.1
Derrick White,derrickw01,BOS,77.0,2625.0,16.0,22.0,7.0,0.129,3.2,2.2,1.0,3.5
VJ Edgecombe,vjedgeco01,PHI,75.0,2623.0,14.0,20.1,4.4,0.081,-0.5,-0.4,-0.1,1.0
Julius Randle,juliusra01,MIN,79.0,2610.0,18.4,26.5,7.4,0.135,1.5,1.5,0.0,2.3
Brandon Ingram,brandoni01,TOR,77.0,2604.0,16.3,26.9,4.6,0.084,0.5,1.0,-0.5,1.7
Nickeil Alexander-Walker,nickeila01,ATL,78.0,2603.0,16.5,23.9,6.3,0.116,1.2,1.6,-0.4,2.1
Jalen Brunson,jalenbru01,NYK,74.0,2590.0,20.1,30.4,8.8,0.163,3.1,4.0,-0.9,3.3
Payton Pritchard,paytonpr01,BOS,79.0,2556.0,17.1,21.4,8.5,0.16,2.3,2.6,-0.3,2.8
Kon Knueppel,konknuep01,CHO,81.0,2551.0,17.1,22.3,8.0,0.151,2.8,3.1,-0.4,3.1
Jalen Johnson,jalenjoh01,ATL,72.0,2532.0,20.4,27.0,7.5,0.141,4.2,2.8,1.4,4.0
Dyson Daniels,dysondan01,ATL,76.0,2520.0,15.5,16.0,6.6,0.126,1.3,-0.6,1.8,2.1
Paolo Banchero,paoloban01,ORL,72.0,2502.0,17.6,27.6,5.0,0.095,1.4,1.4,0.0,2.1
Donte DiVincenzo,dontediv01,MIN,82.0,2494.0,12.5,16.9,5.2,0.1,0.8,0.0,0.7,1.7
Jaylen Brown,jaylenbr01,BOS,71.0,2443.0,22.0,36.2,6.9,0.135,3.3,3.5,-0.1,3.3
James Harden,jameshar01,2TM,70.0,2438.0,20.7,28.6,7.7,0.151,3.9,4.6,-0.8,3.6
James Harden,jameshar01,LAC,44.0,1559.0,21.7,31.2,4.8,0.148,3.8,4.8,-1.0,2.3
James Harden,jameshar01,CLE,26.0,879.0,18.9,24.0,2.9,0.158,4.0,4.4,-0.4,1.3
DeMar DeRozan,demarder01,SAC,77.0,2406.0,17.8,22.8,5.6,0.112,-0.1,0.9,-1.0,1.1
Alperen Şengün,alperene01,HOU,72.0,2398.0,21.4,26.6,8.0,0.161,4.2,2.7,1.5,3.7
Miles Bridges,milesbri01,CHO,77.0,2387.0,16.0,22.3,6.5,0.13,1.1,1.2,-0.1,1.9
Rudy Gobert,rudygobe01,MIN,76.0,2380.0,17.5,12.9,8.7,0.176,1.0,0.0,0.9,1.8
Ryan Rollins,ryanroll01,MIL,74.0,2376.0,16.2,24.2,3.4,0.069,0.2,0.7,-0.5,1.3
Bam Adebayo,bamadeba01,MIA,73.0,2365.0,18.7,25.0,6.4,0.129,2.0,1.5,0.4,2.4
Cooper Flagg,cooperfl01,DAL,70.0,2344.0,17.9,26.9,3.8,0.078,1.4,1.0,0.4,2.0
Donovan Mitchell,donovanm01,CLE,70.0,2342.0,22.9,32.2,8.2,0.169,5.1,5.2,-0.2,4.2
Trey Murphy III,treymurp01,NOP,66.0,2341.0,18.3,22.7,6.0,0.123,2.4,3.0,-0.6,2.6
Brandin Podziemski,brandinp01,GSW,82.0,2333.0,15.0,20.1,5.1,0.105,0.2,0.3,-0.1,1.3
Karl-Anthony Towns,karlanth01,NYK,75.0,2322.0,22.0,25.9,9.5,0.197,3.3,2.7,0.6,3.1
Jaden McDaniels,jadenmcd01,MIN,73.0,2316.0,14.0,18.5,5.2,0.109,-0.3,-0.9,0.6,1.0
Onyeka Okongwu,onyekaok01,ATL,74.0,2297.0,15.9,19.5,6.0,0.125,0.7,-0.1,0.8,1.6
Luka Dončić,lukadoni01,LAL,64.0,2289.0,27.9,38.1,9.5,0.199,9.3,8.0,1.3,6.6
Wendell Carter Jr.,wendellc01,ORL,78.0,2288.0,14.1,15.6,6.2,0.131,-0.6,-1.0,0.5,0.8
Collin Gillespie,collingi01,PHO,80.0,2282.0,15.3,18.7,6.2,0.13,2.5,1.9,0.6,2.6
Bub Carrington,bubcarri01,WAS,82.0,2271.0,9.9,18.0,-0.4,-0.009,-4.7,-2.2,-2.5,-1.6
A.J. Green,ajgreen01,MIL,78.0,2270.0,9.4,14.0,2.4,0.05,-3.3,-1.5,-1.8,-0.8
Julian Champagnie,julianch01,SAS,82.0,2266.0,13.1,15.2,6.2,0.132,1.4,0.5,0.8,1.9
Nikola Jokić,nikolajo01,DEN,65.0,2265.0,32.3,30.4,14.9,0.316,14.2,10.1,4.1,9.2
CJ McCollum,cjmccoll01,2TM,76.0,2264.0,15.9,25.7,3.0,0.063,-0.3,1.4,-1.7,1.0
CJ McCollum,cjmccoll01,WAS,35.0,1082.0,15.2,24.4,0.9,0.042,-1.5,1.2,-2.7,0.1
CJ McCollum,cjmccoll01,ATL,41.0,1182.0,16.5,26.9,2.0,0.082,0.9,1.6,-0.7,0.9
Shai Gilgeous-Alexander,shaigilg01,OKC,68.0,2259.0,30.8,33.4,15.2,0.323,11.7,8.7,3.0,7.8
Matas Buzelis,matasbuz01,CHI,77.0,2248.0,14.8,22.8,2.6,0.055,-1.0,-0.6,-0.4,0.5
Saddiq Bey,saddiqbe01,NOP,72.0,2246.0,17.1,21.6,5.4,0.116,0.5,2.3,-1.8,1.4
Max Christie,maxchris01,DAL,77.0,2244.0,11.0,16.5,2.7,0.058,-1.5,-1.0,-0.6,0.3
De'Aaron Fox,deaaronf01,SAS,72.0,2231.0,17.6,24.9,6.4,0.138,2.2,1.5,0.6,2.4
Immanuel Quickley,immanuel01,TOR,70.0,2231.0,16.6,21.1,6.5,0.14,2.4,1.9,0.6,2.5
Kris Dunn,krisdunn01,LAC,82.0,2230.0,11.3,12.4,4.0,0.085,-0.8,-2.3,1.5,0.6
OG Anunoby,oganunob01,NYK,67.0,2224.0,15.8,19.7,6.3,0.135,2.0,0.9,1.1,2.3
Royce O'Neale,royceone01,PHO,78.0,2213.0,11.6,14.3,4.6,0.1,0.7,-0.3,1.0,1.5
Quentin Grimes,quenting01,PHI,75.0,2206.0,12.9,19.0,3.6,0.078,-1.6,-0.9,-0.6,0.2
Deni Avdija,deniavdi01,POR,66.0,2199.0,20.3,29.3,7.0,0.152,4.3,3.7,0.6,3.5
Naji Marshall,najimars01,DAL,74.0,2184.0,15.4,20.5,4.3,0.095,-0.6,-0.7,0.1,0.8
Cade Cunningham,cadecunn01,DET,64.0,2172.0,21.6,30.5,7.9,0.174,6.3,4.8,1.5,4.6
Reed Sheppard,reedshep01,HOU,82.0,2147.0,15.7,21.7,5.9,0.131,2.7,1.2,1.5,2.5
Devin Booker,devinboo01,PHO,64.0,2146.0,20.4,32.2,6.5,0.145,2.2,3.2,-1.0,2.3
Anthony Edwards,anthonye01,MIN,61.0,2137.0,21.8,31.5,6.5,0.147,4.5,4.7,-0.1,3.5
Tim Hardaway Jr.,timharda01,DEN,80.0,2127.0,13.5,18.5,4.4,0.1,-0.7,1.3,-1.9,0.7
Jaime Jaquez Jr.,jaimejaq01,MIA,75.0,2121.0,15.7,22.3,4.2,0.094,0.1,0.3,-0.1,1.1
Duncan Robinson,duncanro01,DET,77.0,2113.0,12.4,15.8,6.1,0.139,0.8,0.8,-0.1,1.5
Jeremiah Fears,jeremiah01,NOP,82.0,2112.0,13.8,25.5,0.6,0.015,-2.7,-1.4,-1.3,-0.4
Donovan Clingan,donovanc01,POR,77.0,2094.0,20.9,16.9,8.6,0.197,3.0,2.4,0.6,2.6
Kawhi Leonard,kawhileo01,LAC,65.0,2085.0,27.9,33.5,9.2,0.212,8.0,7.4,0.6,5.3
Evan Mobley,evanmobl01,CLE,65.0,2074.0,20.0,22.6,6.5,0.15,3.0,1.8,1.2,2.6
Andrew Wiggins,andrewwi01,MIA,68.0,2063.0,15.1,19.7,4.6,0.106,1.2,0.7,0.5,1.7
Jake LaRavia,jakelara01,LAL,82.0,2061.0,11.9,14.4,3.8,0.089,-1.2,-1.6,0.5,0.4
Pascal Siakam,pascalsi01,IND,62.0,2057.0,18.6,30.1,2.6,0.062,0.7,1.8,-1.0,1.4
Cason Wallace,casonwal01,OKC,77.0,2046.0,12.1,14.5,5.2,0.122,1.2,-2.1,3.3,1.7
Devin Vassell,devinvas01,SAS,67.0,2044.0,13.0,18.0,4.9,0.115,0.5,0.1,0.3,1.3
Stephon Castle,stephonc01,SAS,68.0,2038.0,17.4,24.9,5.8,0.136,1.9,1.0,0.9,2.0
Derik Queen,derikque01,NOP,81.0,2023.0,15.9,21.8,2.7,0.063,-0.8,-1.5,0.7,0.6
LaMelo Ball,lameloba01,CHO,72.0,2017.0,19.7,32.0,6.2,0.147,4.7,4.8,-0.1,3.4
Naz Reid,nazreid01,MIN,77.0,2007.0,15.4,22.1,4.0,0.097,0.9,-0.1,1.0,1.5
Davion Mitchell,davionmi01,MIA,70.0,2000.0,12.1,13.6,4.3,0.104,-0.9,-1.3,0.4,0.6
Bruce Brown,brucebro01,DEN,82.0,1998.0,10.8,14.5,2.9,0.071,-2.4,-2.5,0.1,-0.2
Chet Holmgren,chetholm01,OKC,69.0,1997.0,21.6,21.9,9.1,0.219,4.2,2.4,1.9,3.1
Josh Hart,joshhart01,NYK,66.0,1994.0,15.7,16.7,6.1,0.147,3.0,1.0,2.0,2.5
LeBron James,lebronja01,LAL,60.0,1989.0,20.8,27.2,5.4,0.131,3.5,3.3,0.2,2.8
Ace Bailey,acebaile01,UTA,72.0,1988.0,11.6,21.4,-0.1,-0.001,-4.4,-1.9,-2.5,-1.2
Harrison Barnes,harrison01,SAS,77.0,1986.0,11.8,14.6,4.8,0.117,-0.1,-0.2,0.1,1.0
Jalen Duren,jalendur01,DET,70.0,1976.0,26.1,23.6,11.0,0.266,5.0,4.4,0.5,3.5
Brandon Miller,brandonm01,CHO,65.0,1968.0,16.8,28.1,4.5,0.109,1.6,1.7,-0.1,1.8
Maxime Raynaud,maximera01,SAC,74.0,1964.0,16.0,18.2,3.6,0.088,-2.4,-0.9,-1.6,-0.2
Deandre Ayton,deandrea01,LAL,72.0,1958.0,18.2,16.7,6.2,0.152,-0.9,0.0,-0.9,0.6
Jarace Walker,jaracewa01,IND,76.0,1953.0,11.5,20.7,0.5,0.013,-2.4,-1.8,-0.7,-0.2
Sam Hauser,samhause01,BOS,78.0,1934.0,11.9,14.5,5.0,0.124,0.6,0.6,0.0,1.3
Rui Hachimura,ruihachi01,LAL,68.0,1927.0,11.6,15.2,3.2,0.08,-2.2,-0.8,-1.5,-0.1
Neemias Queta,neemiasq01,BOS,76.0,1926.0,20.3,14.7,9.0,0.224,2.8,0.9,2.0,2.4
Nic Claxton,nicclaxt01,BRK,69.0,1920.0,17.6,17.7,4.8,0.121,0.9,0.3,0.6,1.4
Myles Turner,mylestur01,MIL,71.0,1912.0,14.2,18.6,3.0,0.076,-0.9,-0.9,0.0,0.5
Keldon Johnson,keldonjo01,SAS,82.0,1911.0,17.3,21.0,6.4,0.161,0.9,1.2,-0.3,1.4
Anthony Black,anthonyb01,ORL,64.0,1910.0,13.7,22.2,2.6,0.067,-0.6,-1.2,0.7,0.7
Tristan Da Silva,tristand01,ORL,77.0,1899.0,12.0,16.2,3.3,0.084,-0.6,-0.7,0.1,0.7
Moussa Diabaté,moussadi01,CHO,73.0,1899.0,17.2,11.4,7.4,0.188,1.7,0.4,1.2,1.8
Ausar Thompson,ausartho01,DET,73.0,1896.0,16.2,16.9,5.7,0.144,3.1,-0.6,3.6,2.4
Nique Clifford,niquecli01,SAC,75.0,1882.0,9.0,17.0,-0.6,-0.014,-4.9,-3.7,-1.2,-1.4
Ayo Dosunmu,ayodosun01,2TM,69.0,1881.0,16.5,20.2,4.9,0.124,1.0,1.3,-0.3,1.4
Ayo Dosunmu,ayodosun01,CHI,45.0,1187.0,17.0,20.8,3.0,0.12,0.8,1.6,-0.9,0.8
Ayo Dosunmu,ayodosun01,MIN,24.0,694.0,15.6,19.0,1.9,0.132,1.5,0.7,0.8,0.6
John Collins,johncoll01,LAC,69.0,1872.0,16.3,19.5,4.6,0.117,-0.5,0.0,-0.5,0.7
Draymond Green,draymond01,GSW,68.0,1869.0,10.4,16.1,1.7,0.044,-1.4,-2.4,1.0,0.3
Victor Wembanyama,victorwe01,SAS,64.0,1866.0,29.9,32.4,10.0,0.257,10.7,6.5,4.2,6.0
Russell Westbrook,russellw01,SAC,64.0,1853.0,15.1,25.9,0.4,0.009,-0.4,0.6,-1.0,0.7
Jamal Shead,jamalshe01,TOR,82.0,1852.0,10.5,15.5,2.7,0.07,-2.3,-2.3,0.0,-0.1
Pelle Larsson,pellelar01,MIA,70.0,1849.0,13.1,16.8,4.1,0.106,-1.2,-1.2,0.0,0.4
Luguentz Dort,luguentz01,OKC,69.0,1849.0,8.3,14.1,3.0,0.078,-2.0,-2.8,0.8,0.0
Sion James,sionjame01,CHO,82.0,1843.0,8.3,11.0,3.1,0.08,-2.0,-3.0,1.1,0.0
Zion Williamson,zionwill01,NOP,62.0,1841.0,22.6,25.7,6.1,0.159,2.9,3.5,-0.6,2.3
Jaylen Wells,jaylenwe01,MEM,69.0,1821.0,11.5,19.3,1.6,0.042,-3.1,-1.8,-1.4,-0.5
Nikola Vučević,nikolavu01,2TM,64.0,1818.0,17.7,21.4,4.4,0.116,1.5,1.4,0.1,1.6
Nikola Vučević,nikolavu01,CHI,48.0,1480.0,18.2,21.5,3.5,0.115,1.8,1.9,-0.1,1.4
Nikola Vučević,nikolavu01,BOS,16.0,338.0,15.8,21.0,0.9,0.124,0.2,-0.8,1.0,0.2
Oso Ighodaro,osoighod01,PHO,82.0,1808.0,13.8,12.2,4.7,0.125,0.1,-2.2,2.3,0.9
Kyle Kuzma,kylekuzm01,MIL,69.0,1806.0,14.1,21.8,1.9,0.051,-2.3,-1.0,-1.3,-0.1
Kyle Filipowski,kylefili01,UTA,77.0,1801.0,16.0,20.0,3.1,0.082,-1.1,-0.6,-0.5,0.4
Andrew Nembhard,andrewne01,IND,57.0,1786.0,15.7,23.6,2.8,0.077,-0.8,1.1,-1.9,0.6
Keyonte George,keyonteg01,UTA,54.0,1786.0,18.5,27.9,3.3,0.088,0.9,3.0,-2.1,1.3
Noah Clowney,noahclow01,BRK,66.0,1780.0,11.2,20.4,1.1,0.029,-3.4,-2.3,-1.1,-0.6
Jaylon Tyson,jaylonty01,CLE,66.0,1777.0,14.8,19.3,4.0,0.108,0.1,0.6,-0.5,0.9
Marcus Smart,marcussm01,LAL,62.0,1769.0,9.9,15.4,2.0,0.054,-2.2,-2.9,0.6,-0.1
Brice Sensabaugh,bricesen01,UTA,75.0,1762.0,14.4,24.9,1.1,0.029,-2.6,0.4,-3.0,-0.3
Austin Reaves,austinre01,LAL,51.0,1762.0,20.2,26.7,5.6,0.153,2.8,3.4,-0.6,2.1
Tre Jones,trejones01,CHI,65.0,1752.0,18.7,19.2,5.7,0.157,1.3,1.2,0.1,1.5
Sandro Mamukelashvili,sandroma01,TOR,80.0,1751.0,18.1,18.8,6.2,0.169,2.8,2.1,0.7,2.1
Tobias Harris,tobiasha01,DET,63.0,1746.0,15.0,18.8,5.3,0.145,1.4,0.6,0.8,1.5
Precious Achiuwa,precious01,SAC,73.0,1745.0,16.2,17.6,2.9,0.081,-1.6,-0.5,-1.1,0.2
P.J. Washington,pjwashin01,DAL,56.0,1736.0,13.1,20.1,1.7,0.046,-1.6,-1.7,0.1,0.2
Josh Giddey,joshgidd01,CHI,54.0,1731.0,18.0,24.4,3.2,0.09,2.7,2.3,0.4,2.0
RJ Barrett,rjbarret01,TOR,57.0,1726.0,17.0,25.8,4.0,0.111,0.2,1.0,-0.7,1.0
Jay Huff,jayhuff01,IND,82.0,1719.0,15.2,18.0,3.2,0.089,0.4,-0.9,1.3,1.1
Norman Powell,normanpo01,MIA,58.0,1717.0,17.5,27.2,4.0,0.112,1.6,1.8,-0.3,1.5
Cam Spencer,camspenc01,MEM,72.0,1714.0,17.2,17.2,5.3,0.149,2.2,3.0,-0.8,1.8
Kel'el Ware,kelelwar01,MIA,77.0,1704.0,20.0,18.0,6.2,0.175,2.1,2.1,0.1,1.8
Dillon Brooks,dillonbr01,PHO,56.0,1702.0,14.1,28.6,2.1,0.058,-2.3,-1.0,-1.3,-0.1
Dennis Schröder,dennissc01,2TM,70.0,1697.0,12.9,21.0,1.5,0.043,-2.2,-0.9,-1.3,-0.1
Dennis Schröder,dennissc01,SAC,40.0,1056.0,13.6,22.5,0.7,0.03,-1.9,0.0,-1.8,0.0
Dennis Schröder,dennissc01,CLE,30.0,641.0,11.8,18.6,0.9,0.066,-2.8,-2.3,-0.5,-0.1
Isaac Okoro,isaacoko01,CHI,63.0,1695.0,9.8,13.6,2.2,0.061,-3.8,-3.0,-0.8,-0.8
Jerami Grant,jeramigr01,POR,57.0,1695.0,15.4,23.8,4.0,0.114,0.0,0.9,-0.9,0.9
Dominick Barlow,dominick01,PHI,71.0,1689.0,13.2,12.8,3.9,0.112,-1.1,-1.5,0.4,0.4
Michael Porter Jr.,michaelp01,BRK,52.0,1689.0,19.9,30.5,2.9,0.083,3.0,4.2,-1.2,2.1
Luke Kennard,lukekenn01,2TM,78.0,1681.0,13.5,13.5,4.5,0.13,0.1,0.1,0.1,0.9
Luke Kennard,lukekenn01,ATL,46.0,944.0,13.5,12.7,2.7,0.139,0.5,0.2,0.3,0.6
Luke Kennard,lukekenn01,LAL,32.0,737.0,13.4,14.6,1.8,0.118,-0.4,-0.1,-0.3,0.3
Cameron Johnson,cameronj01,DEN,54.0,1647.0,12.8,15.1,3.7,0.108,-0.6,0.3,-0.9,0.6
Brook Lopez,brooklop01,LAC,75.0,1635.0,12.3,17.2,2.3,0.068,-0.9,-1.3,0.4,0.5
Will Riley,willrile01,WAS,74.0,1633.0,12.1,20.2,0.4,0.012,-4.5,-1.9,-2.6,-1.0
Cody Williams,codywill01,UTA,67.0,1631.0,9.6,16.0,0.1,0.004,-5.5,-3.6,-1.9,-1.5
Bennedict Mathurin,bennedic01,2TM,54.0,1620.0,14.7,25.2,2.1,0.062,-2.5,-1.1,-1.4,-0.2
Bennedict Mathurin,bennedic01,IND,28.0,891.0,12.6,23.2,0.7,0.038,-2.8,-1.1,-1.7,-0.2
Bennedict Mathurin,bennedic01,LAC,26.0,729.0,17.2,27.8,1.4,0.092,-2.1,-1.0,-1.0,0.0
Bobby Portis,bobbypor01,MIL,67.0,1619.0,17.1,23.1,2.8,0.083,0.0,1.5,-1.6,0.8
Collin Sexton,collinse01,2TM,68.0,1614.0,17.4,25.9,3.9,0.117,0.6,1.1,-0.5,1.1
Collin Sexton,collinse01,CHO,42.0,938.0,17.7,25.7,2.8,0.141,1.2,1.6,-0.4,0.7
Collin Sexton,collinse01,CHI,26.0,676.0,17.0,26.2,1.2,0.084,-0.2,0.3,-0.5,0.3
Cedric Coward,cedricco01,MEM,62.0,1598.0,15.3,21.5,2.5,0.076,-0.2,0.4,-0.6,0.7
Peyton Watson,peytonwa01,DEN,54.0,1598.0,14.3,20.6,2.6,0.078,-1.2,-0.8,-0.5,0.3
Herbert Jones,herbertj01,NOP,56.0,1588.0,9.1,15.2,0.7,0.022,-3.1,-3.7,0.6,-0.5
Jalen Suggs,jalensug01,ORL,57.0,1574.0,15.6,22.9,2.7,0.083,2.5,0.7,1.8,1.8
Kelly Oubre Jr.,kellyoub01,PHI,50.0,1574.0,13.0,18.2,2.7,0.083,-1.4,-1.3,-0.1,0.2
Jordan Goodwin,jordango01,PHO,70.0,1572.0,14.7,17.5,3.9,0.118,1.8,0.3,1.5,1.5
Jrue Holiday,jrueholi01,POR,53.0,1560.0,16.4,23.5,3.6,0.109,1.9,2.4,-0.5,1.6
Dylan Harper,dylanhar01,SAS,69.0,1558.0,16.2,21.8,4.2,0.13,1.4,0.3,1.1,1.3
Ron Holland,ronholla01,DET,78.0,1551.0,11.7,18.9,2.8,0.087,-2.0,-3.3,1.4,0.0
Tari Eason,tarieaso01,HOU,60.0,1549.0,12.9,18.7,2.9,0.091,-1.6,-1.8,0.2,0.2
Kevin Huerter,kevinhue01,2TM,69.0,1549.0,13.2,18.8,2.5,0.078,-0.6,-1.1,0.5,0.6
Kevin Huerter,kevinhue01,CHI,44.0,1037.0,13.2,19.2,1.3,0.06,-1.0,-1.1,0.1,0.3
Kevin Huerter,kevinhue01,DET,25.0,512.0,13.4,18.0,1.2,0.114,0.3,-1.1,1.4,0.3
Moses Moody,mosesmoo01,GSW,60.0,1540.0,13.5,18.3,3.1,0.096,-0.1,0.2,-0.3,0.7
Terance Mann,terancem01,BRK,63.0,1529.0,10.2,13.5,1.8,0.056,-3.4,-2.7,-0.7,-0.6
Jarrett Allen,jarretta01,CLE,56.0,1519.0,22.1,19.9,6.4,0.202,2.6,2.2,0.4,1.8
Isaiah Collier,isaiahco01,UTA,59.0,1517.0,14.8,20.4,1.7,0.053,-2.4,-0.7,-1.8,-0.2
Isaiah Joe,isaiahjo01,OKC,71.0,1507.0,15.5,18.4,5.5,0.176,2.5,2.0,0.5,1.7
Jock Landale,jockland01,2TM,68.0,1506.0,16.6,18.3,3.8,0.122,-0.1,0.9,-1.0,0.7
Jock Landale,jockland01,MEM,45.0,1060.0,16.8,18.6,2.5,0.114,-0.2,1.0,-1.3,0.5
Jock Landale,jockland01,ATL,23.0,446.0,16.0,17.7,1.3,0.141,0.1,0.5,-0.4,0.2
Zaccharie Risacher,zacchari01,ATL,67.0,1503.0,11.8,17.6,2.3,0.074,-2.5,-2.3,-0.2,-0.2
Klay Thompson,klaythom01,DAL,69.0,1497.0,11.4,22.7,0.5,0.018,-1.4,0.2,-1.5,0.2
Ryan Kalkbrenner,ryankalk01,CHO,69.0,1479.0,17.9,11.6,5.7,0.185,1.8,0.5,1.3,1.4
Keon Ellis,keonelli01,2TM,72.0,1478.0,10.8,13.0,2.2,0.072,-0.5,-1.8,1.3,0.6
Keon Ellis,keonelli01,SAC,43.0,758.0,9.1,13.7,0.4,0.025,-1.9,-2.8,0.9,0.0
Keon Ellis,keonelli01,CLE,29.0,720.0,12.5,12.4,1.8,0.121,1.1,-0.7,1.7,0.6
Ja'Kobe Walter,jakobewa01,TOR,72.0,1474.0,11.8,14.0,3.7,0.121,-0.3,-1.3,1.0,0.6
Patrick Williams,patrickw01,CHI,72.0,1474.0,8.2,16.6,-0.1,-0.005,-4.5,-3.4,-1.1,-0.9
Ajay Mitchell,ajaymitc01,OKC,57.0,1473.0,16.8,21.8,4.8,0.156,1.9,0.3,1.6,1.4
Shaedon Sharpe,shaedons01,POR,50.0,1471.0,15.3,30.5,1.3,0.041,-1.4,-0.4,-0.9,0.2
Bilal Coulibaly,bilalcou01,WAS,56.0,1468.0,13.5,19.9,1.0,0.031,-2.1,-1.7,-0.4,-0.1
Grayson Allen,graysona01,PHO,51.0,1467.0,16.1,23.8,3.9,0.127,2.1,1.9,0.2,1.5
Brandon Williams,brandonw01,DAL,66.0,1463.0,16.8,25.1,2.5,0.083,0.4,0.1,0.3,0.9
Daniss Jenkins,danissje01,DET,72.0,1455.0,13.4,21.5,2.9,0.095,-0.7,-0.8,0.1,0.5
Jaren Jackson Jr.,jarenjac01,2TM,48.0,1454.0,15.7,26.2,1.4,0.047,-0.6,-1.1,0.5,0.5
Jaren Jackson Jr.,jarenjac01,MEM,45.0,1382.0,15.4,25.6,1.3,0.046,-0.8,-1.2,0.4,0.4
Javonte Green,javonteg01,DET,82.0,1446.0,14.1,14.8,4.7,0.156,2.1,-0.3,2.4,1.5
Ivica Zubac,ivicazub01,2TM,48.0,1446.0,18.6,19.2,4.2,0.139,-0.3,0.7,-0.9,0.6
Ivica Zubac,ivicazub01,LAC,43.0,1328.0,18.8,19.0,4.0,0.146,0.1,0.9,-0.7,0.7
Tre Johnson,trejohns01,WAS,60.0,1443.0,10.6,22.5,-0.7,-0.024,-5.0,-2.1,-2.9,-1.1
Lauri Markkanen,laurimar01,UTA,42.0,1443.0,21.1,28.1,3.5,0.118,2.6,4.6,-2.0,1.6
Khris Middleton,khrismid01,2TM,63.0,1439.0,10.9,20.6,0.3,0.008,-4.4,-2.8,-1.5,-0.9
Khris Middleton,khrismid01,WAS,34.0,827.0,11.5,19.6,0.2,0.009,-4.0,-2.6,-1.4,-0.4
Khris Middleton,khrismid01,DAL,29.0,612.0,10.2,21.9,0.1,0.008,-4.9,-3.2,-1.7,-0.4
Sidy Cissoko,sidyciss01,POR,75.0,1435.0,7.1,12.5,1.3,0.045,-4.0,-4.6,0.5,-0.7
Luke Kornet,lukekorn01,SAS,68.0,1430.0,17.9,10.3,6.9,0.231,3.6,1.6,2.1,2.0
Baylor Scheierman,baylorsc01,BOS,77.0,1429.0,11.6,11.9,3.8,0.129,0.6,-0.7,1.3,0.9
Spencer Jones,spencerj01,DEN,64.0,1417.0,9.3,9.7,2.6,0.089,-2.4,-2.4,0.0,-0.1
Mark Williams,markwill01,PHO,60.0,1416.0,21.8,17.4,6.3,0.215,2.0,1.5,0.5,1.4
Aaron Wiggins,aaronwig01,OKC,65.0,1414.0,11.7,19.9,2.1,0.072,-0.9,-1.7,0.7,0.4
Walter Clayton,waltercl01,2TM,69.0,1410.0,10.3,18.5,0.3,0.009,-4.3,-2.2,-2.1,-0.8
Walter Clayton,waltercl01,UTA,45.0,811.0,10.4,17.2,0.3,0.019,-3.2,-1.9,-1.4,-0.2
Walter Clayton,waltercl01,MEM,24.0,599.0,10.1,20.1,-0.1,-0.005,-5.8,-2.7,-3.1,-0.6
Christian Braun,christia01,DEN,44.0,1399.0,12.6,14.8,3.0,0.103,-1.2,-0.4,-0.9,0.3
Gui Santos,guisanto01,GSW,68.0,1395.0,14.2,18.7,2.7,0.094,-0.6,-0.9,0.3,0.5
Vít Krejčí,vtkrej01,2TM,65.0,1392.0,11.1,14.6,2.9,0.099,-1.6,-1.5,0.0,0.1
Vít Krejčí,vtkrej01,ATL,46.0,1028.0,11.3,14.3,2.2,0.103,-1.3,-1.3,0.0,0.2
Vít Krejčí,vtkrej01,POR,19.0,364.0,10.5,15.5,0.7,0.086,-2.4,-2.2,-0.2,0.0
Kyshawn George,kyshawng01,WAS,48.0,1391.0,13.8,22.8,0.6,0.022,-1.2,-0.5,-0.6,0.3
Ben Sheppard,benshepp01,IND,65.0,1390.0,9.7,13.8,1.4,0.05,-3.0,-2.4,-0.6,-0.4
Justin Champagnie,justinch01,WAS,69.0,1377.0,17.3,16.7,3.1,0.109,-0.4,0.6,-1.0,0.6
Will Richard,willrich01,GSW,69.0,1377.0,11.0,13.0,2.5,0.089,-1.7,-2.5,0.9,0.1
Gary Trent Jr.,garytren01,MIL,65.0,1377.0,8.0,17.2,-0.1,-0.002,-5.4,-3.2,-2.2,-1.2
Sam Merrill,sammerri01,CLE,52.0,1377.0,13.6,17.0,3.7,0.127,0.1,1.0,-1.0,0.7
Anfernee Simons,anfernee01,2TM,55.0,1372.0,14.4,23.6,2.9,0.101,-0.1,1.2,-1.3,0.7
Anfernee Simons,anfernee01,BOS,49.0,1202.0,15.0,23.7,2.9,0.117,0.6,1.6,-1.0,0.8
Jose Alvarado,josealva01,2TM,69.0,1370.0,12.1,16.8,2.2,0.077,-1.0,-1.3,0.3,0.3
Jose Alvarado,josealva01,NOP,41.0,896.0,11.1,15.7,1.0,0.055,-2.0,-1.5,-0.5,0.0
Jose Alvarado,josealva01,NYK,28.0,474.0,14.0,18.9,1.2,0.119,0.9,-0.9,1.8,0.4
Malik Monk,malikmon01,SAC,62.0,1364.0,14.2,24.0,1.0,0.034,-1.3,0.8,-2.1,0.2
Ryan Dunn,ryandunn01,PHO,70.0,1355.0,11.7,13.7,2.6,0.093,-0.9,-2.1,1.2,0.4
Josh Okogie,joshokog01,HOU,78.0,1354.0,9.9,11.3,2.7,0.095,-1.2,-2.3,1.1,0.3
Kobe Sanders,kobesand01,LAC,68.0,1351.0,10.0,16.3,1.4,0.051,-2.9,-2.7,-0.2,-0.3
Derrick Jones Jr.,derrickj01,LAC,50.0,1350.0,13.3,15.1,2.8,0.1,-0.7,-0.6,-0.1,0.5
Darius Garland,dariusga01,2TM,45.0,1344.0,17.1,27.4,2.6,0.092,-0.2,2.2,-2.4,0.6
Darius Garland,dariusga01,CLE,26.0,792.0,15.6,25.8,1.4,0.084,-1.6,0.9,-2.5,0.1
Darius Garland,dariusga01,LAC,19.0,552.0,19.4,29.8,1.2,0.104,1.8,4.0,-2.2,0.5
Aaron Nesmith,aaronnes01,IND,45.0,1335.0,10.8,19.8,0.7,0.026,-3.4,-1.7,-1.6,-0.5
Kris Murray,krismurr01,POR,57.0,1333.0,9.6,10.6,2.2,0.079,-1.5,-2.3,0.8,0.2
Stephen Curry,stephenc01,GSW,43.0,1329.0,22.6,32.5,4.1,0.147,5.4,6.3,-1.0,2.5
Jordan Miller,jordanmi01,LAC,60.0,1325.0,15.9,18.0,3.5,0.125,0.2,0.6,-0.4,0.8
Drake Powell,drakepow01,BRK,63.0,1320.0,7.3,14.9,-0.1,-0.003,-6.0,-4.6,-1.3,-1.3
Jericho Sims,jerichos01,MIL,67.0,1318.0,12.9,9.8,3.2,0.117,-3.1,-2.1,-0.9,-0.4
Dean Wade,deanwade01,CLE,59.0,1318.0,10.9,9.9,3.1,0.114,0.2,-0.8,1.0,0.7
Isaiah Stewart,isaiahst01,DET,58.0,1317.0,15.2,16.6,4.1,0.149,0.0,-1.1,1.1,0.7
Egor Dёmin,egordmin01,BRK,52.0,1308.0,11.3,18.8,0.9,0.032,-1.6,-0.9,-0.7,0.1
Alex Sarr,alexsarr01,WAS,48.0,1305.0,19.4,25.7,1.6,0.059,0.7,0.8,-0.1,0.9
Yves Missi,yvesmiss01,NOP,66.0,1297.0,15.0,12.6,2.7,0.098,-1.7,-1.4,-0.3,0.1
Nicolas Batum,nicolasb01,LAC,74.0,1295.0,8.4,9.6,1.8,0.066,-1.0,-1.7,0.7,0.3
Ziaire Williams,ziairewi01,BRK,56.0,1281.0,12.4,18.9,1.6,0.059,-1.7,-2.0,0.4,0.1
Jordan Clarkson,jordancl01,NYK,72.0,1279.0,11.6,21.1,1.9,0.072,-3.3,-1.9,-1.4,-0.4
Jaylin Williams,jaylinwi01,OKC,65.0,1277.0,13.8,15.6,4.1,0.155,2.7,0.0,2.8,1.5
Kevin Porter Jr.,kevinpor01,MIL,38.0,1261.0,18.7,24.3,2.8,0.106,2.1,0.8,1.2,1.3
Coby White,cobywhit01,2TM,50.0,1249.0,16.1,28.8,2.0,0.076,-1.3,0.6,-1.9,0.2
Coby White,cobywhit01,CHI,29.0,843.0,14.2,27.1,0.7,0.038,-3.3,-1.0,-2.3,-0.3
Coby White,cobywhit01,CHO,21.0,406.0,20.1,32.1,1.3,0.154,2.9,4.0,-1.1,0.5
Collin Murray-Boyles,collinmu01,TOR,57.0,1246.0,16.4,15.5,4.0,0.154,1.0,-0.5,1.5,1.0
Nolan Traoré,nolantra01,BRK,56.0,1243.0,7.9,22.8,-1.6,-0.063,-6.8,-4.8,-2.0,-1.5
Adem Bona,adembona01,PHI,71.0,1234.0,12.8,11.1,2.9,0.112,-2.9,-3.2,0.3,-0.3
Andre Drummond,andredru01,PHI,63.0,1231.0,16.4,14.9,3.4,0.133,-0.6,-0.4,-0.2,0.4
Pat Spencer,patspenc01,GSW,66.0,1229.0,12.1,18.9,1.4,0.056,-2.3,-1.7,-0.6,-0.1
Zach LaVine,zachlavi01,SAC,39.0,1224.0,14.7,23.7,1.3,0.051,-1.5,0.6,-2.2,0.2
Jordan Walsh,jordanwa01,BOS,68.0,1212.0,13.1,11.7,3.8,0.15,0.2,-1.4,1.6,0.7
Jaxson Hayes,jaxsonha01,LAL,66.0,1207.0,18.3,13.0,5.0,0.199,1.2,0.8,0.4,1.0
Joel Embiid,joelembi01,PHI,38.0,1201.0,24.7,33.5,4.1,0.163,4.9,5.1,-0.2,2.1
Marvin Bagley III,marvinba01,2TM,60.0,1201.0,20.2,18.6,3.8,0.15,0.8,1.8,-1.0,0.8
Marvin Bagley III,marvinba01,WAS,38.0,731.0,20.5,19.0,2.1,0.14,0.7,1.8,-1.1,0.5
Marvin Bagley III,marvinba01,DAL,22.0,470.0,19.7,18.0,1.6,0.165,1.0,1.8,-0.8,0.3
Santi Aldama,santiald01,MEM,43.0,1198.0,16.3,20.2,2.3,0.092,1.7,1.3,0.4,1.1
Daniel Gafford,danielga01,DAL,55.0,1195.0,18.8,15.8,4.1,0.167,0.7,-0.5,1.2,0.8
Danny Wolf,dannywol01,BRK,57.0,1187.0,12.3,20.6,0.8,0.032,-2.5,-2.2,-0.3,-0.2
Jimmy Butler,jimmybut01,GSW,38.0,1182.0,23.5,23.3,5.7,0.233,5.5,5.0,0.5,2.3
Mouhamed Gueye,mouhamed01,ATL,77.0,1179.0,12.0,12.4,2.7,0.11,-1.3,-2.6,1.3,0.2
GG Jackson II,ggjackso01,MEM,55.0,1178.0,15.6,23.5,1.3,0.052,-1.2,0.0,-1.2,0.2
Bones Hyland,boneshyl01,MIN,71.0,1177.0,15.1,20.6,3.1,0.126,1.7,1.2,0.5,1.1
De'Andre Hunter,deandreh01,2TM,45.0,1176.0,11.4,22.9,1.1,0.044,-3.9,-2.5,-1.5,-0.6
De'Andre Hunter,deandreh01,CLE,43.0,1125.0,12.1,22.9,1.3,0.056,-3.4,-2.1,-1.3,-0.4
Mitchell Robinson,mitchell01,NYK,60.0,1175.0,21.1,10.7,5.8,0.236,3.5,1.9,1.5,1.6
Simone Fontecchio,simonefo01,MIA,70.0,1173.0,13.8,19.6,2.6,0.106,0.5,0.7,-0.2,0.7
Ryan Nembhard,ryannemb01,DAL,60.0,1171.0,10.9,17.5,0.8,0.031,-4.1,-2.4,-1.7,-0.6
Landry Shamet,landrysh01,NYK,51.0,1171.0,11.2,15.7,2.6,0.106,-0.3,-0.4,0.1,0.5
Day'Ron Sharpe,dayronsh01,BRK,62.0,1160.0,20.5,19.9,3.5,0.144,1.4,0.4,1.0,1.0
Jared McCain,jaredmcc01,2TM,67.0,1160.0,11.6,20.7,1.5,0.06,-2.4,-1.6,-0.8,-0.1
Jared McCain,jaredmcc01,PHI,37.0,620.0,9.4,18.5,0.3,0.024,-3.7,-3.0,-0.7,-0.3
Jared McCain,jaredmcc01,OKC,30.0,540.0,14.0,23.2,1.1,0.101,-0.9,0.0,-1.0,0.1
Quinten Post,quintenp01,GSW,67.0,1159.0,13.0,18.8,1.9,0.078,-1.1,-1.0,-0.1,0.3
Svi Mykhailiuk,svimykha01,UTA,50.0,1156.0,11.4,14.8,1.1,0.048,-1.7,0.3,-2.0,0.1
Caris LeVert,carislev01,DET,60.0,1154.0,10.9,18.4,1.6,0.066,-0.4,-1.8,1.5,0.5
Jakob Poeltl,jakobpoe01,TOR,46.0,1149.0,18.1,15.3,4.3,0.18,1.6,0.2,1.4,1.0
Craig Porter Jr.,craigpor01,CLE,64.0,1148.0,13.7,12.3,2.8,0.116,2.0,0.0,1.9,1.2
Gary Payton II,garypayt01,GSW,73.0,1142.0,18.3,18.4,3.5,0.149,1.9,0.7,1.3,1.1
Dru Smith,drusmith01,MIA,70.0,1141.0,14.5,15.2,3.0,0.127,2.2,-1.5,3.6,1.2
Isaiah Hartenstein,isaiahha01,OKC,47.0,1137.0,19.8,16.1,5.3,0.223,4.2,1.0,3.2,1.8
Paul George,paulgeor01,PHI,37.0,1135.0,16.7,23.3,2.5,0.108,1.7,1.0,0.7,1.1
Jarred Vanderbilt,jarredva01,LAL,65.0,1128.0,11.2,12.4,1.8,0.079,-1.5,-2.4,0.9,0.1
De'Anthony Melton,deanthon01,GSW,49.0,1125.0,13.4,25.4,0.7,0.031,-2.5,-2.6,0.1,-0.1
Luka Garza,lukagarz01,BOS,69.0,1118.0,19.9,17.7,5.3,0.226,2.4,2.2,0.2,1.2
Taylor Hendricks,taylorhe01,2TM,59.0,1118.0,12.2,16.2,1.1,0.049,-2.4,-1.5,-0.9,-0.1
Taylor Hendricks,taylorhe01,UTA,33.0,492.0,10.2,13.5,0.4,0.034,-3.5,-1.8,-1.7,-0.2
Taylor Hendricks,taylorhe01,MEM,26.0,626.0,13.7,18.2,0.8,0.061,-1.5,-1.3,-0.2,0.1
John Konchar,johnkonc01,2TM,56.0,1115.0,13.6,9.4,2.4,0.104,0.9,-1.3,2.2,0.8
John Konchar,johnkonc01,MEM,30.0,435.0,12.9,8.7,1.0,0.109,2.3,-1.2,3.5,0.5
John Konchar,johnkonc01,UTA,26.0,680.0,14.0,9.8,1.4,0.1,0.0,-1.4,1.4,0.3
Ousmane Dieng,ousmaned01,2TM,57.0,1099.0,10.2,19.7,0.3,0.012,-3.8,-2.6,-1.2,-0.5
Ousmane Dieng,ousmaned01,OKC,27.0,295.0,10.0,14.9,0.6,0.098,-1.4,-1.6,0.2,0.1
Ousmane Dieng,ousmaned01,MIL,30.0,804.0,10.3,21.5,-0.3,-0.02,-4.6,-3.0,-1.7,-0.5
Jalen Smith,jalensmi01,CHI,53.0,1095.0,16.6,19.0,2.6,0.114,-0.7,0.2,-0.9,0.4
Kentavious Caldwell-Pope,kentavio01,MEM,51.0,1088.0,11.0,17.7,0.7,0.032,-2.5,-2.3,-0.2,-0.1
Hugo González,hugogonz01,BOS,74.0,1084.0,10.2,11.8,2.2,0.099,-1.5,-3.1,1.6,0.1
Jusuf Nurkić,jusufnur01,UTA,41.0,1083.0,16.4,19.3,1.5,0.068,1.1,-0.5,1.6,0.9
Miles McBride,milesmcb01,NYK,41.0,1080.0,13.1,18.2,2.7,0.119,1.2,1.0,0.2,0.9
Corey Kispert,coreykis01,2TM,58.0,1080.0,13.1,18.6,1.8,0.082,-1.9,0.1,-2.0,0.0
Corey Kispert,coreykis01,WAS,19.0,370.0,14.0,16.7,0.6,0.08,-1.1,1.0,-2.1,0.1
Corey Kispert,coreykis01,ATL,39.0,710.0,12.6,19.6,1.2,0.082,-2.3,-0.4,-1.9,-0.1
Rayan Rupert,rayanrup01,2TM,64.0,1072.0,8.2,15.0,0.6,0.026,-5.1,-5.0,-0.1,-0.8
Rayan Rupert,rayanrup01,POR,48.0,577.0,5.8,12.8,0.2,0.014,-5.1,-5.9,0.8,-0.4
Rayan Rupert,rayanrup01,MEM,16.0,495.0,11.0,17.7,0.4,0.041,-5.1,-4.0,-1.1,-0.4
Gradey Dick,gradeydi01,TOR,76.0,1067.0,10.7,18.7,1.4,0.064,-3.6,-3.2,-0.4,-0.4
Giannis Antetokounmpo,giannisa01,MIL,36.0,1039.0,32.6,37.0,5.0,0.231,9.5,7.7,1.8,3.0
Tyler Herro,tylerher01,MIA,33.0,1033.0,17.1,24.7,2.4,0.112,2.0,2.4,-0.4,1.1
Jamir Watkins,jamirwat01,WAS,50.0,1032.0,11.8,15.1,1.1,0.049,-3.3,-2.9,-0.5,-0.3
Alex Caruso,alexcaru01,OKC,56.0,1020.0,12.8,15.7,2.5,0.12,1.9,-1.4,3.3,1.0
Franz Wagner,franzwag01,ORL,34.0,1019.0,19.2,27.0,2.8,0.134,2.5,2.6,-0.2,1.2
Caleb Love,caleblov01,POR,49.0,1013.0,10.7,23.0,0.6,0.031,-3.1,-1.5,-1.6,-0.3
Robert Williams,robertwi01,POR,59.0,1008.0,22.1,13.1,4.5,0.213,4.5,2.0,2.4,1.7
Guerschon Yabusele,guerscho01,2TM,67.0,1007.0,11.1,16.1,1.4,0.067,-2.2,-1.7,-0.5,-0.1
Guerschon Yabusele,guerscho01,NYK,41.0,366.0,8.6,14.9,0.4,0.056,-3.7,-3.2,-0.5,-0.2
Guerschon Yabusele,guerscho01,CHI,26.0,641.0,12.5,16.7,1.0,0.074,-1.3,-0.8,-0.5,0.1
Aaron Gordon,aarongor01,DEN,36.0,1005.0,18.5,21.9,3.2,0.153,1.7,2.9,-1.2,0.9
Nae'Qwan Tomlin,naeqwant01,CLE,64.0,1004.0,12.9,15.5,2.2,0.107,-2.1,-2.2,0.1,0.0
Mike Conley,mikeconl01,MIN,54.0,991.0,9.4,11.5,1.9,0.092,-1.3,-2.3,1.0,0.2
Olivier-Maxence Prosper,olivierm01,MEM,53.0,984.0,16.9,18.9,2.4,0.119,-0.1,1.1,-1.2,0.5
Tyus Jones,tyusjone01,3TM,67.0,979.0,8.3,10.7,1.0,0.051,-2.4,-2.9,0.5,-0.1
Tyus Jones,tyusjone01,ORL,48.0,754.0,8.4,9.8,1.0,0.064,-1.7,-2.8,1.1,0.1
Justin Edwards,justined01,PHI,64.0,977.0,12.1,16.1,1.7,0.086,-1.3,-1.8,0.6,0.2
Ochai Agbaji,ochaiagb01,2TM,62.0,973.0,8.9,14.6,0.9,0.046,-4.0,-3.5,-0.5,-0.5
Ochai Agbaji,ochaiagb01,TOR,42.0,650.0,7.5,13.3,0.6,0.048,-4.7,-4.8,0.1,-0.5
Ochai Agbaji,ochaiagb01,BRK,20.0,323.0,11.7,17.3,0.3,0.042,-2.7,-1.0,-1.7,-0.1
Goga Bitadze,gogabita01,ORL,64.0,972.0,20.1,13.5,4.4,0.218,2.8,0.8,2.0,1.2
Rob Dillingham,robdilli01,2TM,65.0,970.0,7.7,23.1,-1.1,-0.056,-7.3,-6.3,-0.9,-1.3
Rob Dillingham,robdilli01,MIN,35.0,326.0,6.0,24.0,-0.5,-0.079,-8.2,-7.9,-0.3,-0.5
Rob Dillingham,robdilli01,CHI,30.0,644.0,8.5,22.7,-0.6,-0.044,-6.8,-5.5,-1.3,-0.8
Al Horford,alhorfor01,GSW,45.0,969.0,14.7,16.5,2.1,0.105,1.6,0.3,1.3,0.9
T.J. McConnell,tjmcconn01,IND,56.0,963.0,20.5,23.2,2.6,0.132,2.5,2.1,0.4,1.1
Kobe Brown,kobebrow01,2TM,61.0,963.0,12.0,15.6,1.3,0.066,-2.7,-1.2,-1.4,-0.2
Kobe Brown,kobebrow01,LAC,34.0,295.0,11.2,16.6,0.3,0.056,-2.3,-1.2,-1.1,0.0
Kobe Brown,kobebrow01,IND,27.0,668.0,12.4,15.2,1.0,0.07,-2.8,-1.2,-1.6,-0.1
Anthony Gill,anthonyg01,WAS,55.0,951.0,13.4,11.9,1.7,0.087,-2.6,-1.3,-1.3,-0.2
Kasparas Jakučionis,kasparas01,MIA,53.0,945.0,11.9,13.7,2.3,0.114,-0.4,-1.0,0.6,0.4
Jalen Williams,jalenwil01,OKC,33.0,936.0,19.0,26.2,3.0,0.156,2.1,1.1,1.0,1.0
Jordan Poole,jordanpo01,NOP,39.0,933.0,11.5,25.1,0.2,0.01,-3.5,-1.0,-2.6,-0.4
Clint Capela,clintcap01,HOU,75.0,926.0,17.9,13.7,3.0,0.156,0.4,-0.5,0.9,0.6
Ben Saraf,bensaraf01,BRK,44.0,916.0,7.8,21.0,-1.1,-0.057,-7.3,-5.6,-1.7,-1.2
Micah Peavy,micahpea01,NOP,61.0,913.0,8.3,14.0,0.4,0.02,-5.2,-4.4,-0.8,-0.7
Karlo Matković,karlomat01,NOP,62.0,912.0,16.5,13.1,2.7,0.141,0.7,0.2,0.4,0.6
Josh Green,joshgree01,CHO,58.0,908.0,9.7,10.6,1.9,0.099,-0.7,-1.7,1.0,0.3
Micah Potter,micahpot01,IND,47.0,908.0,17.0,18.0,2.6,0.135,0.7,1.5,-0.8,0.6
Isaiah Jackson,isaiahja01,2TM,55.0,908.0,17.3,16.2,2.6,0.139,-1.2,-1.9,0.8,0.2
Isaiah Jackson,isaiahja01,IND,38.0,638.0,15.2,16.0,1.4,0.107,-2.7,-3.1,0.4,-0.1
Isaiah Jackson,isaiahja01,LAC,17.0,270.0,22.2,16.5,1.2,0.213,2.6,0.7,1.8,0.3
Dylan Cardwell,dylancar01,SAC,44.0,907.0,15.8,11.3,2.3,0.122,-1.9,-2.5,0.6,0.0
Dwight Powell,dwightpo01,DAL,63.0,904.0,12.6,8.9,2.6,0.138,-1.4,-2.9,1.5,0.1
Paul Reed,paulreed01,DET,65.0,901.0,24.2,20.6,4.5,0.239,5.3,2.4,2.9,1.6
Jaden Hardy,jadenhar01,2TM,57.0,898.0,10.9,24.4,-0.2,-0.01,-4.8,-1.5,-3.3,-0.6
Jaden Hardy,jadenhar01,DAL,34.0,428.0,10.6,23.3,0.1,0.012,-3.8,-1.9,-1.9,-0.2
Jaden Hardy,jadenhar01,WAS,23.0,470.0,11.1,25.4,-0.3,-0.03,-5.7,-1.2,-4.5,-0.4
Quenton Jackson,quentonj01,IND,49.0,897.0,14.4,20.9,1.4,0.076,-1.8,-1.1,-0.8,0.0
Jaylen Clark,jaylencl01,MIN,68.0,888.0,10.3,13.3,1.7,0.09,-2.4,-3.2,0.7,-0.1
Cam Thomas,camthoma01,2TM,42.0,881.0,12.6,30.3,-0.4,-0.024,-5.2,-1.2,-3.9,-0.7
Cam Thomas,camthoma01,BRK,24.0,582.0,12.3,30.3,-0.3,-0.022,-5.1,-0.8,-4.2,-0.4
Cam Thomas,camthoma01,MIL,18.0,299.0,13.1,30.4,-0.2,-0.028,-5.3,-1.9,-3.4,-0.3
Bryce McGowens,brycemcg01,NOP,42.0,880.0,11.7,14.0,1.7,0.095,-2.8,-2.0,-0.9,-0.2
Gabe Vincent,gabevinc01,2TM,53.0,879.0,6.5,12.3,0.6,0.035,-4.3,-3.8,-0.5,-0.5
Gabe Vincent,gabevinc01,LAL,29.0,559.0,5.5,11.5,0.3,0.027,-4.8,-3.9,-0.9,-0.4
Gabe Vincent,gabevinc01,ATL,24.0,320.0,8.2,13.8,0.3,0.049,-3.4,-3.6,0.1,-0.1
Jonas Valančiūnas,jonasval01,DEN,65.0,871.0,22.0,26.1,2.9,0.162,0.0,0.5,-0.5,0.4
Jevon Carter,jevoncar01,2TM,53.0,867.0,10.7,17.0,0.9,0.052,-1.1,-1.4,0.4,0.2
Jevon Carter,jevoncar01,CHI,23.0,254.0,12.3,19.4,0.3,0.058,-1.0,-0.7,-0.3,0.1
Jevon Carter,jevoncar01,ORL,30.0,613.0,10.0,16.0,0.6,0.05,-1.1,-1.7,0.6,0.1
Trendon Watford,trendonw01,PHI,53.0,864.0,13.1,17.9,1.4,0.078,-1.9,-2.2,0.2,0.0
Julian Strawther,julianst01,DEN,57.0,861.0,12.5,19.4,1.3,0.071,-2.3,-1.2,-1.1,-0.1
Jalen Wilson,jalenwil01,BRK,54.0,859.0,8.7,18.2,0.2,0.012,-5.6,-3.6,-2.1,-0.8
Caleb Martin,calebmar01,DAL,58.0,856.0,9.3,12.5,0.9,0.048,-2.2,-4.0,1.7,0.0
Kenrich Williams,kenrichw01,OKC,56.0,855.0,14.2,18.3,2.3,0.13,0.2,-0.1,0.3,0.5
Kyle Anderson,kyleande01,3TM,43.0,853.0,13.7,13.2,1.9,0.105,0.4,-1.3,1.7,0.5
Kyle Anderson,kyleande01,UTA,20.0,401.0,14.2,14.6,0.7,0.087,-0.3,-1.0,0.7,0.2
Kyle Anderson,kyleande01,MIN,19.0,363.0,12.7,11.5,1.0,0.126,1.6,-1.2,2.8,0.3
Daeqwon Plowden,daeqwonp01,SAC,32.0,844.0,10.7,16.4,0.8,0.043,-4.4,-2.1,-2.3,-0.5
Josh Minott,joshmino01,2TM,49.0,834.0,16.0,16.8,2.4,0.139,2.5,1.4,1.1,1.0
Josh Minott,joshmino01,BOS,33.0,526.0,15.6,13.8,1.9,0.173,2.2,0.9,1.4,0.6
Josh Minott,joshmino01,BRK,16.0,308.0,16.8,21.9,0.5,0.08,3.0,2.3,0.7,0.4
Javon Small,javonsma01,MEM,41.0,830.0,16.1,19.0,1.9,0.112,1.0,1.7,-0.6,0.6
Jonathan Kuminga,jonathan01,2TM,36.0,830.0,14.2,23.4,1.0,0.059,-2.0,-1.5,-0.5,0.0
Jonathan Kuminga,jonathan01,GSW,20.0,476.0,12.5,24.0,0.2,0.021,-3.6,-2.5,-1.1,-0.2
Jonathan Kuminga,jonathan01,ATL,16.0,354.0,16.5,22.5,0.8,0.11,0.1,-0.2,0.4,0.2
Jalen Green,jalengre01,PHO,32.0,828.0,14.8,31.9,0.3,0.019,-1.1,-0.2,-0.9,0.2
Vince Williams Jr.,vincewil01,2TM,40.0,820.0,10.7,19.5,0.1,0.008,-1.0,-1.5,0.5,0.2
Vince Williams Jr.,vincewil01,MEM,34.0,736.0,10.8,19.6,0.2,0.01,-0.9,-1.5,0.6,0.2
Buddy Hield,buddyhie01,2TM,51.0,819.0,12.8,20.3,1.0,0.06,-1.0,-0.9,-0.1,0.2
Buddy Hield,buddyhie01,GSW,44.0,768.0,12.6,19.7,1.0,0.061,-1.0,-1.0,0.0,0.2
Carter Bryant,carterbr01,SAS,71.0,818.0,9.9,16.3,1.3,0.076,-3.0,-3.1,0.2,-0.2
Nikola Jović,nikolajo01,MIA,47.0,808.0,9.5,21.4,0.0,0.001,-3.5,-3.5,-0.1,-0.3
Jalen Pickett,jalenpic01,DEN,50.0,807.0,10.3,14.8,1.0,0.059,-2.3,-1.1,-1.1,-0.1
Keegan Murray,keeganmu01,SAC,23.0,793.0,11.7,18.7,0.2,0.011,-3.1,-2.0,-1.0,-0.2
Aaron Holiday,aaronhol01,HOU,57.0,781.0,10.1,16.6,1.4,0.088,-2.4,-2.2,-0.2,-0.1
Tyrese Martin,tyresema01,2TM,46.0,777.0,10.3,18.4,0.1,0.006,-3.4,-2.0,-1.4,-0.3
Tyrese Martin,tyresema01,BRK,37.0,696.0,10.8,18.8,0.2,0.013,-3.1,-1.5,-1.5,-0.2
Kristaps Porziņģis,kristaps01,2TM,32.0,769.0,19.6,27.3,2.4,0.148,1.9,1.6,0.3,0.8
Kristaps Porziņģis,kristaps01,ATL,17.0,413.0,20.6,26.4,1.5,0.179,3.7,2.7,1.0,0.6
Kristaps Porziņģis,kristaps01,GSW,15.0,356.0,18.4,28.3,0.8,0.113,-0.2,0.3,-0.5,0.2
Jabari Walker,jabariwa01,PHI,64.0,762.0,12.5,15.0,1.7,0.106,-2.7,-2.1,-0.6,-0.1
Noah Penda,noahpend01,ORL,59.0,757.0,11.3,14.8,1.1,0.07,-1.5,-2.0,0.6,0.1
Scoot Henderson,scoothen01,POR,30.0,748.0,12.9,25.0,1.0,0.064,-2.2,-1.7,-0.5,0.0
Pete Nance,petenanc01,MIL,47.0,737.0,11.6,13.5,1.1,0.072,-2.3,-1.0,-1.2,-0.1
Thomas Bryant,thomasbr01,CLE,60.0,732.0,17.2,18.6,2.3,0.153,0.1,0.8,-0.7,0.4
Steven Adams,stevenad01,HOU,32.0,730.0,15.8,12.1,2.1,0.141,-0.5,-0.1,-0.3,0.3
Lonzo Ball,lonzobal01,CLE,35.0,728.0,9.5,13.7,0.6,0.042,-1.1,-2.9,1.8,0.2
Tyler Kolek,tylerkol01,NYK,62.0,727.0,12.5,18.4,1.4,0.093,-0.6,-0.8,0.2,0.3
Leonard Miller,leonardm01,2TM,46.0,719.0,15.9,18.7,1.6,0.105,-1.3,-0.2,-1.1,0.1
Leonard Miller,leonardm01,CHI,27.0,624.0,16.5,18.3,1.5,0.113,-0.6,0.6,-1.2,0.2
Grant Williams,grantwil01,CHO,36.0,711.0,12.9,14.1,1.9,0.131,1.6,0.6,1.0,0.7
Nick Richards,nickrich01,2TM,48.0,701.0,11.9,18.2,0.6,0.04,-6.1,-4.9,-1.2,-0.7
Nick Richards,nickrich01,PHO,28.0,254.0,11.4,18.1,0.2,0.039,-6.8,-6.0,-0.8,-0.3
Nick Richards,nickrich01,CHI,20.0,447.0,12.2,18.3,0.4,0.04,-5.8,-4.3,-1.5,-0.4
Sharife Cooper,sharifec01,WAS,41.0,700.0,13.8,20.0,0.6,0.041,-3.9,-1.0,-2.9,-0.3
Devin Carter,devincar01,SAC,38.0,700.0,13.8,23.5,0.2,0.012,-2.6,-1.5,-1.2,-0.1
Jett Howard,jetthowa01,ORL,55.0,695.0,11.2,17.2,1.3,0.087,-1.8,-0.8,-1.1,0.0
Jordan Hawkins,jordanha01,NOP,51.0,692.0,7.6,18.2,-0.4,-0.029,-6.2,-3.2,-3.0,-0.7
Rasheer Fleming,rasheerf01,PHO,55.0,673.0,10.2,16.3,0.8,0.055,-3.8,-3.0,-0.7,-0.3
Jahmai Mashack,jahmaima01,MEM,31.0,673.0,7.0,16.0,-0.5,-0.036,-7.0,-6.1,-0.9,-0.8
Tristan Vukcevic,tristanv01,WAS,49.0,671.0,17.8,26.6,0.8,0.054,0.0,0.8,-0.8,0.3
Jaden Ivey,jadenive01,2TM,37.0,670.0,13.0,19.7,1.3,0.096,0.0,-0.2,0.2,0.3
Jaden Ivey,jadenive01,DET,33.0,555.0,12.6,20.4,1.1,0.093,0.1,-0.1,0.1,0.3
Tre Mann,tremann01,CHO,53.0,669.0,8.3,23.3,0.0,-0.003,-5.3,-4.5,-0.8,-0.5
Gary Harris,garyharr01,MIL,48.0,661.0,8.0,8.5,0.7,0.054,-2.5,-3.2,0.7,-0.1
Ethan Thompson,ethantho01,IND,32.0,653.0,8.3,15.7,0.3,0.02,-4.9,-4.1,-0.8,-0.5
Jamaree Bouyea,jamareeb01,PHO,46.0,644.0,13.5,18.5,1.1,0.086,-0.4,-1.4,1.1,0.3
Johnny Furphy,johnnyfu01,IND,35.0,643.0,9.2,12.8,0.5,0.036,-3.7,-3.9,0.2,-0.3
Mohamed Diawara,mohamedd01,NYK,69.0,634.0,10.3,17.1,0.9,0.072,-1.7,-1.8,0.1,0.0
Zeke Nnaji,zekennaj01,DEN,52.0,626.0,10.3,13.7,0.9,0.066,-3.5,-3.6,0.0,-0.3
Anthony Davis,anthonyd01,DAL,20.0,626.0,21.5,27.5,1.3,0.103,2.4,1.5,0.9,0.7
Dorian Finney-Smith,dorianfi01,HOU,37.0,620.0,5.8,10.7,0.5,0.042,-4.3,-4.3,-0.1,-0.4
Kam Jones,kamjones01,IND,37.0,616.0,8.2,14.4,0.0,0.002,-6.2,-4.2,-1.9,-0.6
Kevin Love,kevinlov01,UTA,37.0,613.0,14.7,16.6,1.1,0.088,0.2,1.1,-0.9,0.3
Taurean Prince,taureanp01,MIL,26.0,611.0,10.5,16.2,0.5,0.039,-3.1,-1.3,-1.8,-0.2
Jase Richardson,jaserich01,ORL,54.0,587.0,11.5,16.8,1.0,0.082,-2.5,-1.9,-0.7,-0.1
Tidjane Salaün,tidjanes01,CHO,37.0,575.0,12.9,14.9,1.4,0.117,-0.8,-1.2,0.4,0.2
Ja Morant,jamorant01,MEM,20.0,569.0,16.6,32.5,0.3,0.024,-1.5,0.5,-2.0,0.1
Domantas Sabonis,domantas01,SAC,19.0,564.0,19.2,23.0,1.1,0.095,0.6,0.7,-0.2,0.4
Dalton Knecht,daltonkn01,LAL,54.0,553.0,10.1,17.7,0.4,0.038,-3.6,-2.1,-1.6,-0.2
Drew Eubanks,dreweuba01,SAC,42.0,552.0,13.6,16.3,0.6,0.053,-3.7,-3.0,-0.7,-0.2
Dalen Terry,dalenter01,2TM,48.0,551.0,11.6,14.8,0.7,0.063,-1.7,-2.4,0.8,0.0
Dalen Terry,dalenter01,CHI,34.0,377.0,11.6,14.4,0.5,0.058,-1.3,-2.4,1.1,0.1
Tyrese Proctor,tyresepr01,CLE,50.0,545.0,12.2,22.0,0.7,0.066,-2.8,-2.3,-0.5,-0.1
Elijah Harkless,elijahha01,UTA,26.0,545.0,9.1,16.2,0.1,0.005,-5.6,-4.9,-0.7,-0.5
Terrence Shannon Jr.,terrence01,MIN,43.0,538.0,11.1,17.7,1.0,0.09,-3.6,-2.5,-1.1,-0.2
Keaton Wallace,keatonwa01,ATL,53.0,536.0,10.4,16.1,0.7,0.066,-2.7,-3.0,0.3,-0.1
Moussa Cisse,moussaci01,DAL,38.0,530.0,16.0,14.3,1.3,0.116,-2.9,-3.6,0.7,-0.1
Cole Anthony,coleanth01,MIL,35.0,527.0,10.7,25.8,-0.5,-0.042,-4.7,-3.9,-0.9,-0.4
Jayson Tatum,jaysonta01,BOS,16.0,522.0,20.3,30.0,1.6,0.148,4.8,2.9,1.8,0.9
Jonathan Isaac,jonathan01,ORL,52.0,521.0,11.5,12.4,0.9,0.085,-1.6,-2.9,1.3,0.1
Jamison Battle,jamisonb01,TOR,61.0,517.0,10.6,14.1,0.9,0.086,-2.6,-1.6,-1.0,-0.1
Asa Newell,asanewel01,ATL,44.0,500.0,14.2,17.1,1.2,0.113,-1.5,-1.0,-0.5,0.1
Ariel Hukporti,arielhuk01,NYK,54.0,498.0,11.9,10.9,1.2,0.115,-2.3,-3.7,1.4,0.0
Trayce Jackson-Davis,trayceja01,2TM,53.0,496.0,16.6,15.3,1.4,0.138,-0.4,-0.8,0.4,0.2
Trayce Jackson-Davis,trayceja01,GSW,36.0,411.0,16.0,14.8,1.2,0.136,-0.4,-1.0,0.6,0.2
D'Angelo Russell,dangelor01,DAL,26.0,495.0,12.3,26.0,0.0,-0.004,-2.3,-0.7,-1.6,0.0
Taelon Peter,taelonpe01,IND,38.0,492.0,8.6,16.6,0.0,-0.001,-4.6,-4.1,-0.4,-0.3
Bez Mbeng,bezmbeng01,UTA,15.0,492.0,10.5,11.1,0.5,0.047,-4.9,-5.0,0.1,-0.4
Amir Coffey,amircoff01,2TM,46.0,490.0,10.2,11.9,0.8,0.083,-3.1,-2.2,-0.9,-0.1
Amir Coffey,amircoff01,MIL,30.0,265.0,8.4,10.9,0.3,0.048,-5.2,-3.2,-2.0,-0.2
Amir Coffey,amircoff01,PHO,16.0,225.0,12.4,13.0,0.6,0.125,-0.5,-0.9,0.4,0.1
Branden Carlson,brandenc01,OKC,42.0,488.0,17.7,18.9,1.7,0.171,0.8,0.5,0.3,0.4
Jamal Cain,jamalcai01,ORL,40.0,486.0,13.0,16.6,1.2,0.116,-1.4,-0.4,-1.0,0.1
Cam Christie,camchris01,LAC,55.0,480.0,9.2,16.9,0.2,0.016,-4.6,-3.5,-1.1,-0.3
Matisse Thybulle,matisset01,POR,30.0,480.0,14.5,14.7,1.3,0.126,4.4,-1.7,6.1,0.8
Jeremy Sochan,jeremyso01,2TM,44.0,469.0,12.2,14.6,1.2,0.12,-1.2,-2.3,1.1,0.1
Jeremy Sochan,jeremyso01,SAS,28.0,358.0,9.7,14.6,0.6,0.084,-3.0,-3.5,0.5,-0.1
Maxi Kleber,maxikleb01,LAL,43.0,461.0,8.1,9.6,0.6,0.063,-3.9,-4.2,0.3,-0.2
Marcus Sasser,marcussa01,DET,38.0,457.0,11.2,19.6,0.8,0.085,-1.7,-1.6,-0.2,0.0
AJ Johnson,ajjohnso01,2TM,48.0,454.0,5.6,20.6,-0.9,-0.09,-8.9,-6.4,-2.5,-0.8
AJ Johnson,ajjohnso01,WAS,25.0,214.0,4.3,20.7,-0.6,-0.137,-10.5,-7.2,-3.3,-0.5
AJ Johnson,ajjohnso01,DAL,23.0,240.0,6.7,20.5,-0.2,-0.049,-7.4,-5.6,-1.8,-0.3
Bogdan Bogdanović,bogdanbo01,LAC,23.0,452.0,8.9,18.6,0.2,0.02,-3.1,-2.3,-0.8,-0.1
Tony Bradley,tonybrad01,2TM,41.0,450.0,12.8,14.5,0.9,0.099,-4.2,-2.5,-1.7,-0.3
Tony Bradley,tonybrad01,IND,38.0,416.0,13.0,14.5,0.9,0.102,-4.1,-2.4,-1.6,-0.2
Larry Nance Jr.,larrynan01,CLE,35.0,449.0,9.5,14.0,0.6,0.06,-3.4,-3.9,0.5,-0.2
Oscar Tshiebwe,oscartsh01,UTA,27.0,448.0,20.2,17.2,1.3,0.141,-1.8,1.0,-2.8,0.0
Doug McDermott,dougmcde01,SAC,29.0,439.0,8.6,15.1,0.2,0.018,-4.4,-1.4,-3.0,-0.3
Leaky Black,leakybla01,WAS,15.0,433.0,7.8,11.6,0.0,0.004,-5.3,-4.2,-1.1,-0.4
Julian Phillips,julianph01,2TM,48.0,428.0,9.3,13.9,0.5,0.051,-3.6,-3.3,-0.3,-0.2
Julian Phillips,julianph01,CHI,35.0,334.0,9.3,12.5,0.4,0.054,-2.9,-2.9,0.0,-0.1
Moritz Wagner,moritzwa01,ORL,36.0,427.0,15.3,24.3,0.9,0.104,-2.2,-1.4,-0.8,0.0
Yanic Konan Niederhäuser,yanickon01,LAC,41.0,424.0,16.4,15.7,1.3,0.152,-2.2,-2.6,0.4,0.0
Obi Toppin,obitoppi01,IND,24.0,424.0,19.7,24.8,1.1,0.124,3.0,3.4,-0.4,0.5
Khaman Maluach,khamanma01,PHO,46.0,411.0,14.0,14.8,0.8,0.099,-3.7,-3.7,0.0,-0.2
Myron Gardner,myrongar01,MIA,45.0,411.0,15.2,15.0,1.4,0.163,0.9,-1.1,1.9,0.3
Andre Jackson Jr.,andrejac01,MIL,48.0,408.0,6.8,17.8,-0.4,-0.047,-7.1,-5.7,-1.4,-0.5
Killian Hayes,killianh01,SAC,23.0,406.0,8.8,18.7,-0.3,-0.031,-6.0,-5.1,-0.9,-0.4
Jae'Sean Tate,jaeseant01,HOU,46.0,405.0,10.7,13.5,0.8,0.095,-3.9,-3.2,-0.7,-0.2
Julian Reese,julianre01,WAS,13.0,402.0,14.4,17.7,0.3,0.041,-5.1,-2.9,-2.2,-0.3
Dejounte Murray,dejounte01,NOP,14.0,389.0,18.1,26.6,0.6,0.072,1.4,0.8,0.5,0.3
Trae Young,traeyoun01,2TM,15.0,384.0,21.1,28.1,1.4,0.174,2.8,4.2,-1.4,0.5
Trae Young,traeyoun01,ATL,10.0,280.0,19.8,28.8,1.0,0.163,1.8,3.5,-1.7,0.3
Tyson Etienne,tysoneti01,BRK,24.0,380.0,11.9,20.3,0.5,0.069,-2.8,-0.8,-2.0,-0.1
Bronny James,bronnyja01,LAL,42.0,375.0,9.0,16.7,0.1,0.018,-4.3,-3.4,-0.9,-0.2
Nick Smith Jr.,nicksmit01,LAL,30.0,375.0,10.2,22.0,0.1,0.013,-4.7,-2.1,-2.6,-0.3
Cameron Payne,cameronp01,PHI,22.0,374.0,14.4,19.2,0.8,0.106,0.3,-0.7,1.0,0.2
Liam McNeeley,liammcne01,CHO,31.0,368.0,10.6,14.4,0.9,0.112,-1.3,-1.3,0.0,0.1
Blake Wesley,blakewes01,POR,31.0,361.0,10.8,19.8,0.3,0.038,-3.6,-3.7,0.1,-0.1
Jeremiah Robinson-Earl,jeremiah01,2TM,22.0,361.0,9.3,14.1,0.2,0.03,-5.2,-3.5,-1.7,-0.3
Jeremiah Robinson-Earl,jeremiah01,IND,17.0,300.0,8.6,14.0,0.1,0.016,-5.4,-3.6,-1.9,-0.3
Kelly Olynyk,kellyoly01,SAS,42.0,360.0,13.5,16.0,1.0,0.13,-0.1,-1.3,1.3,0.2
Malachi Smith,malachis01,BRK,15.0,359.0,13.7,14.2,0.7,0.094,-0.8,-0.1,-0.8,0.1
Christian Koloko,christia01,3TM,27.0,357.0,8.8,11.3,0.3,0.038,-4.7,-5.9,1.2,-0.2
Kennedy Chandler,kennedyc01,UTA,11.0,355.0,13.0,20.7,0.2,0.029,-5.7,-2.5,-3.1,-0.3
Cam Whitmore,camwhitm01,WAS,21.0,354.0,13.7,23.7,0.0,-0.002,-3.3,-1.1,-2.1,-0.1
E.J. Liddell,ejliddel01,BRK,26.0,349.0,12.6,17.2,0.5,0.074,-3.3,-2.2,-1.2,-0.1
Brooks Barnhizer,brooksba01,OKC,40.0,348.0,7.9,10.6,0.6,0.082,-3.1,-4.1,1.0,-0.1
Chaney Johnson,chaneyjo01,BRK,17.0,348.0,16.0,16.2,0.9,0.128,0.1,-0.3,0.4,0.2
Isaiah Livers,isaiahli01,PHO,36.0,347.0,7.6,9.9,0.4,0.057,-2.5,-3.7,1.2,0.0
Lachlan Olbrich,lachlano01,CHI,37.0,344.0,12.0,13.4,0.5,0.075,-3.4,-3.3,-0.2,-0.1
Ty Jerome,tyjerome01,MEM,15.0,339.0,25.6,32.7,1.3,0.191,7.7,8.2,-0.6,0.8
Ron Harper Jr.,ronharpe01,BOS,29.0,318.0,13.1,16.4,0.8,0.119,1.1,0.2,0.9,0.3
Joan Beringer,joanberi01,MIN,40.0,314.0,21.3,16.8,1.5,0.222,0.4,0.2,0.2,0.2
Jalen Slawson,jalensla01,IND,13.0,311.0,12.6,13.9,0.5,0.07,-0.4,-2.2,1.8,0.1
Kevon Looney,kevonloo01,NOP,21.0,308.0,13.6,9.9,0.7,0.109,-1.8,-1.2,-0.6,0.0
Tyler Burton,tylerbur01,MEM,12.0,307.0,9.5,18.3,0.1,0.023,-5.3,-3.4,-1.9,-0.3
Yang Hansen,yanghans01,POR,43.0,300.0,3.7,19.9,-0.5,-0.075,-9.5,-8.9,-0.6,-0.6
Pat Connaughton,patconna01,CHO,42.0,297.0,12.9,14.9,0.7,0.113,0.1,-0.2,0.3,0.2
LJ Cryer,ljcryer01,GSW,18.0,292.0,9.9,20.3,0.3,0.045,-4.7,-1.8,-2.9,-0.2
Max Strus,maxstrus01,CLE,12.0,288.0,12.8,17.4,0.7,0.116,-1.2,0.1,-1.3,0.1
Lindy Waters III,lindywat01,SAS,40.0,285.0,7.5,14.2,0.4,0.063,-3.2,-2.9,-0.3,-0.1
Blake Hinson,blakehin01,UTA,14.0,285.0,16.5,18.3,0.7,0.112,-0.6,2.5,-3.0,0.1
Zach Edey,zachedey01,MEM,11.0,284.0,20.7,20.2,0.8,0.134,0.5,-0.6,1.1,0.2
Jordan McLaughlin,jordanmc01,SAS,44.0,282.0,12.0,14.5,0.6,0.1,0.6,-1.9,2.5,0.2
Keshad Johnson,keshadjo01,MIA,32.0,280.0,15.2,18.9,0.6,0.11,-1.3,-1.3,0.0,0.1
Malevy Leons,malevyle01,GSW,25.0,276.0,12.2,14.4,0.5,0.087,-2.8,-3.0,0.2,-0.1
Malaki Branham,malakibr01,WAS,28.0,275.0,14.0,18.4,0.4,0.064,-2.2,-0.8,-1.5,0.0
Cormac Ryan,cormacry01,MIL,11.0,271.0,16.9,21.3,0.6,0.114,-0.8,1.0,-1.8,0.1
Chaz Lanier,chazlani01,DET,34.0,262.0,6.6,15.0,0.3,0.046,-5.1,-3.8,-1.3,-0.2
Duop Reath,duopreat01,POR,32.0,258.0,10.6,13.2,0.6,0.103,-0.9,-0.9,0.0,0.1
KJ Simpson,kjsimpso01,2TM,20.0,257.0,8.1,21.8,-0.1,-0.023,-5.1,-5.4,0.4,-0.2
KJ Simpson,kjsimpso01,CHO,14.0,223.0,7.8,22.8,-0.2,-0.033,-5.3,-5.6,0.3,-0.2
John Poulakidas,johnpoul01,DAL,13.0,253.0,12.0,16.2,0.5,0.095,-2.2,-1.0,-1.2,0.0
Jonathan Mogbo,jonathan01,TOR,40.0,249.0,12.8,11.1,0.6,0.12,-0.7,-2.6,1.9,0.1
Adama-Alpha Bal,adamaalp01,MEM,8.0,241.0,9.6,13.5,0.3,0.065,-5.4,-3.6,-1.8,-0.2
Nate Williams,natewill01,GSW,14.0,239.0,11.3,19.5,0.3,0.052,-5.0,-2.1,-2.9,-0.2
Drew Timme,drewtimm01,LAL,27.0,235.0,12.6,15.4,0.4,0.092,-2.2,-0.8,-1.4,0.0
DeJon Jarreau,dejonjar01,MEM,11.0,231.0,9.7,21.4,-0.2,-0.035,-5.2,-4.9,-0.3,-0.2
Chris Paul,chrispau01,LAC,16.0,228.0,8.1,14.2,0.1,0.017,-4.2,-4.0,-0.2,-0.1
A.J. Lawson,ajlawson01,TOR,24.0,226.0,13.4,17.5,0.6,0.121,-1.0,-1.3,0.4,0.1
Lucas Williamson,lucaswil01,MEM,7.0,224.0,8.0,16.4,0.0,0.005,-7.6,-5.4,-2.1,-0.3
JD Davison,jddaviso01,HOU,28.0,218.0,11.4,15.3,0.5,0.102,-1.1,-2.4,1.3,0.0
Toby Okani,tobyokan01,MEM,6.0,217.0,4.1,14.7,-0.2,-0.052,-10.7,-6.8,-3.9,-0.5
PJ Hall,pjhall01,2TM,19.0,214.0,15.9,17.3,0.6,0.125,-2.3,-1.6,-0.7,0.0
Scotty Pippen Jr.,scottypi01,MEM,10.0,212.0,14.7,26.1,0.1,0.025,-2.8,-2.5,-0.3,0.0
DaRon Holmes,daronhol01,DEN,25.0,210.0,13.4,16.4,0.4,0.103,-0.5,0.7,-1.2,0.1
Yuki Kawamura,yukikawa01,CHI,18.0,209.0,11.4,14.8,0.3,0.069,-3.7,-2.7,-1.0,-0.1
RayJ Dennis,rayjdenn01,3TM,17.0,206.0,6.2,21.4,-0.3,-0.072,-6.0,-4.7,-1.3,-0.2
