player_name,team,season,games_played,minutes,PER,USG_pct,WS,WS48,BPM,OBPM,DBPM,VORP
DeMar DeRozan,CHI,2024,79.0,2989.0,19.7,25.8,9.2,0.147,1.8,2.1,-0.3,2.8
Domantas Sabonis,SAC,2024,82.0,2928.0,23.2,22.2,12.6,0.206,6.5,4.0,2.4,6.2
Coby White,CHI,2024,79.0,2881.0,14.5,22.7,4.7,0.078,-0.7,0.7,-1.3,0.9
Mikal Bridges,BRK,2024,82.0,2854.0,14.9,24.3,4.2,0.07,-0.4,0.7,-1.0,1.2
Paolo Banchero,ORL,2024,80.0,2799.0,17.3,29.7,5.3,0.09,1.3,1.3,0.0,2.3
Kevin Durant,PHO,2024,75.0,2791.0,21.2,29.0,8.3,0.142,4.0,4.0,0.1,4.3
Dejounte Murray,ATL,2024,78.0,2783.0,17.7,26.6,4.9,0.084,1.7,2.3,-0.6,2.6
Anthony Edwards,MIN,2024,79.0,2770.0,19.7,32.3,7.5,0.13,3.3,2.7,0.5,3.7
Nikola Jokić,DEN,2024,79.0,2737.0,31.0,29.3,17.0,0.299,13.2,9.0,4.2,10.6
Jalen Brunson,NYK,2024,77.0,2726.0,23.4,32.5,11.2,0.198,5.8,6.3,-0.4,5.4
Josh Hart,NYK,2024,81.0,2707.0,11.8,13.5,5.7,0.1,0.0,-1.3,1.4,1.4
Anthony Davis,LAL,2024,76.0,2700.0,25.8,26.7,11.8,0.21,5.1,3.5,1.7,4.9
Fred VanVleet,HOU,2024,73.0,2684.0,16.7,19.7,8.4,0.15,3.4,2.6,0.8,3.6
De'Aaron Fox,SAC,2024,74.0,2659.0,20.1,31.0,6.5,0.117,2.7,2.6,0.1,3.2
Pascal Siakam,2TM,2024,80.0,2657.0,19.7,25.3,6.9,0.124,1.9,2.6,-0.7,2.7
Jayson Tatum,BOS,2024,74.0,2645.0,22.3,30.2,10.4,0.189,5.1,4.5,0.6,4.7
Austin Reaves,LAL,2024,82.0,2629.0,15.5,20.3,5.9,0.108,0.4,0.9,-0.4,1.6
Tyrese Maxey,PHI,2024,70.0,2626.0,19.8,28.0,8.1,0.147,3.1,4.1,-1.0,3.4
Luka Dončić,DAL,2024,70.0,2624.0,28.1,36.0,12.0,0.22,9.9,8.3,1.7,8.0
Nikola Vučević,CHI,2024,76.0,2610.0,17.7,23.3,5.4,0.1,0.1,0.8,-0.7,1.4
Jalen Green,HOU,2024,82.0,2601.0,14.7,27.4,3.1,0.056,-0.5,0.4,-0.9,1.0
Rudy Gobert,MIN,2024,76.0,2593.0,19.3,15.4,11.6,0.216,1.8,0.1,1.7,2.5
Keegan Murray,SAC,2024,77.0,2588.0,13.3,18.1,5.2,0.096,-0.9,-0.4,-0.5,0.8
Miles Bridges,CHO,2024,69.0,2581.0,15.4,24.7,2.2,0.04,-1.1,0.2,-1.3,0.6
Damian Lillard,MIL,2024,73.0,2579.0,19.6,28.4,7.7,0.143,2.1,3.4,-1.3,2.7
Giannis Antetokounmpo,MIL,2024,73.0,2567.0,29.9,33.0,13.2,0.246,9.0,6.7,2.4,7.2
Michael Porter Jr.,DEN,2024,81.0,2565.0,15.5,20.7,6.2,0.115,0.1,1.2,-1.2,1.3
Shai Gilgeous-Alexander,OKC,2024,75.0,2553.0,29.3,32.8,14.6,0.275,9.0,6.7,2.3,7.1
Grayson Allen,PHO,2024,75.0,2513.0,13.8,14.5,6.9,0.132,1.3,1.1,0.1,2.0
LeBron James,LAL,2024,71.0,2504.0,23.7,29.2,8.5,0.164,6.5,5.5,0.9,5.4
Paul George,LAC,2024,74.0,2502.0,19.3,26.6,7.3,0.14,3.2,2.9,0.2,3.3
Dennis Schröder,2TM,2024,80.0,2486.0,13.3,20.3,3.3,0.063,-1.8,-0.5,-1.3,0.1
D'Angelo Russell,LAL,2024,76.0,2484.0,16.0,23.0,5.1,0.099,0.9,1.7,-0.8,1.8
James Harden,LAC,2024,72.0,2470.0,18.6,20.6,8.4,0.163,4.1,3.8,0.3,3.8
Devin Booker,PHO,2024,68.0,2447.0,21.9,29.8,9.2,0.181,3.0,4.0,-1.0,3.1
Jarrett Allen,CLE,2024,77.0,2442.0,21.8,19.4,10.7,0.21,3.0,2.1,0.9,3.1
Jabari Smith Jr.,HOU,2024,76.0,2424.0,13.8,17.6,5.6,0.111,-0.4,-0.5,0.1,1.0
Stephen Curry,GSW,2024,74.0,2421.0,20.6,31.3,7.2,0.142,5.2,6.3,-1.1,4.4
Bam Adebayo,MIA,2024,71.0,2416.0,19.8,24.9,7.2,0.144,2.4,0.8,1.7,2.7
Chet Holmgren,OKC,2024,82.0,2413.0,20.4,21.6,8.9,0.178,3.4,1.8,1.5,3.3
Brook Lopez,MIL,2024,79.0,2411.0,14.8,16.0,5.9,0.117,1.0,0.2,0.8,1.8
Kentavious Caldwell-Pope,DEN,2024,76.0,2402.0,10.7,12.9,4.8,0.096,-1.4,-2.1,0.7,0.4
Bogdan Bogdanović,ATL,2024,79.0,2401.0,14.7,22.3,3.9,0.079,0.2,0.9,-0.7,1.4
Brandon Miller,CHO,2024,74.0,2383.0,13.0,23.9,0.8,0.015,-2.6,-0.9,-1.6,-0.3
Harrison Barnes,SAC,2024,82.0,2381.0,11.9,15.7,4.7,0.094,-1.8,-0.6,-1.2,0.1
Derrick White,BOS,2024,73.0,2381.0,16.9,18.6,8.5,0.171,3.8,2.4,1.4,3.5
Tobias Harris,PHI,2024,70.0,2368.0,16.5,20.7,5.9,0.121,0.9,1.0,-0.1,1.7
Donte DiVincenzo,NYK,2024,81.0,2360.0,16.0,21.3,6.6,0.135,3.4,2.5,0.9,3.2
Jordan Poole,WAS,2024,78.0,2346.0,12.1,26.4,-0.6,-0.013,-3.9,-2.0,-1.9,-1.2
Jaylen Brown,BOS,2024,70.0,2343.0,18.6,28.9,5.9,0.121,0.7,0.9,-0.1,1.6
Malik Beasley,MIL,2024,79.0,2337.0,10.3,14.6,3.5,0.073,-1.8,-1.0,-0.8,0.1
Franz Wagner,ORL,2024,72.0,2337.0,17.6,25.7,6.4,0.131,1.2,0.9,0.3,1.9
Kawhi Leonard,LAC,2024,68.0,2330.0,23.2,26.5,8.9,0.184,5.5,4.8,0.6,4.4
Herbert Jones,NOP,2024,76.0,2321.0,13.2,14.1,6.3,0.131,0.6,-0.9,1.5,1.6
Aaron Gordon,DEN,2024,73.0,2297.0,16.8,17.8,7.1,0.148,1.3,1.2,0.1,1.9
Klay Thompson,GSW,2024,77.0,2284.0,13.9,24.2,3.6,0.075,-0.4,1.1,-1.5,0.9
Kyle Kuzma,WAS,2024,70.0,2281.0,15.7,29.7,0.2,0.004,-1.1,0.5,-1.6,0.5
Jrue Holiday,BOS,2024,69.0,2263.0,14.4,16.3,6.3,0.133,2.1,1.0,1.1,2.4
Deni Avdija,WAS,2024,75.0,2257.0,14.9,20.2,3.2,0.068,-0.9,-0.7,-0.2,0.6
Devin Vassell,SAS,2024,68.0,2248.0,15.7,23.5,3.6,0.077,0.0,0.9,-0.9,1.1
Luguentz Dort,OKC,2024,79.0,2246.0,11.1,15.4,4.6,0.097,-1.6,-1.4,-0.2,0.2
Max Strus,CLE,2024,70.0,2239.0,11.7,17.4,3.9,0.083,-0.6,-1.1,0.5,0.8
Dillon Brooks,HOU,2024,72.0,2227.0,9.4,17.6,2.7,0.058,-3.6,-3.3,-0.3,-0.9
Tyrese Haliburton,IND,2024,69.0,2224.0,23.3,24.6,9.0,0.195,6.9,7.3,-0.4,5.0
Jalen Williams,OKC,2024,71.0,2223.0,19.1,23.7,7.3,0.157,2.3,2.0,0.3,2.4
P.J. Washington,2TM,2024,73.0,2221.0,12.2,19.1,1.9,0.04,-2.1,-1.7,-0.4,-0.1
Jaden Ivey,DET,2024,77.0,2217.0,12.4,24.9,0.5,0.01,-3.1,-1.4,-1.7,-0.6
Ayo Dosunmu,CHI,2024,76.0,2212.0,13.4,17.2,4.1,0.089,-0.8,-0.6,-0.2,0.7
Zion Williamson,NOP,2024,70.0,2207.0,22.8,29.7,7.5,0.164,3.8,3.3,0.6,3.3
Mike Conley,MIN,2024,76.0,2193.0,15.8,16.0,8.2,0.18,3.4,2.0,1.4,3.0
Jeremy Sochan,SAS,2024,74.0,2193.0,11.4,18.8,1.4,0.03,-3.4,-2.8,-0.6,-0.8
Buddy Hield,2TM,2024,84.0,2160.0,13.3,19.2,3.5,0.077,0.4,1.0,-0.6,1.3
CJ McCollum,NOP,2024,66.0,2159.0,17.9,24.7,5.9,0.132,3.1,3.3,-0.3,2.8
Spencer Dinwiddie,2TM,2024,76.0,2152.0,11.7,16.6,3.6,0.081,-1.9,-1.3,-0.6,0.1
Tre Jones,SAS,2024,77.0,2138.0,14.7,15.2,4.9,0.111,-0.4,-0.4,0.1,0.9
Grant Williams,2TM,2024,76.0,2130.0,10.6,15.9,2.6,0.059,-2.6,-1.9,-0.7,-0.3
Jaren Jackson Jr.,MEM,2024,66.0,2124.0,17.4,30.4,3.0,0.067,0.4,0.0,0.4,1.3
Tim Hardaway Jr.,DAL,2024,79.0,2120.0,12.1,22.6,2.2,0.05,-2.9,-0.8,-2.1,-0.5
Nic Claxton,BRK,2024,71.0,2116.0,18.7,15.6,6.7,0.152,1.2,-0.3,1.5,1.7
Jaime Jaquez Jr.,MIA,2024,75.0,2113.0,12.9,18.7,4.0,0.092,-1.9,-2.2,0.3,0.1
Taurean Prince,LAL,2024,78.0,2108.0,8.8,13.8,1.9,0.043,-2.8,-2.6,-0.2,-0.4
Victor Wembanyama,SAS,2024,71.0,2106.0,23.1,32.2,3.7,0.085,5.2,1.9,3.3,3.8
Jaden McDaniels,MIN,2024,72.0,2105.0,9.4,15.7,3.4,0.077,-2.6,-3.3,0.7,-0.3
Brandon Ingram,NOP,2024,64.0,2103.0,18.2,27.2,5.1,0.117,1.2,1.4,-0.3,1.7
Scottie Barnes,TOR,2024,60.0,2094.0,19.5,24.8,4.3,0.098,3.7,2.9,0.8,3.0
Jusuf Nurkić,PHO,2024,76.0,2078.0,17.4,19.1,5.8,0.133,1.1,-1.0,2.1,1.6
Myles Turner,IND,2024,77.0,2076.0,19.3,23.4,5.8,0.134,0.9,1.0,-0.1,1.5
Collin Sexton,UTA,2024,78.0,2075.0,19.9,27.5,5.5,0.127,1.9,3.8,-1.9,2.0
Cam Thomas,BRK,2024,66.0,2075.0,16.1,30.5,2.5,0.058,-1.2,0.7,-1.9,0.4
Cade Cunningham,DET,2024,62.0,2074.0,17.1,30.8,1.8,0.041,0.3,2.0,-1.6,1.2
Corey Kispert,WAS,2024,80.0,2067.0,12.8,19.6,2.1,0.048,-2.1,-0.2,-2.0,-0.1
Saddiq Bey,ATL,2024,63.0,2062.0,13.1,17.0,3.5,0.081,-1.8,0.1,-2.0,0.1
Kelly Oubre Jr.,PHI,2024,68.0,2055.0,13.5,22.4,3.0,0.07,-2.3,-1.5,-0.7,-0.1
Alperen Şengün,HOU,2024,63.0,2046.0,22.0,27.0,6.9,0.163,4.9,3.1,1.7,3.5
Jimmy Butler,MIA,2024,60.0,2042.0,22.0,24.0,9.1,0.214,4.6,3.9,0.7,3.4
Alex Caruso,CHI,2024,71.0,2040.0,14.5,14.7,4.9,0.115,2.5,0.2,2.3,2.3
Terry Rozier,2TM,2024,61.0,2040.0,17.3,25.9,3.9,0.091,1.5,2.2,-0.7,1.8
Keldon Johnson,SAS,2024,69.0,2038.0,14.2,21.9,3.0,0.071,-1.7,-0.3,-1.4,0.2
Kyrie Irving,DAL,2024,58.0,2030.0,21.9,28.1,6.9,0.163,4.9,4.8,0.1,3.6
Karl-Anthony Towns,MIN,2024,62.0,2026.0,18.8,27.4,6.3,0.148,2.5,1.6,0.9,2.3
Jalen Suggs,ORL,2024,75.0,2025.0,14.1,19.7,4.7,0.112,1.0,-0.6,1.6,1.5
Keyonte George,UTA,2024,75.0,2023.0,10.4,22.8,-0.3,-0.008,-4.4,-1.5,-2.9,-1.2
Josh Giddey,OKC,2024,80.0,2011.0,16.6,23.1,4.3,0.102,1.5,1.0,0.4,1.8
Bobby Portis,MIL,2024,82.0,2008.0,17.5,22.9,4.7,0.112,-0.8,0.0,-0.8,0.6
Aaron Nesmith,IND,2024,72.0,1995.0,12.8,16.0,4.1,0.098,-0.5,-0.3,-0.2,0.8
Gary Trent Jr.,TOR,2024,71.0,1994.0,12.0,20.0,1.7,0.04,-2.6,-1.2,-1.4,-0.3
Norman Powell,LAC,2024,76.0,1990.0,13.9,20.0,4.1,0.099,-0.8,0.4,-1.2,0.6
Immanuel Quickley,2TM,2024,68.0,1985.0,16.7,23.8,4.7,0.115,1.3,2.2,-0.9,1.7
Brandin Podziemski,GSW,2024,74.0,1968.0,13.0,15.4,4.1,0.1,-0.1,-0.5,0.4,0.9
Naz Reid,MIN,2024,81.0,1964.0,16.0,23.1,4.9,0.12,1.5,0.4,1.1,1.7
Caris LeVert,CLE,2024,68.0,1958.0,14.6,23.1,3.6,0.088,0.2,-0.6,0.8,1.1
Royce O'Neale,2TM,2024,79.0,1954.0,11.1,13.9,3.4,0.085,0.0,-1.0,1.0,1.0
Jonathan Kuminga,GSW,2024,74.0,1949.0,17.0,24.1,4.6,0.113,-0.4,0.0,-0.4,0.8
Donovan Mitchell,CLE,2024,55.0,1942.0,22.1,31.4,6.4,0.159,5.8,4.6,1.2,3.9
Trae Young,ATL,2024,54.0,1942.0,20.3,30.5,4.6,0.114,2.6,4.9,-2.3,2.2
Dorian Finney-Smith,BRK,2024,68.0,1934.0,10.1,13.2,2.6,0.065,-2.0,-2.0,-0.1,0.0
Tyus Jones,WAS,2024,66.0,1933.0,16.5,16.3,4.5,0.113,0.7,1.5,-0.9,1.3
Jonas Valančiūnas,NOP,2024,82.0,1925.0,19.8,20.8,7.1,0.177,1.2,0.7,0.5,1.6
Nickeil Alexander-Walker,MIN,2024,82.0,1921.0,10.9,14.8,4.3,0.107,0.2,-1.1,1.3,1.1
Andrew Wiggins,GSW,2024,71.0,1920.0,12.7,20.9,2.8,0.07,-2.5,-1.4,-1.2,-0.3
Duncan Robinson,MIA,2024,68.0,1905.0,12.2,19.0,3.6,0.091,-0.9,-0.5,-0.4,0.6
John Collins,UTA,2024,68.0,1901.0,17.5,20.4,4.4,0.11,-0.9,0.5,-1.4,0.5
Darius Garland,CLE,2024,57.0,1901.0,14.5,25.3,2.7,0.067,-1.0,0.2,-1.2,0.5
Isaiah Hartenstein,NYK,2024,75.0,1896.0,18.9,12.0,8.1,0.204,3.5,0.7,2.8,2.6
Eric Gordon,PHO,2024,68.0,1893.0,10.8,16.5,2.5,0.063,-1.7,-1.3,-0.5,0.1
Jalen Johnson,ATL,2024,56.0,1889.0,16.3,19.1,3.8,0.098,1.2,0.4,0.8,1.5
Isaac Okoro,CLE,2024,69.0,1887.0,11.4,13.9,4.2,0.106,-1.1,-1.8,0.7,0.4
Clint Capela,ATL,2024,73.0,1883.0,20.7,17.3,6.3,0.161,0.1,1.0,-1.0,1.0
Terance Mann,LAC,2024,75.0,1873.0,12.0,13.6,4.2,0.106,-1.5,-0.8,-0.7,0.2
Malik Monk,SAC,2024,72.0,1872.0,16.0,25.9,3.5,0.09,0.6,1.5,-1.0,1.2
Bruce Brown,2TM,2024,67.0,1866.0,11.6,16.5,2.2,0.058,-3.3,-2.4,-1.0,-0.6
Jamal Murray,DEN,2024,59.0,1861.0,20.7,27.9,5.9,0.153,4.1,4.5,-0.4,2.9
RJ Barrett,2TM,2024,58.0,1838.0,16.4,26.5,2.9,0.075,-0.8,0.7,-1.5,0.6
Georges Niang,CLE,2024,82.0,1831.0,9.9,17.6,2.4,0.064,-2.9,-2.5,-0.4,-0.4
Jerami Grant,POR,2024,54.0,1830.0,15.4,25.7,2.7,0.071,-0.1,1.0,-1.1,0.9
Rui Hachimura,LAL,2024,68.0,1826.0,15.0,18.5,4.1,0.108,-0.9,0.0,-0.9,0.5
Payton Pritchard,BOS,2024,82.0,1825.0,15.3,17.2,6.1,0.16,1.0,1.3,-0.2,1.4
Lauri Markkanen,UTA,2024,55.0,1820.0,21.5,25.0,6.2,0.163,3.6,5.1,-1.5,2.6
Reggie Jackson,DEN,2024,82.0,1817.0,11.7,21.7,2.1,0.056,-3.2,-1.8,-1.5,-0.6
Cole Anthony,ORL,2024,81.0,1817.0,14.6,23.7,3.6,0.096,0.1,-0.6,0.7,1.0
Daniel Gafford,2TM,2024,74.0,1815.0,21.7,14.7,7.8,0.205,2.6,0.7,1.9,2.1
Ivica Zubac,LAC,2024,68.0,1794.0,19.3,16.4,6.8,0.182,0.8,0.8,0.0,1.3
Deandre Ayton,POR,2024,55.0,1784.0,18.9,21.1,3.9,0.106,0.3,0.5,-0.2,1.0
Derrick Jones Jr.,DAL,2024,76.0,1783.0,11.7,14.9,3.1,0.083,-1.5,-1.3,-0.3,0.2
Kyle Anderson,MIN,2024,79.0,1782.0,12.7,14.5,4.5,0.121,1.1,-1.6,2.7,1.4
Jalen Duren,DET,2024,61.0,1777.0,18.7,18.5,4.8,0.13,-0.1,-0.2,0.1,0.9
Bradley Beal,PHO,2024,53.0,1767.0,16.3,22.7,3.9,0.107,0.4,0.9,-0.6,1.1
Scoot Henderson,POR,2024,62.0,1765.0,9.5,26.5,-1.7,-0.045,-5.8,-3.5,-2.3,-1.7
Nick Richards,CHO,2024,67.0,1759.0,16.7,13.3,5.1,0.14,-2.3,-1.6,-0.7,-0.1
Kelly Olynyk,2TM,2024,78.0,1759.0,17.4,17.5,4.9,0.133,1.8,0.7,1.1,1.7
Caleb Martin,MIA,2024,64.0,1756.0,10.8,17.3,2.4,0.066,-2.0,-2.2,0.2,0.0
Sam Hauser,BOS,2024,79.0,1741.0,13.0,15.0,4.9,0.134,1.2,1.2,0.0,1.4
Al Horford,BOS,2024,65.0,1740.0,15.0,12.0,6.2,0.172,3.6,1.7,2.0,2.5
Toumani Camara,POR,2024,70.0,1739.0,10.6,13.8,2.0,0.055,-3.1,-3.1,0.0,-0.5
Obi Toppin,IND,2024,82.0,1730.0,16.5,16.8,4.8,0.132,1.5,1.8,-0.3,1.5
Bilal Coulibaly,WAS,2024,63.0,1715.0,8.9,14.2,0.4,0.013,-4.2,-3.6,-0.5,-0.9
OG Anunoby,2TM,2024,50.0,1702.0,12.8,17.6,2.6,0.073,-0.6,-1.0,0.5,0.6
Jabari Walker,POR,2024,72.0,1700.0,13.0,16.3,2.9,0.083,-3.3,-2.4,-0.9,-0.6
Andrew Nembhard,IND,2024,68.0,1697.0,11.3,16.0,2.0,0.057,-2.2,-1.6,-0.5,-0.1
Cason Wallace,OKC,2024,82.0,1692.0,12.0,12.9,4.0,0.115,0.1,-0.9,1.0,0.9
Trey Murphy III,NOP,2024,57.0,1690.0,16.3,18.6,5.4,0.154,2.5,2.5,0.0,1.9
Kristaps Porziņģis,BOS,2024,57.0,1690.0,23.2,25.1,7.9,0.226,5.1,3.5,1.6,3.0
Kyle Lowry,2TM,2024,60.0,1690.0,10.9,12.9,3.5,0.1,-1.0,-1.9,0.9,0.4
Jordan Clarkson,UTA,2024,55.0,1682.0,12.7,26.1,0.2,0.006,-4.5,-1.3,-3.2,-1.1
De'Andre Hunter,ATL,2024,57.0,1681.0,12.7,20.6,2.2,0.062,-2.4,-0.9,-1.5,-0.2
Pat Connaughton,MIL,2024,76.0,1676.0,9.6,10.9,2.8,0.08,-1.6,-1.6,0.0,0.2
Christian Braun,DEN,2024,82.0,1655.0,12.1,15.7,3.4,0.1,-1.9,-1.7,-0.2,0.0
Simone Fontecchio,2TM,2024,66.0,1644.0,12.1,16.5,2.1,0.061,-1.0,0.0,-1.0,0.4
Ochai Agbaji,2TM,2024,78.0,1641.0,7.7,13.4,0.1,0.002,-4.4,-3.5,-0.9,-1.0
Julius Randle,NYK,2024,46.0,1630.0,18.9,29.9,3.8,0.113,1.9,2.2,-0.3,1.6
Precious Achiuwa,2TM,2024,74.0,1624.0,14.6,15.9,3.4,0.102,-1.4,-1.7,0.3,0.2
Santi Aldama,MEM,2024,61.0,1618.0,13.1,17.9,2.4,0.07,-0.2,-0.7,0.4,0.7
Cameron Johnson,BRK,2024,58.0,1599.0,14.5,19.6,3.3,0.1,0.4,0.9,-0.5,1.0
Malaki Branham,SAS,2024,75.0,1594.0,8.7,19.8,-0.3,-0.008,-5.6,-3.4,-2.2,-1.5
Paul Reed,PHI,2024,82.0,1590.0,17.4,15.9,5.1,0.154,0.4,-0.6,1.0,0.9
Ausar Thompson,DET,2024,63.0,1583.0,12.8,16.6,1.8,0.053,-2.2,-2.8,0.6,-0.1
Anfernee Simons,POR,2024,46.0,1582.0,15.9,28.0,2.2,0.068,0.2,2.7,-2.5,0.8
Kevin Huerter,SAC,2024,64.0,1562.0,12.4,17.3,2.9,0.089,-0.8,-0.5,-0.4,0.5
Bennedict Mathurin,IND,2024,59.0,1538.0,13.0,23.4,1.4,0.045,-3.4,-1.2,-2.3,-0.6
Evan Mobley,CLE,2024,50.0,1532.0,20.1,20.6,5.5,0.174,2.9,0.9,2.0,1.9
Chris Paul,GSW,2024,58.0,1531.0,14.7,15.6,4.3,0.136,1.0,-0.2,1.2,1.2
Russell Westbrook,LAC,2024,68.0,1529.0,16.2,25.2,2.1,0.066,0.5,-0.2,0.7,1.0
Nicolas Batum,2TM,2024,60.0,1529.0,10.2,8.6,3.3,0.103,-0.4,-1.3,0.8,0.6
Zach Collins,SAS,2024,69.0,1526.0,14.3,22.7,1.8,0.057,-2.0,-2.0,-0.1,0.0
Josh Green,DAL,2024,57.0,1505.0,9.9,13.1,2.2,0.071,-2.7,-2.4,-0.3,-0.3
Walker Kessler,UTA,2024,64.0,1493.0,18.0,12.8,4.1,0.131,0.9,-0.4,1.3,1.1
Draymond Green,GSW,2024,55.0,1490.0,14.5,15.3,3.6,0.116,2.4,-0.6,3.0,1.6
Peyton Watson,DEN,2024,80.0,1488.0,11.8,16.2,2.5,0.079,-2.2,-3.0,0.8,-0.1
Matisse Thybulle,POR,2024,65.0,1487.0,10.4,10.6,2.2,0.072,0.6,-2.8,3.4,0.9
Khris Middleton,MIL,2024,55.0,1487.0,17.0,23.9,3.4,0.109,1.1,1.1,0.0,1.2
Bojan Bogdanović,2TM,2024,57.0,1478.0,12.6,24.6,1.1,0.034,-3.2,-0.7,-2.5,-0.4
Julian Champagnie,SAS,2024,74.0,1468.0,10.6,14.4,1.8,0.059,-1.9,-1.8,-0.1,0.0
Patrick Beverley,2TM,2024,73.0,1462.0,11.6,14.3,2.7,0.09,-1.1,-1.5,0.5,0.3
Amir Coffey,LAC,2024,70.0,1460.0,10.0,12.5,2.6,0.084,-2.2,-1.9,-0.3,-0.1
Isaiah Joe,OKC,2024,78.0,1445.0,13.4,16.6,3.5,0.116,0.9,1.1,-0.3,1.0
Desmond Bane,MEM,2024,42.0,1443.0,18.5,28.5,3.1,0.102,2.8,3.1,-0.3,1.7
Vince Williams Jr.,MEM,2024,52.0,1436.0,12.8,15.8,2.8,0.093,-0.7,-1.7,1.0,0.5
Isaiah Stewart,DET,2024,46.0,1423.0,11.3,14.5,1.7,0.056,-2.3,-1.6,-0.7,-0.1
Moritz Wagner,ORL,2024,80.0,1415.0,20.6,22.8,5.6,0.188,2.0,1.7,0.3,1.4
Tyler Herro,MIA,2024,42.0,1407.0,15.7,27.8,2.0,0.068,0.8,1.5,-0.7,1.0
Wendell Carter Jr.,ORL,2024,55.0,1406.0,15.9,17.2,4.4,0.149,0.9,0.5,0.4,1.0
Onyeka Okongwu,ATL,2024,55.0,1405.0,16.9,13.7,4.5,0.153,-0.4,0.0,-0.5,0.5
Amen Thompson,HOU,2024,62.0,1388.0,18.2,18.5,4.3,0.149,1.8,-0.1,1.9,1.3
Haywood Highsmith,MIA,2024,66.0,1366.0,11.1,12.4,3.1,0.108,-0.7,-1.8,1.1,0.5
Dyson Daniels,NOP,2024,61.0,1358.0,12.0,12.6,2.9,0.103,0.6,-1.9,2.5,0.9
Andre Drummond,CHI,2024,79.0,1351.0,23.0,21.3,4.9,0.175,0.1,0.8,-0.7,0.7
Marcus Sasser,DET,2024,71.0,1351.0,11.8,19.9,0.9,0.033,-2.6,-1.5,-1.1,-0.2
Kris Murray,POR,2024,62.0,1348.0,9.0,14.1,0.7,0.024,-3.6,-3.5,-0.2,-0.6
Miles McBride,NYK,2024,68.0,1328.0,13.1,16.4,3.6,0.131,-0.1,-0.4,0.4,0.6
Jakob Poeltl,TOR,2024,50.0,1319.0,18.9,16.2,3.8,0.138,0.7,-0.3,1.0,0.9
Joel Embiid,PHI,2024,39.0,1309.0,34.1,39.6,7.5,0.275,11.6,8.5,3.1,4.5
Jeff Green,HOU,2024,78.0,1307.0,11.3,15.5,2.6,0.095,-2.1,-1.6,-0.4,0.0
Cameron Payne,2TM,2024,78.0,1304.0,12.8,19.1,2.4,0.089,-1.1,-0.5,-0.6,0.3
Gary Harris,ORL,2024,54.0,1297.0,9.4,11.7,2.7,0.099,-1.2,-2.3,1.1,0.3
Dereck Lively II,DAL,2024,55.0,1294.0,18.1,12.6,4.9,0.183,0.5,-0.3,0.8,0.8
T.J. McConnell,IND,2024,71.0,1291.0,20.9,23.7,3.9,0.143,3.0,2.9,0.1,1.6
Aaron Holiday,HOU,2024,78.0,1269.0,11.5,16.7,2.5,0.094,-1.5,-1.8,0.3,0.2
Cedi Osman,SAS,2024,72.0,1269.0,11.2,15.1,1.9,0.071,-2.1,-1.7,-0.3,0.0
Gradey Dick,TOR,2024,60.0,1268.0,8.9,17.4,0.3,0.01,-5.4,-3.2,-2.2,-1.1
Naji Marshall,NOP,2024,66.0,1257.0,12.7,16.3,2.6,0.1,-0.7,-1.3,0.5,0.4
Kris Dunn,UTA,2024,66.0,1249.0,12.8,13.6,2.0,0.076,-0.1,-1.5,1.4,0.6
Gordon Hayward,2TM,2024,51.0,1245.0,12.8,18.4,1.5,0.058,-2.1,-1.6,-0.5,0.0
GG Jackson II,MEM,2024,48.0,1233.0,13.7,24.2,1.2,0.048,-2.0,-0.2,-1.8,0.0
Aaron Wiggins,OKC,2024,78.0,1228.0,15.6,16.4,3.7,0.144,0.7,0.4,0.4,0.8
Larry Nance Jr.,NOP,2024,61.0,1216.0,14.9,11.3,4.1,0.16,2.0,-0.2,2.2,1.2
Duop Reath,POR,2024,68.0,1214.0,15.1,20.7,2.4,0.095,-0.9,-0.2,-0.7,0.3
Alec Burks,2TM,2024,66.0,1212.0,12.9,24.4,1.4,0.054,-2.3,-0.3,-2.0,-0.1
Kevon Looney,GSW,2024,74.0,1195.0,15.1,11.3,4.0,0.162,0.6,-0.8,1.4,0.8
David Roddy,2TM,2024,65.0,1177.0,8.7,18.1,0.1,0.004,-5.0,-4.0,-1.0,-0.9
Vasilije Micić,2TM,2024,60.0,1176.0,10.7,18.8,0.4,0.015,-4.6,-2.5,-2.2,-0.8
Patrick Williams,CHI,2024,43.0,1174.0,11.0,16.6,1.2,0.048,-2.3,-2.1,-0.1,-0.1
John Konchar,MEM,2024,55.0,1173.0,11.4,9.7,2.2,0.091,-0.4,-2.6,2.2,0.5
Drew Eubanks,PHO,2024,75.0,1169.0,14.4,13.2,3.1,0.129,-1.2,-2.0,0.8,0.2
Joe Ingles,ORL,2024,68.0,1169.0,10.6,11.6,2.6,0.108,-0.5,-1.7,1.2,0.5
Anthony Black,ORL,2024,69.0,1164.0,8.4,12.7,1.6,0.067,-3.0,-3.8,0.8,-0.3
Jordan Hawkins,NOP,2024,67.0,1160.0,10.2,19.9,1.3,0.053,-3.1,-1.3,-1.7,-0.3
Trey Lyles,SAC,2024,58.0,1158.0,11.9,14.4,2.4,0.098,-1.1,-0.4,-0.7,0.3
Moses Moody,GSW,2024,66.0,1156.0,13.7,18.4,2.4,0.101,-0.1,-0.2,0.1,0.6
Jae Crowder,MIL,2024,50.0,1156.0,8.9,11.5,1.6,0.065,-2.6,-2.6,0.0,-0.2
Trayce Jackson-Davis,GSW,2024,68.0,1130.0,21.6,16.4,4.8,0.205,2.8,1.5,1.2,1.4
Malcolm Brogdon,POR,2024,39.0,1121.0,17.0,23.0,2.6,0.111,2.0,2.7,-0.7,1.1
Dean Wade,CLE,2024,54.0,1108.0,10.2,10.5,2.5,0.11,0.1,-1.7,1.8,0.6
Josh Richardson,MIA,2024,43.0,1103.0,11.4,16.5,2.1,0.093,-1.3,-1.3,0.0,0.2
Davion Mitchell,SAC,2024,72.0,1101.0,9.3,14.9,1.3,0.059,-3.4,-2.4,-1.0,-0.4
Dario Šarić,GSW,2024,64.0,1098.0,15.3,19.5,2.8,0.123,1.0,0.6,0.4,0.9
James Wiseman,DET,2024,63.0,1091.0,14.8,16.3,2.1,0.094,-3.5,-2.6,-0.9,-0.4
Danté Exum,DAL,2024,55.0,1088.0,13.7,15.0,2.9,0.127,-0.6,-0.3,-0.3,0.4
Sam Merrill,CLE,2024,61.0,1069.0,13.1,17.5,2.8,0.125,0.5,1.3,-0.8,0.7
Dennis Smith Jr.,BRK,2024,56.0,1059.0,13.4,17.7,1.8,0.08,-0.8,-2.6,1.8,0.3
Shaedon Sharpe,POR,2024,32.0,1059.0,11.4,22.4,0.5,0.022,-2.8,-1.9,-0.9,-0.2
Jordan Goodwin,2TM,2024,57.0,1055.0,12.6,19.0,1.2,0.054,-1.0,-1.5,0.5,0.3
Marvin Bagley III,2TM,2024,50.0,1053.0,19.4,21.0,2.7,0.122,-0.4,1.0,-1.4,0.4
Torrey Craig,CHI,2024,53.0,1049.0,10.8,12.5,1.9,0.087,-2.0,-1.8,-0.2,0.0
Jalen Smith,IND,2024,61.0,1047.0,20.7,19.4,4.0,0.182,2.4,3.2,-0.8,1.2
Dalano Banton,2TM,2024,54.0,1047.0,13.3,25.7,0.5,0.024,-1.3,-0.7,-0.6,0.2
Ziaire Williams,MEM,2024,51.0,1038.0,9.3,19.7,0.2,0.01,-4.5,-4.0,-0.4,-0.6
Jae'Sean Tate,HOU,2024,65.0,1031.0,9.3,11.7,1.8,0.082,-2.3,-3.7,1.5,-0.1
Kenrich Williams,OKC,2024,69.0,1029.0,11.9,13.4,2.5,0.115,-0.8,-1.1,0.3,0.3
Jose Alvarado,NOP,2024,56.0,1028.0,12.5,17.3,2.1,0.097,-0.1,-1.5,1.5,0.5
Quentin Grimes,2TM,2024,51.0,1025.0,8.9,15.8,1.3,0.06,-2.2,-2.6,0.4,-0.1
De'Anthony Melton,PHI,2024,38.0,1023.0,13.4,18.3,2.1,0.099,0.5,-0.7,1.2,0.7
Daniel Theis,2TM,2024,60.0,1015.0,14.4,15.4,2.5,0.119,-1.6,-1.7,0.1,0.1
Lonnie Walker IV,BRK,2024,58.0,1011.0,13.1,24.4,0.8,0.038,-1.4,-0.4,-1.0,0.2
Talen Horton-Tucker,UTA,2024,51.0,1009.0,13.4,24.0,0.8,0.039,-1.2,-0.9,-0.4,0.2
Killian Hayes,DET,2024,42.0,1008.0,10.5,15.1,0.7,0.032,-2.7,-2.9,0.2,-0.2
Jevon Carter,CHI,2024,72.0,1004.0,8.5,17.7,0.2,0.009,-4.0,-3.3,-0.7,-0.5
Luke Kennard,MEM,2024,39.0,999.0,13.1,16.7,2.1,0.099,-0.3,0.6,-0.9,0.4
Garrison Mathews,ATL,2024,66.0,992.0,8.9,11.1,1.6,0.077,-3.0,-2.1,-0.9,-0.2
Jaden Hardy,DAL,2024,73.0,989.0,11.2,24.9,0.3,0.014,-4.1,-2.0,-2.1,-0.5
Tre Mann,2TM,2024,41.0,987.0,13.7,18.2,1.2,0.058,-1.3,-1.7,0.4,0.2
Cam Reddish,LAL,2024,48.0,984.0,7.7,12.7,0.6,0.03,-3.2,-4.0,0.8,-0.3
Luke Kornet,BOS,2024,63.0,983.0,19.8,11.0,5.1,0.248,3.4,1.6,1.8,1.3
Keon Ellis,SAC,2024,57.0,978.0,12.0,12.4,2.3,0.114,1.2,-0.9,2.1,0.8
Xavier Tillman Sr.,2TM,2024,54.0,974.0,12.2,14.8,1.4,0.071,-1.2,-3.1,1.9,0.2
Josh Okogie,PHO,2024,60.0,960.0,12.0,13.0,2.1,0.104,-0.5,-1.3,0.8,0.4
Goga Bitadze,ORL,2024,62.0,957.0,17.8,13.3,3.7,0.186,2.1,-0.7,2.8,1.0
Max Christie,LAL,2024,67.0,944.0,8.4,13.6,0.7,0.036,-3.6,-3.2,-0.4,-0.4
Kevin Love,MIA,2024,55.0,924.0,18.5,21.9,3.3,0.17,3.6,2.7,1.0,1.3
Day'Ron Sharpe,BRK,2024,61.0,921.0,20.0,19.7,2.9,0.152,0.0,-0.4,0.4,0.5
Jonathan Isaac,ORL,2024,58.0,914.0,19.2,16.7,3.6,0.188,3.8,1.4,2.4,1.4
Markelle Fultz,ORL,2024,43.0,910.0,12.6,18.8,1.3,0.069,-1.4,-2.6,1.2,0.1
Doug McDermott,2TM,2024,64.0,904.0,9.1,14.9,0.9,0.046,-3.4,-1.5,-1.9,-0.3
Jaylin Williams,OKC,2024,69.0,897.0,12.7,13.5,2.4,0.13,1.1,-0.8,1.9,0.7
Nikola Jović,MIA,2024,46.0,896.0,12.8,17.1,1.9,0.103,0.3,-0.9,1.3,0.5
Bryce McGowens,CHO,2024,59.0,882.0,9.3,14.9,0.6,0.034,-4.9,-3.7,-1.1,-0.6
Cam Whitmore,HOU,2024,47.0,880.0,16.6,27.1,1.5,0.082,0.1,1.0,-0.9,0.5
Jaxson Hayes,LAL,2024,70.0,877.0,14.0,12.5,2.5,0.135,-1.9,-2.8,0.9,0.0
Blake Wesley,SAS,2024,61.0,876.0,10.1,14.7,0.9,0.05,-4.0,-4.0,0.1,-0.4
Malachi Flynn,3TM,2024,69.0,876.0,11.9,20.4,0.5,0.029,-2.2,-2.0,-0.2,0.0
Christian Wood,LAL,2024,50.0,872.0,12.3,17.6,1.2,0.064,-2.8,-2.6,-0.2,-0.2
Zach LaVine,CHI,2024,25.0,872.0,15.1,23.8,1.5,0.08,0.1,0.8,-0.7,0.5
Maxi Kleber,DAL,2024,43.0,871.0,8.8,9.6,1.4,0.08,-1.3,-2.3,1.0,0.2
Justin Holiday,DEN,2024,58.0,862.0,9.7,10.6,1.8,0.101,-1.6,-2.5,0.9,0.1
Chimezie Metu,2TM,2024,51.0,859.0,13.3,16.2,1.5,0.085,-1.3,-2.1,0.8,0.2
Trendon Watford,BRK,2024,63.0,856.0,15.7,21.1,1.8,0.1,-0.5,-0.9,0.4,0.3
Taylor Hendricks,UTA,2024,40.0,856.0,11.8,13.7,1.2,0.07,-1.6,-1.3,-0.4,0.1
Dwight Powell,DAL,2024,63.0,836.0,14.5,9.1,3.1,0.181,-0.3,-1.1,0.8,0.4
Troy Brown Jr.,2TM,2024,59.0,827.0,8.8,14.3,0.8,0.048,-2.6,-2.8,0.2,-0.1
Marcus Morris,2TM,2024,49.0,817.0,9.9,16.6,1.0,0.06,-3.8,-2.5,-1.3,-0.4
Caleb Houstan,ORL,2024,59.0,815.0,8.3,12.5,1.5,0.089,-1.9,-1.4,-0.5,0.0
Ben Sheppard,IND,2024,57.0,814.0,8.1,13.2,0.8,0.046,-3.4,-3.3,-0.1,-0.3
Jake LaRavia,MEM,2024,35.0,806.0,12.6,21.1,1.0,0.062,-2.5,-1.4,-1.0,-0.1
Bismack Biyombo,2TM,2024,40.0,791.0,9.9,10.7,1.1,0.066,-3.4,-4.8,1.4,-0.3
JT Thor,CHO,2024,63.0,781.0,9.1,11.7,0.6,0.034,-4.5,-3.5,-1.1,-0.5
Isaiah Jackson,IND,2024,59.0,771.0,21.5,17.2,3.3,0.204,1.7,0.3,1.4,0.7
Mitchell Robinson,NYK,2024,31.0,768.0,16.1,10.2,2.5,0.155,0.0,-0.3,0.4,0.4
Jock Landale,HOU,2024,56.0,763.0,15.6,14.8,2.3,0.146,-0.1,-0.5,0.4,0.4
Cody Martin,CHO,2024,28.0,753.0,9.2,16.1,-0.2,-0.012,-3.5,-4.1,0.6,-0.3
KJ Martin,2TM,2024,60.0,746.0,9.9,13.4,1.1,0.071,-4.1,-4.0,-0.1,-0.4
Delon Wright,2TM,2024,47.0,742.0,13.6,12.8,1.7,0.109,0.4,-2.0,2.5,0.5
Ish Smith,CHO,2024,43.0,741.0,6.8,12.3,-0.4,-0.025,-6.8,-5.6,-1.2,-0.9
Mo Bamba,PHI,2024,57.0,740.0,15.4,15.1,2.0,0.128,-1.0,-2.3,1.4,0.2
Nick Smith Jr.,CHO,2024,51.0,729.0,8.1,20.3,-0.5,-0.036,-5.9,-3.1,-2.8,-0.7
Landry Shamet,WAS,2024,46.0,726.0,10.5,18.8,0.3,0.022,-4.0,-2.7,-1.3,-0.4
Chris Duarte,SAC,2024,59.0,719.0,8.4,14.9,0.7,0.047,-3.4,-3.5,0.1,-0.2
Jordan Nwora,2TM,2024,52.0,712.0,13.7,22.4,0.5,0.034,-2.5,-1.1,-1.5,-0.1
LaMelo Ball,CHO,2024,22.0,711.0,20.8,34.3,1.1,0.074,3.3,3.8,-0.5,1.0
Chris Boucher,TOR,2024,50.0,705.0,16.0,17.3,1.7,0.119,-1.7,-0.3,-1.4,0.1
Jacob Gilyard,2TM,2024,41.0,699.0,11.1,11.1,1.4,0.095,-1.4,-2.0,0.6,0.1
Bruno Fernando,ATL,2024,45.0,682.0,15.2,16.7,1.5,0.103,-2.3,-3.1,0.9,-0.1
Dalen Terry,CHI,2024,59.0,681.0,10.2,13.4,0.8,0.06,-2.3,-3.4,1.1,0.0
Gary Payton II,GSW,2024,44.0,680.0,13.9,13.6,1.8,0.125,0.9,-1.3,2.2,0.5
Mason Plumlee,LAC,2024,46.0,674.0,15.8,15.1,2.0,0.146,-0.8,-1.1,0.4,0.2
Dāvis Bertāns,2TM,2024,43.0,674.0,11.6,17.4,0.9,0.061,-1.4,-0.8,-0.6,0.1
Keita Bates-Diop,2TM,2024,53.0,665.0,11.5,13.0,1.3,0.091,-1.0,-1.5,0.4,0.2
Jalen Wilson,BRK,2024,43.0,664.0,10.8,14.3,1.1,0.077,-2.9,-1.8,-1.1,-0.2
Craig Porter Jr.,CLE,2024,51.0,649.0,15.4,20.2,1.5,0.108,0.5,-0.6,1.1,0.4
Rayan Rupert,POR,2024,39.0,633.0,5.8,13.6,-0.1,-0.009,-6.7,-5.6,-1.2,-0.8
Oshae Brissett,BOS,2024,55.0,630.0,12.8,14.5,1.7,0.131,-1.8,-2.0,0.2,0.0
Danilo Gallinari,3TM,2024,49.0,630.0,13.4,17.2,1.3,0.098,-1.9,-0.8,-1.0,0.0
Jordan McLaughlin,MIN,2024,56.0,626.0,15.5,12.1,2.5,0.193,4.2,1.4,2.9,1.0
Seth Curry,2TM,2024,44.0,616.0,9.9,16.8,0.5,0.04,-3.3,-2.6,-0.6,-0.2
A.J. Green,MIL,2024,56.0,614.0,10.5,15.2,1.1,0.084,-2.1,-0.4,-1.7,0.0
Johnny Davis,WAS,2024,50.0,613.0,6.2,12.2,-0.1,-0.009,-6.6,-5.5,-1.1,-0.7
MarJon Beauchamp,MIL,2024,48.0,608.0,9.7,14.6,0.7,0.056,-3.2,-2.3,-0.9,-0.2
Marcus Smart,MEM,2024,20.0,605.0,11.8,22.9,0.2,0.02,-2.4,-3.3,0.9,0.0
Mike Muscala,3TM,2024,53.0,600.0,7.5,13.4,0.1,0.009,-5.3,-3.9,-1.4,-0.5
Jericho Sims,NYK,2024,45.0,585.0,10.9,6.0,1.5,0.127,-1.8,-2.4,0.7,0.0
Brice Sensabaugh,UTA,2024,32.0,584.0,8.6,20.3,-0.3,-0.024,-5.5,-3.3,-2.1,-0.5
Jarred Vanderbilt,LAL,2024,29.0,581.0,11.6,11.7,1.1,0.089,-1.6,-2.9,1.3,0.0
Shake Milton,3TM,2024,48.0,581.0,9.2,18.7,0.6,0.048,-3.7,-4.3,0.6,-0.3
Evan Fournier,2TM,2024,32.0,580.0,8.5,19.0,-0.1,-0.005,-4.3,-4.7,0.3,-0.3
Zeke Nnaji,DEN,2024,58.0,576.0,12.4,15.4,1.2,0.099,-3.7,-3.8,0.1,-0.2
Trey Jemison,2TM,2024,25.0,573.0,11.8,13.5,0.9,0.073,-5.1,-4.7,-0.4,-0.5
Andre Jackson Jr.,MIL,2024,57.0,572.0,8.5,10.0,1.0,0.081,-3.6,-3.6,0.0,-0.2
Jared Butler,WAS,2024,40.0,566.0,14.1,19.9,0.6,0.054,-2.1,-1.5,-0.5,0.0
Kevin Knox,DET,2024,31.0,560.0,9.9,16.6,0.4,0.033,-4.6,-2.8,-1.8,-0.4
Lamar Stevens,2TM,2024,38.0,559.0,14.6,22.2,0.8,0.068,-2.2,-2.2,-0.1,0.0
Richaun Holmes,2TM,2024,40.0,555.0,14.5,14.7,1.3,0.114,-3.3,-2.4,-0.8,-0.2
Tristan Thompson,CLE,2024,49.0,549.0,13.9,13.8,1.4,0.119,-1.4,-2.1,0.6,0.1
Julian Strawther,DEN,2024,50.0,545.0,8.2,20.7,0.2,0.015,-6.0,-4.6,-1.4,-0.6
Omer Yurtseven,UTA,2024,48.0,545.0,15.0,17.9,0.7,0.062,-3.0,-1.6,-1.5,-0.1
Vít Krejčí,ATL,2024,22.0,541.0,8.4,9.8,0.6,0.056,-3.7,-3.3,-0.4,-0.2
Bones Hyland,LAC,2024,37.0,540.0,10.8,24.8,0.0,0.003,-3.6,-2.8,-0.8,-0.2
Jalen McDaniels,TOR,2024,50.0,538.0,5.0,18.7,-0.8,-0.074,-9.0,-7.2,-1.8,-1.0
Scotty Pippen Jr.,MEM,2024,21.0,527.0,16.4,23.0,1.0,0.09,1.3,-0.1,1.4,0.4
Sasha Vezenkov,SAC,2024,42.0,511.0,13.3,17.5,1.0,0.098,-0.9,-0.2,-0.7,0.1
Danuel House Jr.,PHI,2024,34.0,509.0,8.5,12.2,0.7,0.066,-4.0,-3.4,-0.5,-0.3
Mark Williams,CHO,2024,19.0,508.0,22.5,17.1,2.1,0.198,0.8,1.6,-0.8,0.3
Jaden Springer,2TM,2024,49.0,507.0,10.7,17.1,0.6,0.052,-3.4,-4.9,1.5,-0.2
Patrick Baldwin Jr.,WAS,2024,38.0,493.0,9.7,15.9,0.2,0.019,-4.6,-4.0,-0.6,-0.3
Robert Covington,2TM,2024,29.0,488.0,13.6,10.7,1.5,0.145,2.2,-1.1,3.2,0.5
P.J. Tucker,2TM,2024,31.0,486.0,5.9,5.3,0.7,0.068,-3.6,-4.0,0.4,-0.2
Tari Eason,HOU,2024,22.0,480.0,17.1,19.8,1.3,0.125,1.6,-0.4,2.0,0.4
Monte Morris,2TM,2024,33.0,476.0,13.2,15.5,1.2,0.123,0.7,-0.8,1.5,0.3
Bol Bol,PHO,2024,43.0,469.0,18.7,16.5,1.6,0.168,2.1,1.4,0.8,0.5
Isaiah Livers,DET,2024,23.0,469.0,5.1,12.7,-0.1,-0.015,-6.5,-5.0,-1.5,-0.5
Anthony Gill,WAS,2024,50.0,466.0,12.1,18.0,0.4,0.038,-4.1,-2.6,-1.5,-0.3
Yuta Watanabe,2TM,2024,34.0,464.0,4.7,13.3,-0.1,-0.009,-6.4,-5.3,-1.1,-0.5
Nassir Little,PHO,2024,45.0,458.0,9.9,13.9,0.7,0.074,-3.0,-2.4,-0.6,-0.1
Sandro Mamukelashvili,SAS,2024,46.0,451.0,15.8,17.7,1.0,0.11,-0.5,-0.1,-0.4,0.2
Alex Len,SAC,2024,48.0,444.0,14.7,11.8,1.3,0.138,0.2,-2.7,2.9,0.2
Thomas Bryant,MIA,2024,38.0,441.0,19.0,19.3,1.6,0.177,-0.4,-0.6,0.2,0.2
Thaddeus Young,2TM,2024,33.0,439.0,15.9,12.6,1.3,0.138,0.3,-0.5,0.8,0.2
Skylar Mays,2TM,2024,38.0,433.0,12.0,18.4,0.4,0.044,-2.0,-2.1,0.1,0.0
Chuma Okeke,ORL,2024,47.0,432.0,6.9,13.3,0.3,0.029,-3.4,-3.2,-0.2,-0.2
Dominick Barlow,SAS,2024,33.0,420.0,14.6,14.1,1.1,0.126,-1.7,-1.7,0.0,0.0
Reggie Bullock,HOU,2024,44.0,417.0,7.7,9.4,0.6,0.072,-2.4,-2.9,0.5,0.0
Patty Mills,2TM,2024,32.0,415.0,7.2,15.9,0.1,0.009,-4.6,-5.0,0.4,-0.3
Trent Forrest,ATL,2024,38.0,414.0,8.9,11.8,0.2,0.027,-4.4,-3.8,-0.7,-0.3
Svi Mykhailiuk,BOS,2024,41.0,413.0,11.7,16.1,0.9,0.106,-1.8,-0.9,-0.9,0.0
Wesley Matthews,ATL,2024,36.0,413.0,8.2,11.7,0.4,0.049,-2.8,-3.1,0.3,-0.1
Aleksej Pokusevski,2TM,2024,28.0,405.0,12.7,17.2,0.4,0.05,-1.9,-1.8,-0.1,0.0
Luka Šamanić,UTA,2024,43.0,404.0,8.9,21.8,-0.2,-0.029,-7.8,-4.9,-2.9,-0.6
Javon Freeman-Liberty,TOR,2024,22.0,403.0,10.7,17.5,0.2,0.029,-5.2,-3.1,-2.0,-0.3
Derrick Rose,MEM,2024,24.0,399.0,13.1,22.3,0.4,0.046,-2.8,-1.3,-1.5,-0.1
DeAndre Jordan,DEN,2024,36.0,396.0,16.0,15.4,1.2,0.147,-1.7,-1.7,-0.1,0.0
Kobe Brown,LAC,2024,44.0,394.0,7.6,11.1,0.5,0.055,-3.8,-4.0,0.2,-0.2
Lester Quiñones,GSW,2024,37.0,394.0,10.3,18.3,0.6,0.068,-3.3,-2.0,-1.3,-0.1
Eugene Omoruyi,WAS,2024,43.0,393.0,16.0,22.5,0.6,0.074,-2.3,-1.9,-0.4,0.0
Matt Ryan,NOP,2024,28.0,390.0,9.0,15.4,0.5,0.065,-2.7,-1.4,-1.3,-0.1
Justin Minaya,POR,2024,34.0,381.0,5.8,9.7,0.1,0.009,-5.6,-5.1,-0.5,-0.3
Johnny Juzang,UTA,2024,20.0,372.0,9.6,14.5,0.4,0.047,-3.7,-1.5,-2.2,-0.2
Noah Clowney,BRK,2024,23.0,370.0,14.2,14.2,0.9,0.111,-0.7,-0.8,0.1,0.1
Tosan Evbuomwan,2TM,2024,17.0,367.0,9.9,10.6,0.5,0.071,-3.0,-2.4,-0.7,-0.1
Ousmane Dieng,OKC,2024,33.0,365.0,10.1,16.9,0.4,0.055,-3.0,-2.3,-0.7,-0.1
Jontay Porter,TOR,2024,26.0,360.0,14.9,15.8,0.7,0.089,1.7,-0.3,1.9,0.3
Ben Simmons,BRK,2024,15.0,359.0,16.3,13.0,1.0,0.133,2.4,-0.5,2.9,0.4
Brandon Boston Jr.,LAC,2024,32.0,345.0,8.7,25.4,-0.3,-0.04,-9.0,-6.2,-2.7,-0.6
Jarace Walker,IND,2024,33.0,340.0,11.8,16.1,0.4,0.058,0.2,-0.5,0.7,0.2
JaVale McGee,SAC,2024,46.0,339.0,19.0,23.4,0.7,0.101,-1.3,-1.9,0.6,0.1
Olivier-Maxence Prosper,DAL,2024,40.0,336.0,11.6,16.6,0.5,0.076,-2.9,-1.7,-1.3,-0.1
Jeremiah Robinson-Earl,NOP,2024,39.0,334.0,11.8,15.4,0.6,0.086,-2.2,-1.9,-0.3,0.0
Neemias Queta,BOS,2024,28.0,333.0,22.9,16.9,1.8,0.259,1.5,0.4,1.1,0.3
Julian Phillips,CHI,2024,40.0,323.0,7.0,13.0,0.2,0.031,-5.3,-4.7,-0.6,-0.3
Cody Zeller,NOP,2024,43.0,320.0,12.8,12.9,0.8,0.124,-2.6,-2.9,0.3,0.0
Ja Morant,MEM,2024,9.0,318.0,20.6,30.4,0.8,0.124,3.1,2.7,0.4,0.4
Ashton Hagans,POR,2024,19.0,316.0,8.5,14.6,0.0,0.006,-3.5,-4.4,0.9,-0.1
Devonte' Graham,SAS,2024,23.0,313.0,9.4,17.8,0.1,0.018,-3.9,-3.0,-0.9,-0.1
A.J. Lawson,DAL,2024,42.0,311.0,11.2,20.0,0.2,0.036,-4.6,-3.1,-1.5,-0.2
Nathan Mensah,CHO,2024,25.0,307.0,5.0,6.8,0.1,0.023,-8.8,-8.7,-0.1,-0.5
Stanley Umude,DET,2024,24.0,307.0,11.4,15.6,0.5,0.085,-1.6,-1.5,-0.1,0.0
Orlando Robinson,MIA,2024,36.0,304.0,14.0,14.8,0.9,0.135,-1.1,-1.9,0.8,0.1
Furkan Korkmaz,PHI,2024,35.0,300.0,9.2,13.6,0.4,0.057,-2.7,-3.2,0.4,-0.1
Cory Joseph,GSW,2024,26.0,296.0,6.2,11.3,0.2,0.034,-4.7,-4.0,-0.7,-0.2
Ricky Council IV,PHI,2024,32.0,289.0,18.6,22.1,1.0,0.173,1.3,2.1,-0.8,0.2
Garrett Temple,TOR,2024,27.0,289.0,9.5,15.0,0.2,0.032,-4.7,-3.4,-1.2,-0.2
Leaky Black,CHO,2024,26.0,284.0,11.5,10.1,0.5,0.084,-2.4,-2.6,0.3,0.0
Lindy Waters III,OKC,2024,38.0,280.0,15.3,17.3,0.9,0.15,1.9,2.4,-0.5,0.3
Kessler Edwards,SAC,2024,54.0,275.0,10.3,14.0,0.5,0.083,-1.5,-1.6,0.1,0.0
Damian Jones,CLE,2024,39.0,270.0,15.8,15.4,0.8,0.15,-0.5,-1.7,1.2,0.1
Onuralp Bitim,CHI,2024,23.0,268.0,5.0,15.8,-0.1,-0.027,-7.4,-5.4,-2.0,-0.4
Kira Lewis Jr.,3TM,2024,28.0,265.0,8.6,18.5,0.0,-0.005,-5.8,-4.4,-1.4,-0.3
Jamal Cain,MIA,2024,26.0,259.0,11.5,16.7,0.5,0.089,-2.3,-2.5,0.2,0.0
Jared Rhoden,DET,2024,17.0,245.0,10.3,13.3,0.3,0.06,-2.5,-2.9,0.4,0.0
Justin Champagnie,WAS,2024,15.0,235.0,13.6,17.0,0.3,0.058,-1.8,-1.1,-0.8,0.0
Javonte Green,CHI,2024,9.0,230.0,20.2,16.7,0.9,0.18,2.0,1.9,0.1,0.2
Ibou Badji,POR,2024,22.0,226.0,8.1,8.0,0.2,0.046,-5.8,-7.7,1.9,-0.2
Collin Gillespie,DEN,2024,24.0,225.0,11.0,17.1,0.4,0.076,-2.7,-3.7,0.9,0.0
Gabe Vincent,LAL,2024,11.0,218.0,3.1,10.9,-0.1,-0.033,-6.5,-6.9,0.4,-0.2
Markieff Morris,DAL,2024,26.0,216.0,6.6,16.4,-0.1,-0.014,-5.3,-4.0,-1.3,-0.2
Jaylen Nowell,2TM,2024,13.0,214.0,9.2,17.8,0.1,0.016,-5.4,-4.1,-1.4,-0.2
Théo Maledon,2TM,2024,17.0,213.0,3.2,19.6,-0.5,-0.122,-10.3,-8.3,-2.1,-0.5
Charles Bassey,SAS,2024,19.0,205.0,17.7,11.9,0.7,0.157,1.3,-1.8,3.1,0.2
Taj Gibson,2TM,2024,20.0,204.0,5.9,9.0,0.2,0.044,-5.3,-5.3,0.1,-0.2
Moses Brown,POR,2024,22.0,200.0,14.5,19.1,0.2,0.044,-6.5,-4.1,-2.4,-0.2
