player_name,player_id,team_id,minutes,usg_pct,box_bpr_old,box_bpr_new,box_obpr_new,box_dbpr_new,BPM,divergence_old,divergence_new
Luka Dončić,5,23,2324.41015625,0.368,4.124,4.124,4.456,-0.332,9.3,-5.176,-5.176
Shai Gilgeous-Alexander,30,18,278.75,0.323,7.456,7.456,4.269,3.187,11.7,-4.244,-4.244
Anthony Edwards,292,17,324.3666666666667,0.309,3.591,3.591,2.796,0.795,4.5,-0.909,-0.909
Tyrese Maxey,71,4,437.15000000000003,0.286,2.272,2.272,1.807,0.465,5.4,-3.128,-3.128
Kawhi Leonard,176,22,2084.75,0.326,5.913,5.913,4.152,1.761,8.0,-2.087,-2.087
Nikola Jokić,389,16,237.05,0.289,5.998,5.998,6.139,-0.141,14.2,-8.202,-8.202
Giannis Antetokounmpo,330,10,1039.2333333333333,0.358,5.058,5.058,4.834,0.224,9.5,-4.442,-4.442
Donovan Mitchell,97,7,508.46923076923076,0.311,3.846,3.846,3.501,0.345,5.1,-1.254,-1.254
Jaylen Brown,53,1,248.8666666666667,0.351,2.951,2.951,1.819,1.132,3.3,-0.349,-0.349
Stephen Curry,17,21,1328.75,0.308,3.671,3.671,3.861,-0.19,5.4,-1.729,-1.729
Joel Embiid,69,4,233.16666666666669,0.336,5.138,5.138,3.953,1.185,4.9,0.238,0.238
Devin Booker,248,24,153.11666666666667,0.307,2.391,2.391,1.817,0.574,2.2,0.191,0.191
Kevin Durant,41,27,122.95,0.263,2.853,2.853,2.076,0.777,4.5,-1.647,-1.647
Jalen Brunson,84,3,2589.8666666666672,0.296,2.304,2.304,2.845,-0.541,3.1,-0.796,-0.796
Lauri Markkanen,160,20,1511.3126984126984,0.269,0.991,0.991,1.16,-0.169,2.6,-1.609,-1.609
James Harden,179,7,525.7897435897436,0.279,1.117,1.117,2.198,-1.081,4.0,-2.883,-2.883
Victor Wembanyama,375,30,287.65,0.316,8.979,8.979,3.637,5.342,10.7,-1.721,-1.721
Jamal Murray,391,16,238.16666666666666,0.269,3.21,3.21,4.69,-1.48,4.1,-0.89,-0.89
Cade Cunningham,149,8,2205.6158854166665,0.296,5.291,5.291,3.31,1.981,6.3,-1.009,-1.009
Michael Porter Jr.,231,2,1753.598076923077,0.292,0.406,0.406,1.658,-1.252,3.0,-2.594,-2.594
Austin Reaves,1,23,294.22222222222223,0.258,2.614,2.614,1.953,0.661,2.8,-0.186,-0.186
Keyonte George,164,20,1885.327777777778,0.275,-2.628,-2.628,0.935,-3.563,0.9,-3.528,-3.528
Paolo Banchero,191,14,2501.6833333333334,0.274,0.438,0.438,0.373,0.065,1.4,-0.962,-0.962
Jalen Johnson,305,11,214.38333333333338,0.264,2.384,2.384,1.288,1.096,4.2,-1.816,-1.816
Trey Murphy III,119,29,2376.0974747474747,0.223,-0.128,-0.128,0.56,-0.688,2.4,-2.528,-2.528
Pascal Siakam,403,9,2322.0241935483873,0.292,0.711,0.711,1.182,-0.471,0.7,0.011,0.011
Julius Randle,290,17,399.8333333333333,0.258,3.571,3.571,2.797,0.774,1.5,2.071,2.071
Cooper Flagg,363,26,2343.85,0.264,-0.045,-0.045,0.188,-0.233,1.4,-1.445,-1.445
Brandon Ingram,317,5,148.1,0.264,0.644,0.644,0.188,0.456,0.5,0.144,0.144
LeBron James,489,23,1989.05,0.262,3.546,3.546,3.143,0.403,3.5,0.046,0.046
Franz Wagner,190,14,121.73333333333333,0.256,2.751,2.751,1.269,1.482,2.5,0.251,0.251
Anthony Davis,360,26,625.6166666666666,0.272,1.401,1.401,0.165,1.236,2.4,-0.999,-0.999
Nickeil Alexander-Walker,309,11,212.61666666666667,0.23,2.151,2.151,1.13,1.021,1.2,0.951,0.951
Zion Williamson,120,29,1900.47311827957,0.25,0.129,0.129,0.8,-0.671,2.9,-2.771,-2.771
Brandon Miller,220,12,1968.3500000000001,0.272,4.191,4.191,2.563,1.628,1.6,2.591,2.591
Desmond Bane,193,14,253.31666666666666,0.224,2.449,2.449,1.176,1.273,1.4,1.049,1.049
Alperen Sengun,39,27,2431.018287037037,0.259,1.768,1.768,1.546,0.222,,,
LaMelo Ball,221,12,2017.4666666666665,0.306,4.457,4.457,4.581,-0.124,4.7,-0.243,-0.243
Dillon Brooks,244,24,1732.0196428571428,0.279,-0.644,-0.644,-0.743,0.099,-2.3,1.656,1.656
Deni Avdija,274,19,2732.5464646464648,0.285,0.405,0.405,0.961,-0.556,4.3,-3.895,-3.895
Jimmy Butler III,13,21,1212.7802631578948,0.226,4.568,4.568,2.938,1.63,,,
Karl-Anthony Towns,81,3,284.85,0.251,3.538,3.538,2.383,1.155,3.3,0.238,0.238
Bam Adebayo,205,13,2461.896803652968,0.248,3.675,3.675,1.831,1.844,2.0,1.675,1.675
Jaren Jackson Jr.,107,28,1382.4666666666665,0.253,1.869,1.869,-0.665,2.534,-0.8,2.669,2.669
RJ Barrett,320,5,1756.0263157894738,0.254,2.754,2.754,2.288,0.466,0.2,2.554,2.554
CJ McCollum,347,11,1181.6166666666668,0.247,1.176,1.176,0.482,0.694,0.9,0.276,0.276
Zach LaVine,262,25,1255.6752136752136,0.234,-3.445,-3.445,-1.137,-2.308,-1.5,-1.945,-1.945
De'Aaron Fox,477,30,2231.0833333333335,0.242,4.066,4.066,2.941,1.125,2.2,1.866,1.866
Ja Morant,110,28,596.9250000000001,0.305,-0.708,-0.708,-0.261,-0.447,-1.5,0.792,0.792
Kon Knueppel,217,12,2550.733333333333,0.216,2.671,2.671,2.568,0.103,2.8,-0.129,-0.129
Jalen Duren,147,8,427.10769230769233,0.231,5.571,5.571,2.744,2.827,5.0,0.571,0.571
DeMar DeRozan,259,25,2405.5333333333333,0.222,-2.7,-2.7,0.503,-3.203,-0.1,-2.6,-2.6
Scottie Barnes,318,5,2680.7833333333333,0.226,2.931,2.931,1.437,1.494,4.2,-1.269,-1.269
Darius Garland,466,7,791.9833333333333,0.266,1.168,1.168,1.822,-0.654,1.8,-0.632,-0.632
Evan Mobley,93,7,493.2307692307693,0.221,3.538,3.538,1.952,1.586,3.0,0.538,0.538
Amen Thompson,42,27,3027.9816455696205,0.195,3.877,3.877,1.942,1.935,2.6,1.277,1.277
Saddiq Bey,124,29,2276.822685185185,0.213,-0.29,-0.29,0.619,-0.909,0.5,-0.79,-0.79
Coby White,485,12,445.0865079365079,0.283,1.441,1.441,1.415,0.026,2.9,-1.459,-1.459
Bennedict Mathurin,405,9,922.7178571428572,0.246,0.594,0.594,0.562,0.032,-2.1,2.694,2.694
Ryan Rollins,336,10,2407.5844594594596,0.236,1.765,1.765,2.226,-0.461,0.2,1.565,1.565
Jalen Williams,506,18,935.9833333333333,0.252,4.738,4.738,2.25,2.488,2.1,2.638,2.638
Chet Holmgren,27,18,2026.2125603864733,0.214,6.894,6.894,1.804,5.09,4.2,2.694,2.694
Nikola Vučević,134,1,132.88333333333333,0.213,2.668,2.668,2.161,0.507,0.2,2.468,2.468
Payton Pritchard,56,1,230.61666666666667,0.21,3.843,3.843,2.983,0.86,2.3,1.543,1.543
Stephon Castle,377,30,2037.783333333333,0.243,3.406,3.406,1.699,1.707,1.9,1.506,1.506
Jalen Green,475,24,880.1041666666667,0.309,-0.273,-0.273,-0.563,0.29,-1.1,0.827,0.827
Kevin Porter Jr.,333,10,1327.3859649122805,0.236,0.595,0.595,1.389,-0.794,2.1,-1.505,-1.505
Grayson Allen,247,24,75.7,0.231,0.275,0.275,0.304,-0.029,2.1,-1.825,-1.825
OG Anunoby,80,3,2257.0248756218907,0.194,4.115,4.115,2.141,1.974,2.0,2.115,2.115
Norman Powell,206,13,2279.3770114942527,0.262,-0.229,-0.229,-0.417,0.188,1.6,-1.829,-1.829
Collin Sexton,222,12,959.8555555555554,0.248,-2.552,-2.552,-1.434,-1.118,-0.2,-2.352,-2.352
Miles Bridges,218,12,2511.262987012987,0.221,1.64,1.64,1.764,-0.124,1.1,0.54,0.54
Matas Buzelis,133,6,2277.4987012987012,0.223,-0.569,-0.569,-0.45,-0.119,-1.0,0.431,0.431
VJ Edgecombe,70,4,407.3166666666666,0.196,1.551,1.551,0.777,0.774,-0.5,2.051,2.051
Immanuel Quickley,321,5,2295.0857142857144,0.206,2.634,2.634,2.374,0.26,2.4,0.234,0.234
Derrick White,57,1,250.93333333333328,0.216,4.937,4.937,2.074,2.863,3.2,1.737,1.737
Josh Giddey,136,6,1923.7407407407406,0.238,-0.616,-0.616,0.557,-1.173,2.7,-3.316,-3.316
Jabari Smith Jr.,38,27,2810.770562770563,0.179,2.508,2.508,0.842,1.666,-0.7,3.208,3.208
Russell Westbrook,267,25,1852.5833333333333,0.252,-2.788,-2.788,-0.379,-2.409,-0.4,-2.388,-2.388
Jarrett Allen,95,7,407.75897435897434,0.196,3.459,3.459,2.134,1.325,2.6,0.859,0.859
Anthony Black,197,14,195.56666666666666,0.219,0.844,0.844,-0.134,0.978,-0.6,1.444,1.444
Andrew Nembhard,406,9,2036.248538011696,0.233,-2.326,-2.326,-0.487,-1.839,-0.8,-1.526,-1.526
Jaden McDaniels,289,17,2316.4333333333334,0.182,3.526,3.526,1.63,1.896,-0.3,3.826,3.826
Aaron Gordon,388,16,89.33333333333334,0.213,4.863,4.863,3.927,0.936,1.7,3.163,3.163
Paul George,486,4,1349.7495495495496,0.229,3.586,3.586,1.894,1.692,1.7,1.886,1.886
Onyeka Okongwu,312,11,198.76666666666668,0.189,2.629,2.629,0.807,1.822,0.7,1.929,1.929
Ivica Zubac,177,9,118.26666666666667,0.186,-0.083,-0.083,0.668,-0.751,0.1,-0.183,-0.183
Mikal Bridges,83,3,292.23333333333335,0.17,4.111,4.111,2.632,1.479,2.7,1.411,1.411
Ayo Dosunmu,138,17,722.7604166666666,0.197,1.587,1.587,0.669,0.918,1.5,0.087,0.087
Naji Marshall,364,26,2331.3362612612614,0.2,-0.304,-0.304,-0.125,-0.179,-0.6,0.296,0.296
Brice Sensabaugh,165,20,1832.3413333333335,0.244,-2.885,-2.885,-0.408,-2.477,-2.6,-0.285,-0.285
Jeremiah Fears,127,29,2111.983333333333,0.245,-2.571,-2.571,-1.413,-1.158,-2.7,0.129,0.129
Kelly Oubre Jr.,67,4,363.79999999999995,0.179,-0.273,-0.273,-0.09,-0.183,-1.4,1.127,1.127
Jaime Jaquez Jr.,208,13,2319.2515555555556,0.216,1.765,1.765,0.898,0.867,0.1,1.665,1.665
Cam Thomas,233,10,331.8333333333333,0.295,-4.369,-4.369,-0.656,-3.713,-5.3,0.931,0.931
Anfernee Simons,60,6,396.97777777777776,0.227,1.047,1.047,0.779,0.268,0.6,0.447,0.447
Shaedon Sharpe,277,19,67.08333333333333,0.293,-0.465,-0.465,-0.513,0.048,-1.4,0.935,0.935
Peyton Watson,394,16,1686.5138888888891,0.204,2.333,2.333,2.422,-0.089,-1.2,3.533,3.533
Andrew Wiggins,203,13,2305.2960784313723,0.194,0.301,0.301,-0.257,0.558,1.2,-0.899,-0.899
Jalen Suggs,194,14,248.08333333333331,0.22,3.577,3.577,0.662,2.915,2.5,1.077,1.077
Brandin Podziemski,16,21,2332.7166666666667,0.196,0.954,0.954,-0.192,1.146,0.2,0.754,0.754
Devin Vassell,376,30,356.7166666666667,0.176,4.883,4.883,2.935,1.948,0.5,4.383,4.383
Domantas Sabonis,431,25,652.5701754385965,0.223,-3.875,-3.875,-0.508,-3.367,0.6,-4.475,-4.475
Alex Sarr,346,15,1549.271875,0.252,-1.49,-1.49,-0.851,-0.639,0.7,-2.19,-2.19
Ace Bailey,166,20,2015.2393518518518,0.21,-3.217,-3.217,-1.205,-2.012,-4.4,1.183,1.183
Jerami Grant,279,19,111.7,0.228,0.39,0.39,0.444,-0.054,0.0,0.39,0.39
Reed Sheppard,44,27,192.40000000000003,0.21,1.72,1.72,0.302,1.418,2.7,-0.98,-0.98
Tim Hardaway Jr.,392,16,139.83333333333331,0.177,1.632,1.632,2.022,-0.39,-0.7,2.332,2.332
Naz Reid,294,17,323.35,0.212,3.489,3.489,1.063,2.426,0.9,2.589,2.589
Toumani Camara,275,19,165.08333333333331,0.16,2.092,2.092,1.057,1.035,-1.0,3.092,3.092
De'Andre Hunter,433,25,152.95,0.218,-2.328,-2.328,-1.505,-0.823,-3.4,1.072,1.072
Jaylon Tyson,94,7,190.2923076923077,0.189,1.293,1.293,0.73,0.563,0.1,1.193,1.193
Quentin Grimes,72,4,242.96666666666664,0.183,1.074,1.074,-0.244,1.318,-1.6,2.674,2.674
Keldon Johnson,379,30,204.4,0.201,2.825,2.825,1.017,1.808,0.9,1.925,1.925
John Collins,180,22,1925.694927536232,0.188,0.648,0.648,0.362,0.286,-0.5,1.148,1.148
Tobias Harris,146,8,1773.2063492063492,0.181,4.246,4.246,2.191,2.055,1.4,2.846,2.846
Kyshawn George,345,15,1564.85625,0.222,-2.535,-2.535,-1.009,-1.526,-1.2,-1.335,-1.335
Tyler Herro,499,13,1627.232323232323,0.248,-0.289,-0.289,0.88,-1.169,2.0,-2.289,-2.289
Bobby Portis,335,10,1716.0099502487565,0.225,-0.207,-0.207,1.019,-1.226,0.0,-0.207,-0.207
Santi Aldama,112,28,1309.5511627906978,0.191,0.594,0.594,0.634,-0.04,1.7,-1.106,-1.106
Ajay Mitchell,35,18,1576.1722222222222,0.21,5.979,5.979,1.906,4.073,1.9,4.079,4.079
Kyle Kuzma,334,10,1858.1248792270533,0.212,-0.8,-0.8,0.18,-0.98,-2.3,1.5,1.5
Collin Gillespie,249,24,113.75,0.181,3.283,3.283,1.455,1.828,2.5,0.783,0.783
Sam Merrill,96,7,257.1333333333333,0.167,4.256,4.256,3.129,1.127,0.1,4.156,4.156
Tre Jones,135,6,1968.0799999999997,0.186,0.68,0.68,0.827,-0.147,1.3,-0.62,-0.62
P.J. Washington,359,26,1983.5619047619048,0.194,-1.161,-1.161,-1.499,0.338,-1.6,0.439,0.439
Brandon Williams,369,26,1551.3131313131314,0.242,-1.801,-1.801,-0.511,-1.29,0.4,-2.201,-2.201
Max Christie,365,26,2244.5333333333333,0.162,-2.31,-2.31,-1.629,-0.681,-1.5,-0.81,-0.81
Donte DiVincenzo,293,17,96.18333333333334,0.164,5.303,5.303,2.749,2.554,0.8,4.503,4.503
Jrue Holiday,278,19,2090.347169811321,0.227,3.431,3.431,1.853,1.578,1.9,1.531,1.531
Deandre Ayton,3,23,284.51666666666665,0.164,1.888,1.888,1.721,0.167,-0.9,2.788,2.788
Noah Clowney,238,2,1807.0035353535354,0.202,-1.644,-1.644,-0.752,-0.892,-3.4,1.756,1.756
Josh Hart,427,3,339.8166666666667,0.163,1.599,1.599,0.587,1.012,3.0,-1.401,-1.401
Duncan Robinson,148,8,391.66111111111115,0.152,5.288,5.288,3.241,2.047,0.8,4.488,4.488
Cameron Johnson,387,16,1677.5339506172838,0.144,3.637,3.637,3.653,-0.016,-0.6,4.237,4.237
Dennis Schröder,263,7,222.85128205128206,0.21,-3.588,-3.588,-1.923,-1.665,-2.8,-0.788,-0.788
Dylan Harper,380,30,1557.9833333333333,0.211,4.274,4.274,1.801,2.473,1.4,2.874,2.874
Ty Jerome,533,28,564.4722222222223,0.332,-1.203,-1.203,3.072,-4.275,7.7,-8.903,-8.903
Miles McBride,86,3,205.86666666666667,0.174,4.935,4.935,2.939,1.996,1.2,3.735,3.735
Wendell Carter Jr.,192,14,236.68333333333334,0.156,1.919,1.919,0.424,1.495,-0.6,2.519,2.519
Derik Queen,128,29,2023.4333333333334,0.214,-2.033,-2.033,-0.712,-1.321,-0.8,-1.233,-1.233
Donovan Clingan,276,19,106.88333333333333,0.163,2.69,2.69,1.672,1.018,3.0,-0.31,-0.31
Klay Thompson,362,26,1540.236956521739,0.214,-0.454,-0.454,-1.085,0.631,-1.4,0.946,0.946
Jaylen Wells,109,28,2005.3903381642513,0.189,-1.653,-1.653,-0.283,-1.37,-3.1,1.447,1.447
Dyson Daniels,307,11,165.75,0.157,4.333,4.333,2.137,2.196,1.3,3.033,3.033
Mark Williams,250,24,1463.2688888888888,0.167,0.613,0.613,-0.522,1.135,2.0,-1.387,-1.387
Myles Turner,331,10,2019.5070422535214,0.181,0.83,0.83,0.008,0.822,-0.9,1.73,1.73
Christian Braun,390,16,186.88333333333333,0.142,3.701,3.701,3.369,0.332,-1.2,4.901,4.901
Maxime Raynaud,264,25,2176.1765765765767,0.178,-2.74,-2.74,-0.649,-2.091,-2.4,-0.34,-0.34
Sandro Mamukelashvili,323,5,103.53333333333333,0.181,3.977,3.977,1.855,2.122,2.8,1.177,1.177
Kyle Filipowski,161,20,1847.693722943723,0.197,-1.138,-1.138,0.752,-1.89,-1.1,-0.038,-0.038
Jarace Walker,411,9,2056.1929824561403,0.2,-3.369,-3.369,-2.176,-1.193,-2.4,-0.969,-0.969
Cedric Coward,114,28,1958.7774193548387,0.207,1.881,1.881,1.622,0.259,-0.2,2.081,2.081
Aaron Nesmith,402,9,1661.2918518518518,0.19,-1.37,-1.37,-0.365,-1.005,-3.4,2.03,2.03
Julian Champagnie,373,30,309.98333333333335,0.146,5.241,5.241,2.592,2.649,1.4,3.841,3.841
De'Anthony Melton,511,21,1240.1265306122448,0.244,1.721,1.721,0.245,1.476,-2.5,4.221,4.221
Nic Claxton,232,2,2031.6922705314012,0.175,-1.418,-1.418,-0.525,-0.893,0.9,-2.318,-2.318
Rui Hachimura,2,23,1983.2475490196077,0.149,1.268,1.268,1.33,-0.062,-2.2,3.468,3.468
Malik Monk,265,25,1561.5991935483871,0.234,-2.61,-2.61,-0.745,-1.865,-1.3,-1.31,-1.31
Kel'el Ware,209,13,1748.0887445887445,0.174,0.56,0.56,-0.264,0.824,2.1,-1.54,-1.54
Jock Landale,108,11,446.01666666666665,0.177,-0.614,-0.614,0.281,-0.895,0.1,-0.714,-0.714
Ousmane Dieng,37,18,459.2,0.192,-2.566,-2.566,-0.833,-1.733,-4.6,2.034,2.034
Bub Carrington,348,15,2270.6833333333334,0.174,-5.42,-5.42,-2.275,-3.145,-4.7,-0.72,-0.72
Bilal Coulibaly,455,15,1624.8428571428572,0.193,-3.018,-3.018,-1.368,-1.65,-2.1,-0.918,-0.918
Leonard Miller,303,17,259.7263157894737,0.176,0.972,0.972,0.801,0.171,-0.6,1.572,1.572
Kevin Huerter,137,8,73.14666666666668,0.184,1.878,1.878,0.365,1.513,0.3,1.578,1.578
Isaiah Joe,454,18,87.7,0.178,4.456,4.456,1.179,3.277,2.5,1.956,1.956
Tre Johnson,350,15,1683.3444444444442,0.22,-3.018,-3.018,-1.172,-1.846,-5.0,1.982,1.982
Rudy Gobert,291,17,371.81666666666666,0.127,4.267,4.267,0.762,3.505,1.0,3.267,3.267
AJ Green,332,10,2269.9333333333334,0.135,0.167,0.167,1.068,-0.901,,,
Jared McCain,465,4,703.9162162162163,0.198,1.94,1.94,0.277,1.663,-0.9,2.84,2.84
Moses Moody,429,21,1796.588888888889,0.174,2.676,2.676,0.379,2.297,-0.1,2.776,2.776
Pelle Larsson,212,13,2034.065,0.165,0.706,0.706,0.24,0.466,-1.2,1.906,1.906
Jakob Poeltl,319,5,134.38333333333335,0.15,2.234,2.234,0.963,1.271,1.6,0.634,0.634
Caleb Love,443,19,1033.2823129251701,0.228,-2.46,-2.46,-1.794,-0.666,-3.1,0.64,0.64
Derrick Jones Jr.,175,22,1349.5166666666669,0.144,3.635,3.635,2.083,1.552,-0.7,4.335,4.335
Ausar Thompson,145,8,429.2076923076923,0.168,5.617,5.617,2.003,3.614,3.1,2.517,2.517
Harrison Barnes,374,30,107.83333333333333,0.144,2.454,2.454,1.459,0.995,-0.1,2.554,2.554
Egor Dëmin,236,2,1358.5500000000002,0.182,-0.886,-0.886,-0.537,-0.349,,,
Cam Spencer,115,28,1928.7375,0.166,-0.068,-0.068,0.665,-0.733,2.2,-2.268,-2.268
Precious Achiuwa,471,25,1793.0136986301368,0.172,-0.061,-0.061,0.386,-0.447,-1.6,1.539,1.539
Neemias Queta,55,1,152.05,0.145,5.841,5.841,1.933,3.908,2.8,3.041,3.041
Royce O'Neale,251,24,97.41666666666667,0.139,-2.337,-2.337,-1.884,-0.453,0.7,-3.037,-3.037
Marvin Bagley III,349,15,826.8447368421052,0.18,-0.205,-0.205,0.891,-1.096,1.0,-1.205,-1.205
Jalen Smith,140,6,1157.4037735849058,0.183,3.885,3.885,2.829,1.056,-0.7,4.585,4.585
Jaden Hardy,370,26,629.5343137254903,0.239,-1.914,-1.914,-0.506,-1.408,-5.7,3.786,3.786
Jordan Miller,479,22,1368.9427777777778,0.177,1.348,1.348,1.292,0.056,0.2,1.148,1.148
Rob Dillingham,300,17,474.8828571428571,0.218,-2.256,-2.256,-2.545,0.289,-6.8,4.544,4.544
Obi Toppin,407,9,511.9909722222223,0.241,0.252,0.252,1.545,-1.293,3.0,-2.748,-2.748
Will Riley,354,15,1764.864864864865,0.196,-4.29,-4.29,-1.507,-2.783,-4.5,0.21,0.21
Tari Eason,43,27,1678.2458333333334,0.181,2.436,2.436,0.443,1.993,-1.6,4.036,4.036
Khris Middleton,344,15,948.5794117647058,0.198,-2.634,-2.634,-0.14,-2.494,-4.9,2.266,2.266
Tristan da Silva,199,14,107.31666666666666,0.16,1.932,1.932,0.194,1.738,-0.6,2.532,2.532
Taylor Hendricks,167,20,641.3080808080808,0.157,-2.773,-2.773,-1.584,-1.189,-1.5,-1.273,-1.273
Jay Huff,410,9,1719.2333333333331,0.178,0.359,0.359,-1.013,1.372,0.4,-0.041,-0.041
Kristaps Porziņģis,306,21,616.7777777777777,0.265,3.342,3.342,1.725,1.617,-0.2,3.542,3.542
Landry Shamet,88,3,110.36666666666667,0.151,2.914,2.914,0.597,2.317,-0.3,3.214,3.214
GG Jackson,118,28,1584.6539393939395,0.23,-0.488,-0.488,0.229,-0.717,,,
Isaiah Collier,463,20,1902.5734463276838,0.204,-5.154,-5.154,-1.794,-3.36,-2.4,-2.754,-2.754
Daniel Gafford,461,26,1237.9536363636362,0.151,-0.634,-0.634,-1.466,0.832,0.7,-1.334,-1.334
Taurean Prince,338,10,611.3166666666667,0.157,0.243,0.243,1.167,-0.924,-3.1,3.343,3.343
Jusuf Nurkić,168,20,1294.3768292682928,0.186,-1.323,-1.323,-1.065,-0.258,1.1,-2.423,-2.423
Guerschon Yabusele,85,3,419.19796747967473,0.155,-2.607,-2.607,-1.913,-0.694,-1.3,-1.307,-1.307
Luke Kennard,311,11,1025.5434782608695,0.131,0.706,0.706,0.916,-0.21,-0.4,1.106,1.106
Sam Hauser,54,1,164.15,0.141,4.809,4.809,3.066,1.743,0.6,4.209,4.209
Isaiah Stewart,150,8,171.44615384615383,0.164,1.846,1.846,-0.115,1.961,0.0,1.846,1.846
Marcus Smart,6,23,1883.1467741935485,0.151,4.234,4.234,1.876,2.358,-2.2,6.434,6.434
Micah Potter,521,9,1004.9460992907802,0.174,-0.218,-0.218,-0.026,-0.192,0.7,-0.918,-0.918
Isaiah Hartenstein,28,18,1185.8695035460992,0.153,6.014,6.014,1.491,4.523,4.2,1.814,1.814
Javon Small,113,28,910.8841463414634,0.183,-0.519,-0.519,0.219,-0.738,1.0,-1.519,-1.519
Kobe Brown,187,22,433.235294117647,0.154,-2.218,-2.218,-0.528,-1.69,-2.8,0.582,0.582
Corey Kispert,352,11,65.0,0.179,-3.392,-3.392,-2.045,-1.347,-2.3,-1.092,-1.092
Aaron Wiggins,32,18,46.38095238095238,0.194,1.94,1.94,-0.734,2.674,-0.9,2.84,2.84
Day'Ron Sharpe,237,2,1178.6758064516127,0.19,2.159,2.159,0.79,1.369,1.4,0.759,0.759
Herbert Jones,122,29,1645.1458333333333,0.153,0.053,0.053,-0.583,0.636,-3.1,3.153,3.153
Daeqwon Plowden,272,25,1055.4791666666667,0.157,-3.355,-3.355,-0.457,-2.898,-4.4,1.045,1.045
Cason Wallace,29,18,184.55,0.141,5.442,5.442,0.787,4.655,1.2,4.242,4.242
Ziaire Williams,235,2,1555.8238095238094,0.179,-1.366,-1.366,-2.627,1.261,-1.7,0.334,0.334
Keegan Murray,493,25,1310.3115942028985,0.182,-1.845,-1.845,-1.627,-0.218,-3.1,1.255,1.255
Daniss Jenkins,155,8,305.39743589743586,0.209,2.595,2.595,-0.335,2.93,-0.7,3.295,3.295
Jordan Poole,123,29,1507.5576923076924,0.235,-2.906,-2.906,-1.717,-1.189,-3.5,0.594,0.594
Nique Clifford,260,25,1957.1933333333334,0.167,-0.638,-0.638,-0.513,-0.125,-4.9,4.262,4.262
Zaccharie Risacher,304,11,45.43333333333333,0.168,0.039,0.039,-0.651,0.69,-2.5,2.539,2.539
T.J. McConnell,482,9,1100.0190476190476,0.227,-0.09,-0.09,0.838,-0.928,2.5,-2.59,-2.59
Ronald Holland II,152,8,90.41666666666666,0.184,2.035,2.035,-1.705,3.74,,,
Jake LaRavia,7,23,142.33333333333331,0.138,0.697,0.697,0.953,-0.256,-1.2,1.897,1.897
Jordan Goodwin,256,24,4.983333333333333,0.167,3.162,3.162,0.648,2.514,1.8,1.362,1.362
Isaac Okoro,132,6,1910.1253968253968,0.137,-2.134,-2.134,-0.579,-1.555,-3.8,1.666,1.666
Danny Wolf,243,2,1291.3040935672516,0.201,-1.156,-1.156,-1.966,0.81,-2.5,1.344,1.344
Jaden Ivey,495,8,554.7833333333333,0.192,-0.058,-0.058,-1.744,1.686,0.1,-0.158,-0.158
Collin Murray-Boyles,436,5,1289.3397660818712,0.15,2.402,2.402,-0.102,2.504,1.0,1.402,1.402
Kentavious Caldwell-Pope,106,28,1130.2509803921569,0.173,-0.563,-0.563,-0.544,-0.019,-2.5,1.937,1.937
Jonas Valančiūnas,395,16,37.5,0.26,-0.692,-0.692,-0.189,-0.503,0.0,-0.692,-0.692
Davion Mitchell,207,13,2314.632857142857,0.137,2.076,2.076,1.353,0.723,-0.9,2.976,2.976
Vít Krejčí,315,19,20.479166666666664,0.142,0.069,0.069,-0.691,0.76,-2.4,2.469,2.469
Nolan Traore,242,2,1376.639880952381,0.224,-3.043,-3.043,-1.362,-1.681,,,
Quenton Jackson,439,9,1025.6190476190477,0.2,0.169,0.169,-0.267,0.436,-1.8,1.969,1.969
Olivier-Maxence Prosper,111,28,1224.8603773584907,0.183,-2.821,-2.821,-0.789,-2.032,-0.1,-2.721,-2.721
Bruce Brown,393,16,116.18333333333332,0.142,-0.022,-0.022,-0.146,0.124,-2.4,2.378,2.378
Draymond Green,15,21,1978.8705882352942,0.158,-0.676,-0.676,-1.805,1.129,-1.4,0.724,0.724
Nick Richards,253,24,461.7928571428572,0.176,-2.778,-2.778,-2.036,-0.742,-5.8,3.022,3.022
Al Horford,20,21,1033.8133333333333,0.163,0.465,0.465,0.288,0.177,1.6,-1.135,-1.135
Keon Ellis,268,7,109.60833333333333,0.129,-0.196,-0.196,-0.898,0.702,1.1,-1.296,-1.296
Luguentz Dort,26,18,199.83333333333334,0.139,3.621,3.621,0.717,2.904,-2.0,5.621,5.621
Brook Lopez,182,22,1787.909777777778,0.171,2.647,2.647,1.255,1.392,-0.9,3.547,3.547
Gui Santos,21,21,1662.1676470588234,0.181,1.035,1.035,0.103,0.932,-0.6,1.635,1.635
Scoot Henderson,284,19,1395.9555555555557,0.246,1.145,1.145,0.13,1.015,-2.2,3.345,3.345
Jordan Clarkson,89,3,130.46666666666664,0.203,0.679,0.679,-0.489,1.168,-3.3,3.979,3.979
Dominick Barlow,68,4,116.78333333333333,0.125,1.453,1.453,-0.288,1.741,-1.1,2.553,2.553
Bones Hyland,298,17,139.1,0.197,3.108,3.108,1.338,1.77,1.7,1.408,1.408
Cody Williams,170,20,1898.2522388059701,0.159,-3.798,-3.798,-1.116,-2.682,-5.5,1.702,1.702
Moussa Diabaté,224,12,2003.0547945205483,0.112,4.471,4.471,2.987,1.484,1.7,2.771,2.771
Walter Clayton Jr.,169,20,901.3333333333331,0.181,-4.025,-4.025,-1.418,-2.607,,,
Cam Whitmore,351,15,438.3063492063492,0.225,-5.188,-5.188,-2.242,-2.946,-3.3,-1.888,-1.888
LJ Cryer,529,21,324.61111111111114,0.196,0.089,0.089,-0.547,0.636,-4.7,4.789,4.789
Simone Fontecchio,210,13,1356.807857142857,0.184,2.255,2.255,0.54,1.715,0.5,1.755,1.755
Jose Alvarado,129,3,90.14814814814815,0.167,0.525,0.525,-1.071,1.596,0.9,-0.375,-0.375
Ryan Kalkbrenner,219,12,1500.6038647342993,0.113,-0.229,-0.229,-1.71,1.481,1.8,-2.029,-2.029
Kris Dunn,181,22,2230.0333333333333,0.122,1.082,1.082,0.398,0.684,-0.8,1.882,1.882
Justin Champagnie,353,15,1636.9893719806762,0.161,-0.674,-0.674,0.495,-1.169,-0.4,-0.274,-0.274
Ja'Kobe Walter,425,5,1514.5162037037035,0.136,1.593,1.593,-0.296,1.889,-0.3,1.893,1.893
Josh Minott,59,1,716.8181818181818,0.162,1.186,1.186,-0.634,1.82,3.0,-1.814,-1.814
Caris LeVert,151,8,232.40000000000003,0.178,0.46,0.46,-2.089,2.549,-0.4,0.86,0.86
Gary Trent Jr.,329,10,1568.116923076923,0.167,-3.631,-3.631,-1.308,-2.323,-5.4,1.769,1.769
Jaxson Hayes,8,23,162.71666666666664,0.124,1.918,1.918,1.068,0.85,1.2,0.718,0.718
Chaney Johnson,526,2,408.92156862745094,0.16,-0.656,-0.656,-0.475,-0.181,0.1,-0.756,-0.756
Luka Garza,62,1,59.18333333333333,0.168,3.295,3.295,2.881,0.414,2.4,0.895,0.895
Ben Saraf,234,2,999.6181818181817,0.202,-3.482,-3.482,-2.916,-0.566,-7.3,3.818,3.818
Javonte Green,154,8,168.1909090909091,0.143,3.569,3.569,-0.779,4.348,2.1,1.469,1.469
Buddy Hield,18,11,212.0452380952381,0.192,-1.434,-1.434,-0.534,-0.9,-1.0,-0.434,-0.434
Quinten Post,23,21,1314.9512437810945,0.183,1.95,1.95,0.766,1.184,-1.1,3.05,3.05
Gary Payton II,19,21,1267.4650684931507,0.177,1.801,1.801,0.953,0.848,1.9,-0.099,-0.099
Cameron Payne,545,4,408.3636363636364,0.183,-1.401,-1.401,-1.065,-0.336,0.3,-1.701,-1.701
Jaylin Williams,31,18,107.5,0.153,4.268,4.268,-0.095,4.363,2.7,1.568,1.568
Patrick Williams,139,6,1514.7388888888888,0.159,-3.725,-3.725,-3.493,-0.232,-4.5,0.775,0.775
Sharife Cooper,358,15,853.6585365853659,0.197,-3.025,-3.025,-0.48,-2.545,-3.9,0.875,0.875
Jevon Carter,142,14,38.5,0.166,-2.67,-2.67,-1.751,-0.919,-1.1,-1.57,-1.57
Tristan Vukcevic,356,15,903.795918367347,0.259,-3.403,-3.403,-2.08,-1.323,0.0,-3.403,-3.403
Jamal Shead,325,5,1852.283333333333,0.149,3.08,3.08,0.666,2.414,-2.3,5.38,5.38
Ben Sheppard,409,9,1497.4256410256407,0.131,-1.675,-1.675,-0.943,-0.732,-3.0,1.325,1.325
Kobe Sanders,186,22,1510.4068627450981,0.155,0.18,0.18,-0.155,0.335,-2.9,3.08,3.08
Vince Williams Jr.,452,20,83.5,0.19,2.447,2.447,-0.343,2.79,-0.9,3.347,3.347
Luke Kornet,378,30,180.66666666666669,0.1,3.195,3.195,1.519,1.676,3.6,-0.405,-0.405
Oso Ighodaro,246,24,1808.4,0.12,1.612,1.612,-0.339,1.951,0.1,1.512,1.512
Terance Mann,230,2,1723.1962962962962,0.133,-1.03,-1.03,-0.219,-0.811,-3.4,2.37,2.37
Isaiah Jackson,404,22,349.7137254901961,0.152,0.515,0.515,-0.216,0.731,2.6,-2.085,-2.085
Bryce McGowens,423,29,1110.3920634920635,0.136,-0.733,-0.733,0.88,-1.613,-2.8,2.067,2.067
D'Angelo Russell,366,26,799.2653846153847,0.261,-0.215,-0.215,-0.872,0.657,-2.3,2.085,2.085
Jamir Watkins,449,15,1197.3326666666665,0.148,-0.537,-0.537,-0.561,0.024,-3.3,2.763,2.763
Paul Reed,153,8,135.82916666666665,0.2,5.587,5.587,0.799,4.788,5.3,0.287,0.287
Pat Spencer,25,21,1489.6565656565656,0.185,-0.892,-0.892,-0.243,-0.649,-2.3,1.408,1.408
Julian Strawther,400,16,54.64999999999999,0.187,-0.599,-0.599,-0.257,-0.342,-2.3,1.701,1.701
Drake Powell,241,2,1445.1666666666667,0.149,-5.134,-5.134,-4.272,-0.862,-6.0,0.866,0.866
Ryan Nembhard,367,26,1307.486388888889,0.173,-0.313,-0.313,-0.217,-0.096,-4.1,3.787,3.787
Mitchell Robinson,456,3,144.5,0.102,3.81,3.81,1.057,2.753,3.5,0.31,0.31
Kenrich Williams,505,18,21.91111111111111,0.178,-0.295,-0.295,-1.191,0.896,0.2,-0.495,-0.495
Svi Mykhailiuk,163,20,1895.2113333333332,0.143,-0.513,-0.513,0.923,-1.436,-1.7,1.187,1.187
Ethan Thompson,509,9,796.1078125,0.154,1.638,1.638,-0.009,1.647,-4.9,6.538,6.538
Dean Wade,98,7,330.9384615384615,0.097,5.3,5.3,3.267,2.033,0.2,5.1,5.1
Jonathan Kuminga,14,21,1023.7225000000001,0.226,2.528,2.528,-0.204,2.732,0.1,2.428,2.428
Tyrese Martin,239,4,134.36111111111111,0.178,-2.02,-2.02,-1.186,-0.834,-3.1,1.08,1.08
Trendon Watford,450,4,62.64761904761905,0.17,-3.021,-3.021,-2.355,-0.666,-1.9,-1.121,-1.121
Yves Missi,121,29,1355.9719696969696,0.122,0.804,0.804,-0.353,1.157,-1.7,2.504,2.504
Alex Caruso,33,18,1147.89375,0.152,5.969,5.969,0.408,5.561,1.9,4.069,4.069
Ryan Dunn,245,24,33.78333333333333,0.136,1.586,1.586,-0.871,2.457,-0.9,2.486,2.486
Gradey Dick,324,5,9.333333333333332,0.176,1.593,1.593,-0.885,2.478,-3.6,5.193,5.193
Will Richard,22,21,1636.1971014492754,0.123,-1.028,-1.028,-1.218,0.19,-1.7,0.672,0.672
Sion James,223,12,1843.3500000000001,0.109,0.528,0.528,-0.502,1.03,-2.0,2.528,2.528
Karlo Matković,446,29,970.5725806451613,0.128,0.346,0.346,-1.644,1.99,0.7,-0.354,-0.354
Killian Hayes,552,25,423.16521739130434,0.179,-0.81,-0.81,-2.044,1.234,-6.0,5.19,5.19
John Konchar,116,28,593.9305555555555,0.09,0.23,0.23,-1.345,1.575,0.0,0.23,0.23
Baylor Scheierman,64,1,99.26666666666668,0.117,2.625,2.625,0.62,2.005,0.6,2.025,2.025
Tyson Etienne,419,2,585.8590277777778,0.198,-2.365,-2.365,-1.014,-1.351,-2.8,0.435,0.435
Johnny Furphy,413,9,643.0666666666667,0.125,-0.318,-0.318,-0.248,-0.07,-3.7,3.382,3.382
Steven Adams,40,27,844.4864583333333,0.116,3.997,3.997,0.296,3.701,-0.5,4.497,4.497
Dru Smith,211,13,1288.0761904761907,0.142,0.377,0.377,-1.826,2.203,2.2,-1.823,-1.823
Robert Williams III,288,19,1367.0960451977403,0.129,3.029,3.029,-0.419,3.448,,,
Spencer Jones,396,16,1549.6432291666665,0.097,0.406,0.406,0.009,0.397,-2.4,2.806,2.806
Nick Smith Jr.,438,23,30.27777777777778,0.212,-0.558,-0.558,-0.388,-0.17,-4.7,4.142,4.142
Andre Drummond,76,4,141.73333333333332,0.143,0.743,0.743,-0.311,1.054,-0.6,1.343,1.343
Sidy Cissoko,444,19,32.6875,0.123,-0.724,-0.724,-1.804,1.08,-4.0,3.276,3.276
Grant Williams,464,12,988.125,0.132,4.314,4.314,1.633,2.681,1.6,2.714,2.714
Cole Anthony,337,10,722.2171428571429,0.244,-2.272,-2.272,-1.909,-0.363,-4.7,2.428,2.428
Tidjane Salaün,225,12,699.8108108108107,0.147,-0.481,-0.481,-0.775,0.294,-0.8,0.319,0.319
Terrence Shannon Jr.,295,17,612.7279069767443,0.171,-2.341,-2.341,-0.357,-1.984,-3.6,1.259,1.259
Kasparas Jakučionis,473,13,1194.1801886792452,0.129,0.658,0.658,0.189,0.469,-0.4,1.058,1.058
Nae'Qwan Tomlin,104,7,25.608333333333334,0.151,2.257,2.257,0.41,1.847,-2.1,4.357,4.357
Nikola Jović,204,13,1203.4290780141846,0.203,-0.467,-0.467,-2.262,1.795,-3.5,3.033,3.033
Jahmai Mashack,491,28,868.5591397849462,0.156,-4.455,-4.455,-2.929,-1.526,-7.0,2.545,2.545
Justin Edwards,75,4,133.7722222222222,0.154,-1.052,-1.052,-0.57,-0.482,-1.3,0.248,0.248
Thomas Bryant,103,7,54.76666666666666,0.182,1.134,1.134,0.009,1.125,0.1,1.034,1.034
Goga Bitadze,198,14,97.14444444444443,0.128,2.388,2.388,0.344,2.044,2.8,-0.412,-0.412
Devin Carter,270,25,1326.0631578947368,0.226,-1.599,-1.599,-0.465,-1.134,-2.6,1.001,1.001
Oscar Tshiebwe,174,20,763.9691358024692,0.162,-1.187,-1.187,1.164,-2.351,-1.8,0.613,0.613
Jordan Walsh,66,1,88.7,0.114,2.506,2.506,1.289,1.217,0.2,2.306,2.306
Adem Bona,73,4,105.16000000000001,0.108,0.218,0.218,-1.403,1.621,-2.9,3.118,3.118
Jamaree Bouyea,490,24,9.5,0.184,0.922,0.922,-2.405,3.327,-0.4,1.322,1.322
Josh Okogie,46,27,1423.2256410256412,0.112,1.87,1.87,-0.248,2.118,-1.2,3.07,3.07
Kris Murray,282,19,25.150000000000002,0.103,1.487,1.487,-0.305,1.792,-1.5,2.987,2.987
Pete Nance,434,10,940.9787234042553,0.132,-0.849,-0.849,0.665,-1.514,-2.3,1.451,1.451
Josh Green,476,12,939.2758620689655,0.104,3.738,3.738,0.985,2.753,-0.7,4.438,4.438
Ochai Agbaji,322,5,711.9595238095237,0.142,-1.145,-1.145,-2.412,1.267,-2.7,1.555,1.555
Gabe Vincent,4,11,373.7416666666667,0.119,0.615,0.615,1.33,-0.715,-3.4,4.015,4.015
Jalen Wilson,240,2,1288.85,0.177,-2.634,-2.634,-1.696,-0.938,-5.6,2.966,2.966
Mouhamed Gueye,313,11,50.46666666666667,0.12,2.022,2.022,0.078,1.944,-1.3,3.322,3.322
Dylan Cardwell,269,25,1174.3295454545457,0.108,0.931,0.931,-0.893,1.824,-1.9,2.831,2.831
Jericho Sims,340,10,1593.2216417910447,0.095,-3.679,-3.679,-1.483,-2.196,-3.1,-0.579,-0.579
Jett Howard,200,14,20.650000000000002,0.166,-1.614,-1.614,0.511,-2.125,-1.8,0.186,0.186
Tre Mann,226,12,920.7182389937108,0.231,-5.372,-5.372,-3.637,-1.735,-5.3,-0.072,-0.072
Elijah Harkless,172,20,942.951923076923,0.162,-0.089,-0.089,0.027,-0.116,-5.6,5.511,5.511
Craig Porter Jr.,100,7,25.608333333333334,0.119,2.121,2.121,0.525,1.596,2.0,0.121,0.121
Aaron Holiday,51,27,66.71666666666667,0.159,1.967,1.967,-0.764,2.731,-2.4,4.367,4.367
Anthony Gill,357,15,1417.7800000000002,0.116,-3.901,-3.901,-1.564,-2.337,-2.6,-1.301,-1.301
Jamal Cain,432,14,680.3766666666667,0.159,1.291,1.291,1.443,-0.152,-1.4,2.691,2.691
Nicolas Batum,184,22,1364.595945945946,0.092,-0.007,-0.007,-0.258,0.251,-1.0,0.993,0.993
E.J. Liddell,420,2,523.775,0.168,-0.299,-0.299,-0.341,0.042,-3.3,3.001,3.001
Jarred Vanderbilt,9,23,96.72857142857144,0.119,0.917,0.917,0.504,0.413,-1.5,2.417,2.417
Hugo González,63,1,32.8125,0.114,3.826,3.826,0.736,3.09,-1.5,5.326,5.326
Kevin Love,173,20,1159.382882882883,0.161,-0.808,-0.808,1.689,-2.497,0.2,-1.008,-1.008
Marcus Sasser,513,8,107.61333333333333,0.197,4.503,4.503,0.994,3.509,-1.7,6.203,6.203
Mike Conley,296,17,1285.061728395062,0.113,3.385,3.385,2.306,1.079,-1.3,4.685,4.685
Moussa Cisse,372,26,696.8201754385965,0.136,2.206,2.206,-0.428,2.634,-2.9,5.106,5.106
Lonzo Ball,99,7,977.2419047619047,0.13,0.481,0.481,-1.463,1.944,-1.1,1.581,1.581
Clint Capela,45,27,32.675000000000004,0.133,3.736,3.736,-0.436,4.172,0.4,3.336,3.336
Jaylen Clark,297,17,104.56111111111112,0.126,3.246,3.246,0.987,2.259,-2.4,5.646,5.646
Micah Peavy,130,29,1167.42131147541,0.135,-0.53,-0.53,-0.432,-0.098,-5.2,4.67,4.67
Taelon Peter,408,9,647.6754385964912,0.159,-2.621,-2.621,-3.115,0.494,-4.6,1.979,1.979
Caleb Martin,371,26,1018.6224137931033,0.122,-2.701,-2.701,-2.713,0.012,-2.2,-0.501,-0.501
Amir Coffey,339,24,6.2,0.117,-0.345,-0.345,-1.598,1.253,-0.5,0.155,0.155
Kyle Anderson,171,17,83.71458333333334,0.131,-0.273,-0.273,-1.583,1.31,1.6,-1.873,-1.873
Jalen Pickett,399,16,12.55,0.148,-0.011,-0.011,-0.613,0.602,-2.3,2.289,2.289
Jordan Hawkins,126,29,1112.6006535947713,0.175,-4.003,-4.003,-2.744,-1.259,-6.2,2.197,2.197
Kam Jones,516,9,899.5378378378377,0.141,-3.407,-3.407,-2.089,-1.318,-6.2,2.793,2.793
Rasheer Fleming,255,24,18.3,0.159,3.748,3.748,0.303,3.445,-3.8,7.548,7.548
Drew Eubanks,261,25,946.7428571428571,0.161,-4.012,-4.012,-3.349,-0.663,-3.7,-0.312,-0.312
Bogdan Bogdanović,189,22,1139.9942028985508,0.185,-0.471,-0.471,-0.629,0.158,-3.1,2.629,2.629
Tyus Jones,195,16,166.63636363636363,0.103,-0.579,-0.579,-0.398,-0.181,-1.7,1.121,1.121
Noah Penda,201,14,20.650000000000002,0.14,-1.432,-1.432,-1.126,-0.306,-1.5,0.068,0.068
Jeremy Sochan,469,3,180.04999999999998,0.141,-1.349,-1.349,-2.129,0.78,-3.0,1.651,1.651
Dwight Powell,368,26,1162.8214285714287,0.084,0.027,0.027,-0.675,0.702,-1.4,1.427,1.427
Dorian Finney-Smith,48,27,74.05,0.104,-0.017,-0.017,-2.181,2.164,-4.3,4.283,4.283
Matisse Thybulle,283,19,66.3125,0.144,4.261,4.261,-1.547,5.808,4.4,-0.139,-0.139
Rayan Rupert,287,19,673.4972222222223,0.148,-5.615,-5.615,-4.163,-1.452,-5.1,-0.515,-0.515
Zeke Nnaji,398,16,57.2,0.136,-3.114,-3.114,-3.352,0.238,-3.5,0.386,0.386
Larry Nance Jr.,101,7,30.225,0.137,-1.535,-1.535,-2.892,1.357,-3.4,1.865,1.865
Doug McDermott,271,25,1241.8758620689655,0.146,-2.742,-2.742,-1.76,-0.982,-4.4,1.658,1.658
Gary Harris,341,10,936.0861111111111,0.082,-1.616,-1.616,-0.652,-0.964,-2.5,0.884,0.884
Kevon Looney,458,29,1127.5,0.096,-1.56,-1.56,-1.705,0.145,-1.8,0.24,0.24
