player_name,team,minutes,BPR_z,consensus_z,divergence,BPR,BPM,LEBRON,RAPTOR_total,PER
Nikola Jokić,DEN,2265.0,1.019,4.461,-3.442,5.74,14.2,7.367,14.572,32.3
Luka Dončić,LAL,2289.0,-0.582,2.833,-3.414,-1.848,9.3,5.176,6.383,27.9
Reed Sheppard,HOU,2147.0,-2.717,0.224,-2.941,-11.973,2.7,-1.786,,15.7
Nique Clifford,SAC,1882.0,1.942,-0.993,2.934,10.116,-4.9,-1.112,,9.0
Ace Bailey,UTA,1988.0,-3.799,-0.982,-2.817,-17.1,-4.4,-2.455,,11.6
Gary Payton II,GSW,1142.0,-1.606,1.176,-2.782,-6.703,1.9,1.664,6.022,18.3
Jalen Brunson,NYK,2590.0,-1.399,1.108,-2.506,-5.722,3.1,2.077,2.116,20.1
Kawhi Leonard,LAC,2085.0,0.46,2.959,-2.499,3.089,8.0,5.041,,27.9
Kristaps Porziņģis,ATL,413.0,-1.251,1.245,-2.496,-5.021,3.7,2.679,1.86,20.6
Davion Mitchell,MIA,2000.0,2.163,-0.245,2.408,11.167,-0.9,-0.086,-1.213,12.1
Kevin Durant,HOU,2840.0,-0.844,1.518,-2.362,-3.092,4.5,2.377,4.502,21.1
Shaedon Sharpe,POR,1471.0,-2.489,-0.148,-2.341,-10.89,-1.4,-1.205,,15.3
Javon Small,MEM,830.0,-2.01,0.316,-2.326,-8.618,1.0,-0.414,,16.1
Jalen Duren,DET,1976.0,0.029,2.307,-2.278,1.046,5.0,3.992,,26.1
Yang Hansen,POR,300.0,-0.443,-2.626,2.184,-1.188,-9.5,,,3.7
Hugo González,BOS,1084.0,1.817,-0.355,2.172,9.524,-1.5,-0.132,,10.2
Gradey Dick,TOR,1067.0,1.187,-0.969,2.155,6.536,-3.6,-2.484,,10.7
P.J. Washington,DAL,1736.0,1.834,-0.305,2.139,9.606,-1.6,-0.465,-1.318,13.1
Jalen Wilson,BRK,859.0,0.777,-1.328,2.104,4.592,-5.6,-2.422,,8.7
Micah Peavy,NOP,913.0,0.986,-1.118,2.103,5.584,-5.2,-1.327,,8.3
Ja'Kobe Walter,TOR,1474.0,-2.318,-0.215,-2.103,-10.082,-0.3,-0.758,,11.8
Jaylon Tyson,CLE,1777.0,2.397,0.302,2.094,12.273,0.1,0.604,,14.8
Isaac Okoro,CHI,1695.0,1.221,-0.867,2.089,6.701,-3.8,-2.212,-0.821,9.8
Ethan Thompson,IND,653.0,1.04,-1.029,2.069,5.842,-4.9,-1.015,,8.3
Toby Okani,MEM,217.0,-0.202,-2.256,2.054,-0.049,-10.7,-2.549,,4.1
Domantas Sabonis,SAC,564.0,-1.161,0.855,-2.016,-4.595,0.6,1.147,3.655,19.2
Tari Eason,HOU,1549.0,1.896,-0.112,2.008,9.901,-1.6,0.136,,12.9
Miles McBride,NYK,1080.0,2.227,0.233,1.993,11.468,1.2,0.971,0.077,13.1
Trae Young,ATL,280.0,-1.027,0.958,-1.985,-3.959,1.8,0.928,3.666,19.8
Christian Braun,DEN,1399.0,1.808,-0.174,1.983,9.484,-1.2,-0.326,,12.6
Simone Fontecchio,MIA,1173.0,2.058,0.091,1.967,10.67,0.5,-0.386,,13.8
Donte DiVincenzo,MIN,2494.0,1.997,0.041,1.956,10.379,0.8,0.556,-0.751,12.5
Jaylen Wells,MEM,1821.0,1.48,-0.456,1.936,7.928,-3.1,-0.599,-0.345,11.5
Pascal Siakam,IND,2057.0,2.574,0.641,1.933,13.115,0.7,0.951,1.718,18.6
Kel'el Ware,MIA,1704.0,-0.974,0.951,-1.925,-3.706,2.1,0.796,,20.0
Craig Porter Jr.,CLE,1148.0,-1.253,0.64,-1.894,-5.032,2.0,1.802,,13.7
Kris Dunn,LAC,2230.0,1.678,-0.212,1.889,8.864,-0.8,0.452,-1.235,11.3
Luke Kornet,SAS,1430.0,-0.919,0.968,-1.887,-3.445,3.6,0.875,,17.9
Derik Queen,NOP,2023.0,-1.715,0.087,-1.802,-7.221,-0.8,-0.512,,15.9
Ryan Dunn,PHO,1355.0,1.626,-0.17,1.796,8.62,-0.9,-0.102,,11.7
Paul George,PHI,1135.0,-0.775,1.002,-1.777,-2.765,1.7,1.746,5.092,16.7
Klay Thompson,DAL,1497.0,1.157,-0.61,1.767,6.397,-1.4,-2.461,-0.771,11.4
Ajay Mitchell,OKC,1473.0,2.725,0.972,1.753,13.829,1.9,2.391,,16.8
Grayson Allen,PHO,1467.0,-1.32,0.42,-1.739,-5.346,2.1,0.496,0.145,16.1
Bub Carrington,WAS,2271.0,-3.435,-1.702,-1.734,-15.377,-4.7,-5.555,,9.9
Cody Williams,UTA,1631.0,0.366,-1.351,1.717,2.646,-5.5,-2.994,,9.6
Julian Champagnie,SAS,2266.0,2.028,0.344,1.684,10.524,1.4,1.54,0.288,13.1
Brandon Williams,DAL,1463.0,-1.657,-0.004,-1.654,-6.947,0.4,1.036,-4.638,16.8
Rasheer Fleming,PHO,673.0,0.805,-0.813,1.618,4.729,-3.8,-1.284,,10.2
Jusuf Nurkić,UTA,1083.0,-0.952,0.658,-1.61,-3.603,1.1,0.864,3.184,16.4
Robert Williams,POR,1008.0,-0.168,1.435,-1.603,0.116,4.5,1.861,3.656,22.1
Tristan Vukcevic,WAS,671.0,-1.336,0.264,-1.6,-5.423,0.0,-0.821,,17.8
Giannis Antetokounmpo,MIL,1039.0,1.652,3.252,-1.6,8.741,9.5,5.133,8.067,32.6
Maxi Kleber,LAL,461.0,0.659,-0.938,1.597,4.035,-3.9,-2.503,0.074,8.1
Cedric Coward,MEM,1598.0,1.57,-0.012,1.582,8.356,-0.2,-1.173,,15.3
Ja Morant,MEM,569.0,-0.922,0.603,-1.525,-3.463,-1.5,1.478,3.936,16.6
Nae'Qwan Tomlin,CLE,1004.0,1.224,-0.3,1.525,6.714,-2.1,-0.61,,12.9
Collin Sexton,CHO,938.0,-1.509,-0.007,-1.502,-6.245,1.2,-0.867,-3.0,17.7
