player_name,team,minutes,USG_pct,bpr,z_bpr,z_consensus,divergence,abs_div,BPM,LEBRON,WS48,PER
Nikola Jokić,DEN,2265.0,30.4,5.19,1.363,4.346,-2.984,2.984,14.2,7.367,0.316,32.3
Kristaps Porziņģis,ATL,413.0,26.4,-4.163,-1.381,1.577,-2.958,2.958,3.7,2.679,0.179,20.6
Isaiah Jackson,LAC,270.0,16.5,-4.46,-1.468,1.345,-2.813,2.813,2.6,0.003,0.213,22.2
Kristaps Porziņģis,2TM,769.0,27.3,-4.163,-1.381,1.243,-2.624,2.624,1.9,2.679,0.148,19.6
Luka Dončić,LAL,2289.0,38.1,1.717,0.344,2.896,-2.552,2.552,9.3,5.176,0.199,27.9
Javon Small,MEM,830.0,19.0,-6.204,-1.98,0.381,-2.361,2.361,1.0,-0.414,0.112,16.1
Ty Jerome,MEM,339.0,32.7,0.558,0.004,2.299,-2.295,2.295,7.7,3.047,0.191,25.6
Kristaps Porziņģis,GSW,356.0,28.3,-4.163,-1.381,0.855,-2.236,2.236,-0.2,2.679,0.113,18.4
Collin Sexton,CHO,938.0,25.7,-5.092,-1.653,0.548,-2.201,2.201,1.2,-0.867,0.141,17.7
Collin Sexton,2TM,1614.0,25.9,-5.092,-1.653,0.382,-2.035,2.035,0.6,-0.867,0.117,17.4
Domantas Sabonis,SAC,564.0,23.0,-3.96,-1.321,0.679,-2.0,2.0,0.6,1.147,0.095,19.2
Gary Payton II,GSW,1142.0,18.4,-2.728,-0.96,1.028,-1.988,1.988,1.9,1.664,0.149,18.3
Rayan Rupert,MEM,495.0,17.7,-9.91,-3.067,-1.125,-1.942,1.942,-5.1,-3.363,0.041,11.0
Isaiah Jackson,2TM,908.0,16.2,-4.46,-1.468,0.441,-1.909,1.909,-1.2,0.003,0.139,17.3
Trae Young,2TM,384.0,28.1,-1.585,-0.625,1.266,-1.891,1.891,2.8,0.928,0.174,21.1
Jalen Duren,DET,1976.0,23.6,2.892,0.689,2.549,-1.86,1.86,5.0,3.992,0.266,26.1
Vít Krejčí,ATL,1028.0,14.3,-6.223,-1.985,-0.169,-1.816,1.816,-1.3,,0.103,11.3
Collin Sexton,CHI,676.0,26.2,-5.092,-1.653,0.156,-1.81,1.81,-0.2,-0.867,0.084,17.0
Jevon Carter,CHI,254.0,19.4,-6.629,-2.104,-0.321,-1.783,1.783,-1.0,-1.081,0.058,12.3
Luke Kornet,SAS,1430.0,10.3,-0.838,-0.406,1.373,-1.778,1.778,3.6,0.875,0.231,17.9
Shai Gilgeous-Alexander,OKC,2259.0,33.4,8.092,2.214,3.983,-1.769,1.769,11.7,6.661,0.323,30.8
Jock Landale,ATL,446.0,17.7,-3.814,-1.279,0.485,-1.764,1.764,0.1,0.04,0.141,16.0
Vít Krejčí,2TM,1392.0,14.6,-6.223,-1.985,-0.24,-1.746,1.746,-1.6,,0.099,11.1
Rayan Rupert,2TM,1072.0,15.0,-9.91,-3.067,-1.35,-1.717,1.717,-5.1,-3.363,0.026,8.2
Brandon Williams,DAL,1463.0,25.1,-3.747,-1.259,0.457,-1.716,1.716,0.4,1.036,0.083,16.8
Jock Landale,2TM,1506.0,18.3,-3.814,-1.279,0.425,-1.704,1.704,-0.1,0.04,0.122,16.6
Trae Young,ATL,280.0,28.8,-1.585,-0.625,1.062,-1.687,1.687,1.8,0.928,0.163,19.8
Ace Bailey,UTA,1988.0,21.4,-8.856,-2.758,-1.078,-1.68,1.68,-4.4,-2.455,-0.001,11.6
Jock Landale,MEM,1060.0,18.6,-3.814,-1.279,0.396,-1.674,1.674,-0.2,0.04,0.114,16.8
Derik Queen,NOP,2023.0,21.8,-5.126,-1.663,0.006,-1.669,1.669,-0.8,-0.512,0.063,15.9
Kevin Durant,HOU,2840.0,27.1,0.46,-0.025,1.634,-1.658,1.658,4.5,2.377,0.18,21.1
Jevon Carter,2TM,867.0,17.0,-6.629,-2.104,-0.448,-1.656,1.656,-1.1,-1.081,0.052,10.7
Kel'el Ware,MIA,1704.0,18.0,-1.13,-0.491,1.13,-1.621,1.621,2.1,0.796,0.175,20.0
Reed Sheppard,HOU,2147.0,21.7,-3.651,-1.231,0.384,-1.614,1.614,2.7,-1.786,0.131,15.7
Pete Nance,MIL,737.0,13.5,-6.622,-2.102,-0.495,-1.608,1.608,-2.3,-1.675,0.072,11.6
Jevon Carter,ORL,613.0,16.0,-6.629,-2.104,-0.497,-1.607,1.607,-1.1,-1.081,0.05,10.0
Giannis Antetokounmpo,MIL,1039.0,37.0,6.372,1.709,3.313,-1.604,1.604,9.5,5.133,0.231,32.6
Jalen Brunson,NYK,2590.0,30.4,-0.238,-0.23,1.348,-1.577,1.577,3.1,2.077,0.163,20.1
Myron Gardner,MIA,411.0,15.0,-2.33,-0.843,0.706,-1.549,1.549,0.9,,0.163,15.2
Vít Krejčí,POR,364.0,15.5,-6.223,-1.985,-0.446,-1.54,1.54,-2.4,,0.086,10.5
Cade Cunningham,DET,2172.0,30.5,2.837,0.672,2.208,-1.535,1.535,6.3,5.383,0.174,21.6
Grayson Allen,PHO,1467.0,23.8,-2.431,-0.873,0.661,-1.534,1.534,2.1,0.496,0.127,16.1
Isaiah Jackson,IND,638.0,16.0,-4.46,-1.468,0.063,-1.531,1.531,-2.7,0.003,0.107,15.2
Tristan Vukcevic,WAS,671.0,26.6,-4.313,-1.425,0.102,-1.527,1.527,0.0,-0.821,0.054,17.8
Rayan Rupert,POR,577.0,12.8,-9.91,-3.067,-1.54,-1.527,1.527,-5.1,-3.363,0.014,5.8
Kawhi Leonard,LAC,2085.0,33.5,5.103,1.337,2.824,-1.487,1.487,8.0,5.041,0.212,27.9
Mark Williams,PHO,1416.0,17.4,0.355,-0.056,1.387,-1.443,1.443,2.0,0.765,0.215,21.8
Jusuf Nurkić,UTA,1083.0,19.3,-2.968,-1.03,0.405,-1.435,1.435,1.1,0.864,0.068,16.4
James Harden,LAC,1559.0,31.2,0.59,0.013,1.441,-1.428,1.428,3.8,2.107,0.148,21.7
Daniel Gafford,DAL,1195.0,15.8,-1.083,-0.477,0.917,-1.395,1.395,0.7,0.836,0.167,18.8
Coby White,CHO,406.0,32.1,-0.858,-0.411,0.98,-1.391,1.391,2.9,-0.163,0.154,20.1
James Harden,2TM,2438.0,28.6,0.59,0.013,1.403,-1.39,1.39,3.9,2.107,0.151,20.7
Nikola Vučević,CHI,1480.0,21.5,-1.69,-0.656,0.724,-1.379,1.379,1.8,0.593,0.115,18.2
Jaxson Hayes,LAL,1207.0,13.0,-0.746,-0.379,0.993,-1.371,1.371,1.2,0.348,0.199,18.3
Robert Williams,POR,1008.0,13.1,1.919,0.403,1.756,-1.353,1.353,4.5,1.861,0.213,22.1
Nic Claxton,BRK,1920.0,17.7,-2.811,-0.984,0.367,-1.351,1.351,0.9,-1.35,0.121,17.6
Jakob Poeltl,TOR,1149.0,15.3,-1.099,-0.482,0.861,-1.343,1.343,1.6,-0.18,0.18,18.1
Nikola Vučević,2TM,1818.0,21.4,-1.69,-0.656,0.674,-1.329,1.329,1.5,0.593,0.116,17.7
James Harden,CLE,879.0,24.0,0.59,0.013,1.335,-1.322,1.322,4.0,2.107,0.158,18.9
Goga Bitadze,ORL,972.0,13.5,1.401,0.251,1.572,-1.32,1.32,2.8,2.229,0.218,20.1
Bub Carrington,WAS,2271.0,18.0,-9.608,-2.978,-1.67,-1.308,1.308,-4.7,-5.555,-0.009,9.9
Zach LaVine,SAC,1224.0,23.7,-5.054,-1.642,-0.341,-1.301,1.301,-1.5,-1.721,0.051,14.7
Karl-Anthony Towns,NYK,2322.0,25.9,2.13,0.465,1.751,-1.286,1.286,3.3,3.044,0.197,22.0
Will Riley,WAS,1633.0,20.2,-7.993,-2.504,-1.224,-1.28,1.28,-4.5,-4.031,0.012,12.1
Mitchell Robinson,NYK,1175.0,10.7,2.224,0.493,1.763,-1.27,1.27,3.5,2.234,0.236,21.1
Zion Williamson,NOP,1841.0,25.7,0.416,-0.038,1.231,-1.269,1.269,2.9,0.439,0.159,22.6
Ja'Kobe Walter,TOR,1474.0,14.0,-3.676,-1.238,0.012,-1.25,1.25,-0.3,-0.758,0.121,11.8
Taylor Hendricks,MEM,626.0,18.2,-5.053,-1.642,-0.397,-1.245,1.245,-1.5,-2.0,0.061,13.7
Joan Beringer,MIN,314.0,16.8,1.36,0.239,1.451,-1.212,1.212,0.4,,0.222,21.3
Craig Porter Jr.,CLE,1148.0,12.3,-1.333,-0.551,0.651,-1.202,1.202,2.0,1.802,0.116,13.7
Dejounte Murray,NOP,389.0,26.6,-1.341,-0.553,0.643,-1.196,1.196,1.4,1.561,0.072,18.1
Branden Carlson,OKC,488.0,18.9,-1.075,-0.475,0.715,-1.19,1.19,0.8,-0.321,0.171,17.7
Trayce Jackson-Davis,2TM,496.0,15.3,-1.667,-0.649,0.535,-1.184,1.184,-0.4,,0.138,16.6
Nikola Vučević,BOS,338.0,21.0,-1.69,-0.656,0.489,-1.145,1.145,0.2,0.593,0.124,15.8
Trayce Jackson-Davis,GSW,411.0,14.8,-1.667,-0.649,0.477,-1.126,1.126,-0.4,,0.136,16.0
Ryan Kalkbrenner,CHO,1479.0,11.6,-0.388,-0.274,0.841,-1.115,1.115,1.8,-0.503,0.185,17.9
Tre Jones,CHI,1752.0,19.2,0.19,-0.104,0.974,-1.078,1.078,1.3,1.229,0.157,18.7
Stephen Curry,GSW,1329.0,32.5,2.934,0.701,1.766,-1.065,1.065,5.4,3.143,0.147,22.6
Obi Toppin,IND,424.0,24.8,0.267,-0.081,0.979,-1.06,1.06,3.0,0.821,0.124,19.7
Bennedict Mathurin,LAC,729.0,27.8,-2.494,-0.891,0.162,-1.054,1.054,-2.1,-0.031,0.092,17.2
Taylor Hendricks,2TM,1118.0,16.2,-5.053,-1.642,-0.608,-1.034,1.034,-2.4,-2.0,0.049,12.2
Walter Clayton,UTA,811.0,17.2,-6.382,-2.032,-0.999,-1.033,1.033,-3.2,-2.68,0.019,10.4
Anthony Davis,DAL,626.0,27.5,0.628,0.024,1.058,-1.033,1.033,2.4,1.602,0.103,21.5
Shaedon Sharpe,POR,1471.0,30.5,-3.874,-1.296,-0.267,-1.03,1.03,-1.4,-1.205,0.041,15.3
Noah Clowney,BRK,1780.0,20.4,-6.173,-1.971,-0.949,-1.022,1.022,-3.4,-2.836,0.029,11.2
Kobe Brown,IND,668.0,15.2,-5.22,-1.691,-0.674,-1.017,1.017,-2.8,-2.938,0.07,12.4
Donovan Clingan,POR,2094.0,16.9,2.983,0.715,1.713,-0.998,0.998,3.0,3.407,0.197,20.9
Ivica Zubac,LAC,1328.0,19.0,-0.617,-0.341,0.645,-0.985,0.985,0.1,-0.136,0.146,18.8
Kobe Brown,2TM,963.0,15.6,-5.22,-1.691,-0.706,-0.985,0.985,-2.7,-2.938,0.066,12.0
Ousmane Dieng,OKC,295.0,14.9,-4.111,-1.366,-0.399,-0.967,0.967,-1.4,-1.62,0.098,10.0
Kobe Brown,LAC,295.0,16.6,-5.22,-1.691,-0.761,-0.93,0.93,-2.3,-2.938,0.056,11.2
Ivica Zubac,2TM,1446.0,19.2,-0.617,-0.341,0.571,-0.912,0.912,-0.3,-0.136,0.139,18.6
DeMar DeRozan,SAC,2406.0,22.8,-1.547,-0.614,0.287,-0.9,0.9,-0.1,-1.154,0.112,17.8
Walter Clayton,2TM,1410.0,18.5,-6.382,-2.032,-1.136,-0.896,0.896,-4.3,-2.68,0.009,10.3
Isaiah Joe,OKC,1507.0,18.4,0.636,0.027,0.923,-0.896,0.896,2.5,0.93,0.176,15.5
Oscar Tshiebwe,UTA,448.0,17.2,-0.717,-0.37,0.521,-0.891,0.891,-1.8,-0.345,0.141,20.2
Jonathan Isaac,ORL,521.0,12.4,-2.879,-1.004,-0.131,-0.874,0.874,-1.6,0.169,0.085,11.5
Khris Middleton,WAS,827.0,19.6,-5.333,-1.724,-0.856,-0.868,0.868,-4.0,-1.359,0.009,11.5
De'Andre Hunter,CLE,1125.0,22.9,-4.078,-1.356,-0.493,-0.863,0.863,-3.4,-0.754,0.056,12.1
Jamir Watkins,WAS,1032.0,15.1,-4.461,-1.468,-0.62,-0.848,0.848,-3.3,-1.392,0.049,11.8
Danny Wolf,BRK,1187.0,20.6,-4.059,-1.35,-0.507,-0.844,0.844,-2.5,-0.757,0.032,12.3
Josh Giddey,CHI,1731.0,24.4,-0.022,-0.166,0.671,-0.838,0.838,2.7,0.513,0.09,18.0
Cam Spencer,MEM,1714.0,17.2,0.142,-0.118,0.719,-0.837,0.837,2.2,-0.256,0.149,17.2
Santi Aldama,MEM,1198.0,20.2,-1.26,-0.529,0.3,-0.829,0.829,1.7,-0.9,0.092,16.3
Paul George,PHI,1135.0,23.3,0.366,-0.052,0.761,-0.813,0.813,1.7,1.746,0.108,16.7
Khris Middleton,2TM,1439.0,20.6,-5.333,-1.724,-0.928,-0.796,0.796,-4.4,-1.359,0.008,10.9
Marvin Bagley III,DAL,470.0,18.0,0.709,0.048,0.836,-0.788,0.788,1.0,-0.231,0.165,19.7
Alex Sarr,WAS,1305.0,25.7,-0.979,-0.447,0.34,-0.787,0.787,0.7,-0.347,0.059,19.4
Isaiah Stewart,DET,1317.0,16.6,-0.813,-0.398,0.384,-0.782,0.782,0.0,-0.527,0.149,15.2
Sion James,CHO,1843.0,11.0,-3.559,-1.204,-0.433,-0.77,0.77,-2.0,-0.276,0.08,8.3
LeBron James,LAL,1989.0,27.2,2.53,0.582,1.348,-0.765,0.765,3.5,2.491,0.131,20.8
Taylor Hendricks,UTA,492.0,13.5,-5.053,-1.642,-0.878,-0.765,0.765,-3.5,-2.0,0.034,10.2
Kyle Kuzma,MIL,1806.0,21.8,-3.71,-1.248,-0.484,-0.764,0.764,-2.3,-2.025,0.051,14.1
Ja Morant,MEM,569.0,32.5,-1.681,-0.653,0.107,-0.76,0.76,-1.5,1.478,0.024,16.6
Bennedict Mathurin,2TM,1620.0,25.2,-2.494,-0.891,-0.141,-0.751,0.751,-2.5,-0.031,0.062,14.7
Marvin Bagley III,2TM,1201.0,18.6,0.709,0.048,0.787,-0.739,0.739,0.8,-0.231,0.15,20.2
De'Andre Hunter,2TM,1176.0,22.9,-4.078,-1.356,-0.624,-0.732,0.732,-3.9,-0.754,0.044,11.4
Ariel Hukporti,NYK,498.0,10.9,-2.51,-0.896,-0.166,-0.73,0.73,-2.3,,0.115,11.9
T.J. McConnell,IND,963.0,23.2,1.243,0.205,0.926,-0.721,0.721,2.5,0.168,0.132,20.5
Jonas Valančiūnas,DEN,871.0,26.1,1.069,0.154,0.868,-0.714,0.714,0.0,-0.288,0.162,22.0
Khris Middleton,DAL,612.0,21.9,-5.333,-1.724,-1.01,-0.714,0.714,-4.9,-1.359,0.008,10.2
Ayo Dosunmu,MIN,694.0,19.0,-0.624,-0.343,0.366,-0.709,0.709,1.5,-1.198,0.132,15.6
Marvin Bagley III,WAS,731.0,19.0,0.709,0.048,0.755,-0.707,0.707,0.7,-0.231,0.14,20.5
Neemias Queta,BOS,1926.0,14.7,4.327,1.11,1.814,-0.704,0.704,2.8,3.696,0.224,20.3
Walter Clayton,MEM,599.0,20.1,-6.382,-2.032,-1.329,-0.703,0.703,-5.8,-2.68,-0.005,10.1
Isaiah Collier,UTA,1517.0,20.4,-3.477,-1.18,-0.477,-0.703,0.703,-2.4,-2.264,0.053,14.8
Ayo Dosunmu,2TM,1881.0,20.2,-0.624,-0.343,0.344,-0.687,0.687,1.0,-1.198,0.124,16.5
Ayo Dosunmu,CHI,1187.0,20.8,-0.624,-0.343,0.341,-0.683,0.683,0.8,-1.198,0.12,17.0
Sharife Cooper,WAS,700.0,20.0,-4.252,-1.407,-0.733,-0.674,0.674,-3.9,-2.442,0.041,13.8
Jett Howard,ORL,695.0,17.2,-3.018,-1.045,-0.406,-0.639,0.639,-1.8,-1.609,0.087,11.2
Luka Garza,BOS,1118.0,17.7,2.965,0.71,1.338,-0.628,0.628,2.4,0.646,0.226,19.9
Keyonte George,UTA,1786.0,27.9,-0.271,-0.239,0.382,-0.621,0.621,0.9,-0.645,0.088,18.5
Julius Randle,MIN,2610.0,26.5,0.978,0.127,0.746,-0.619,0.619,1.5,0.257,0.135,18.4
Jeremiah Fears,NOP,2112.0,25.5,-3.6,-1.216,-0.605,-0.611,0.611,-2.7,-1.468,0.015,13.8
Royce O'Neale,PHO,2213.0,14.3,-2.192,-0.803,-0.196,-0.607,0.607,0.7,-2.125,0.1,11.6
Moritz Wagner,ORL,427.0,24.3,-1.342,-0.553,0.052,-0.605,0.605,-2.2,-0.321,0.104,15.3
Anthony Edwards,MIN,2137.0,31.5,3.238,0.79,1.385,-0.595,0.595,4.5,1.285,0.147,21.8
Paolo Banchero,ORL,2502.0,27.6,0.628,0.024,0.613,-0.588,0.588,1.4,0.875,0.095,17.6
Blake Hinson,UTA,285.0,18.3,-0.76,-0.383,0.197,-0.58,0.58,-0.6,-0.959,0.112,16.5
Miles Bridges,CHO,2387.0,22.3,0.736,0.056,0.635,-0.578,0.578,1.1,0.843,0.13,16.0
Chet Holmgren,OKC,1997.0,21.9,6.065,1.619,2.182,-0.562,0.562,4.2,5.103,0.219,21.6
Drew Eubanks,SAC,552.0,16.3,-3.115,-1.074,-0.514,-0.56,0.56,-3.7,-1.264,0.053,13.6
Victor Wembanyama,SAS,1866.0,32.4,11.325,3.162,3.714,-0.552,0.552,10.7,7.647,0.257,29.9
Evan Mobley,CLE,2074.0,22.6,3.529,0.875,1.419,-0.544,0.544,3.0,3.067,0.15,20.0
Saddiq Bey,NOP,2246.0,21.6,0.212,-0.098,0.445,-0.543,0.543,0.5,-0.202,0.116,17.1
Kevin Love,UTA,613.0,16.6,-0.703,-0.366,0.173,-0.539,0.539,0.2,-0.142,0.088,14.7
Jaylen Brown,BOS,2443.0,36.2,3.085,0.745,1.281,-0.536,0.536,3.3,1.515,0.135,22.0
Jerami Grant,POR,1695.0,23.8,-0.308,-0.25,0.276,-0.526,0.526,0.0,-0.346,0.114,15.4
Devin Booker,PHO,2146.0,32.2,3.125,0.757,1.275,-0.518,0.518,2.2,2.489,0.145,20.4
Jamal Cain,ORL,486.0,16.6,-1.298,-0.541,-0.023,-0.517,0.517,-1.4,-0.72,0.116,13.0
Terrence Shannon Jr.,MIN,538.0,17.7,-3.333,-1.137,-0.629,-0.508,0.508,-3.6,-2.196,0.09,11.1
Leonard Miller,CHI,624.0,18.3,-0.512,-0.31,0.196,-0.506,0.506,-0.6,-0.993,0.113,16.5
Bennedict Mathurin,IND,891.0,23.2,-2.494,-0.891,-0.387,-0.504,0.504,-2.8,-0.031,0.038,12.6
Brandin Podziemski,GSW,2333.0,20.1,-0.127,-0.197,0.306,-0.503,0.503,0.2,0.183,0.105,15.0
DaRon Holmes,DEN,210.0,16.4,-0.865,-0.414,0.082,-0.496,0.496,-0.5,,0.103,13.4
Kevin Porter Jr.,MIL,1261.0,24.3,1.703,0.34,0.833,-0.493,0.493,2.1,1.251,0.106,18.7
Coby White,2TM,1249.0,28.8,-0.858,-0.411,0.079,-0.491,0.491,-1.3,-0.163,0.076,16.1
Zach Edey,MEM,284.0,20.2,1.894,0.396,0.886,-0.49,0.49,0.5,0.912,0.134,20.7
Cam Whitmore,WAS,354.0,23.7,-3.887,-1.3,-0.817,-0.483,0.483,-3.3,-2.081,-0.002,13.7
Adem Bona,PHI,1234.0,11.1,-1.79,-0.685,-0.202,-0.483,0.483,-2.9,-0.914,0.112,12.8
Lonzo Ball,CLE,728.0,13.7,-2.689,-0.949,-0.466,-0.482,0.482,-1.1,-0.418,0.042,9.5
Ron Harper Jr.,BOS,318.0,16.4,-0.277,-0.241,0.241,-0.482,0.482,1.1,-0.434,0.119,13.1
Buddy Hield,2TM,819.0,20.3,-2.107,-0.778,-0.319,-0.459,0.459,-1.0,-1.33,0.06,12.8
Buddy Hield,GSW,768.0,19.7,-2.107,-0.778,-0.326,-0.451,0.451,-1.0,-1.33,0.061,12.6
PJ Hall,2TM,214.0,17.3,-0.956,-0.44,-0.003,-0.437,0.437,-2.3,-1.52,0.125,15.9
Donovan Mitchell,CLE,2342.0,32.2,5.517,1.459,1.89,-0.431,0.431,5.1,3.426,0.169,22.9
Mohamed Diawara,NYK,634.0,17.1,-2.495,-0.892,-0.462,-0.43,0.43,-1.7,,0.072,10.3
Ousmane Dieng,2TM,1099.0,19.7,-4.111,-1.366,-0.94,-0.426,0.426,-3.8,-1.62,0.012,10.2
Cooper Flagg,DAL,2344.0,26.9,0.562,0.005,0.415,-0.41,0.41,1.4,-0.155,0.078,17.9
Jaren Jackson Jr.,2TM,1454.0,26.2,-0.674,-0.357,0.044,-0.401,0.401,-0.6,0.197,0.047,15.7
Jarred Vanderbilt,LAL,1128.0,12.4,-1.9,-0.717,-0.32,-0.397,0.397,-1.5,-0.941,0.079,11.2
Dalen Terry,CHI,377.0,14.4,-1.949,-0.731,-0.337,-0.394,0.394,-1.3,-0.726,0.058,11.6
Rudy Gobert,MIN,2380.0,12.9,2.755,0.648,1.041,-0.393,0.393,1.0,1.822,0.176,17.5
Pat Connaughton,CHO,297.0,14.9,-0.224,-0.225,0.164,-0.389,0.389,0.1,,0.113,12.9
Asa Newell,ATL,500.0,17.1,-0.921,-0.43,-0.042,-0.388,0.388,-1.5,-1.204,0.113,14.2
Tyler Herro,MIA,1033.0,24.7,0.985,0.129,0.514,-0.385,0.385,2.0,-0.468,0.112,17.1
Dalen Terry,2TM,551.0,14.8,-1.949,-0.731,-0.349,-0.382,0.382,-1.7,-0.726,0.063,11.6
Leonard Miller,2TM,719.0,18.7,-0.512,-0.31,0.071,-0.381,0.381,-1.3,-0.993,0.105,15.9
Jay Huff,IND,1719.0,18.0,-0.108,-0.191,0.188,-0.379,0.379,0.4,-0.393,0.089,15.2
Darius Garland,LAC,552.0,29.8,1.728,0.347,0.721,-0.374,0.374,1.8,0.399,0.104,19.4
Anthony Gill,WAS,951.0,11.9,-2.815,-0.986,-0.62,-0.366,0.366,-2.6,-3.584,0.087,13.4
Jaren Jackson Jr.,MEM,1382.0,25.6,-0.674,-0.357,0.006,-0.363,0.363,-0.8,0.197,0.046,15.4
Tyrese Maxey,PHI,2661.0,29.4,5.224,1.373,1.733,-0.36,0.36,5.4,2.933,0.156,21.9
Kelly Olynyk,SAS,360.0,16.0,0.297,-0.073,0.282,-0.355,0.355,-0.1,,0.13,13.5
Thomas Bryant,CLE,732.0,18.6,1.56,0.298,0.648,-0.35,0.35,0.1,0.349,0.153,17.2
Jonathan Mogbo,TOR,249.0,11.1,-0.276,-0.241,0.107,-0.348,0.348,-0.7,,0.12,12.8
Aaron Wiggins,OKC,1414.0,19.9,-1.217,-0.517,-0.186,-0.33,0.33,-0.9,-0.34,0.072,11.7
Noah Penda,ORL,757.0,14.8,-1.63,-0.638,-0.324,-0.313,0.313,-1.5,-0.747,0.07,11.3
Max Strus,CLE,288.0,17.4,-0.428,-0.285,0.025,-0.31,0.31,-1.2,-0.409,0.116,12.8
Dillon Brooks,PHO,1702.0,28.6,-1.15,-0.497,-0.188,-0.309,0.309,-2.3,-0.116,0.058,14.1
Max Christie,DAL,2244.0,16.5,-2.495,-0.892,-0.584,-0.308,0.308,-1.5,-2.115,0.058,11.0
Nick Richards,CHI,447.0,18.3,-3.503,-1.187,-0.882,-0.306,0.306,-5.8,-1.693,0.04,12.2
John Konchar,MEM,435.0,8.7,0.657,0.033,0.334,-0.301,0.301,2.3,-0.096,0.109,12.9
Cormac Ryan,MIL,271.0,21.3,0.355,-0.056,0.244,-0.3,0.3,-0.8,-0.732,0.114,16.9
Nicolas Batum,LAC,1295.0,9.6,-2.807,-0.983,-0.691,-0.292,0.292,-1.0,-2.328,0.066,8.4
Duop Reath,POR,258.0,13.2,-1.058,-0.47,-0.18,-0.29,0.29,-0.9,,0.103,10.6
Daeqwon Plowden,SAC,844.0,16.4,-3.312,-1.131,-0.846,-0.285,0.285,-4.4,-1.724,0.043,10.7
Jamal Murray,DEN,2652.0,27.9,4.599,1.189,1.474,-0.285,0.285,4.1,1.389,0.173,21.8
Norman Powell,MIA,1717.0,27.2,1.801,0.369,0.652,-0.284,0.284,1.6,0.582,0.112,17.5
Tyler Kolek,NYK,727.0,18.4,-0.858,-0.411,-0.129,-0.283,0.283,-0.6,-1.055,0.093,12.5
Chaney Johnson,BRK,348.0,16.2,0.606,0.018,0.297,-0.279,0.279,0.1,-0.915,0.128,16.0
Alperen Şengün,HOU,2398.0,26.6,4.264,1.091,1.363,-0.272,0.272,4.2,1.058,0.161,21.4
Zeke Nnaji,DEN,626.0,13.7,-3.265,-1.118,-0.846,-0.271,0.271,-3.5,-2.761,0.066,10.3
Karlo Matković,NOP,912.0,13.1,1.215,0.197,0.465,-0.269,0.269,0.7,-0.661,0.141,16.5
Yanic Konan Niederhäuser,LAC,424.0,15.7,0.691,0.043,0.31,-0.268,0.268,-2.2,-0.349,0.152,16.4
Nick Richards,2TM,701.0,18.2,-3.503,-1.187,-0.924,-0.263,0.263,-6.1,-1.693,0.04,11.9
Scottie Barnes,TOR,2681.0,23.4,4.487,1.156,1.419,-0.263,0.263,4.2,2.995,0.14,19.2
Jaden McDaniels,MIN,2316.0,18.5,-0.229,-0.227,0.036,-0.263,0.263,-0.3,-1.154,0.109,14.0
Deni Avdija,POR,2199.0,29.3,4.297,1.101,1.36,-0.26,0.26,4.3,1.704,0.152,20.3
Trey Murphy III,NOP,2341.0,22.7,2.412,0.548,0.804,-0.257,0.257,2.4,0.541,0.123,18.3
Dwight Powell,DAL,904.0,8.9,-0.205,-0.22,0.036,-0.256,0.256,-1.4,-0.778,0.138,12.6
Josh Minott,BOS,526.0,13.8,2.118,0.462,0.712,-0.25,0.25,2.2,-0.349,0.173,15.6
Lachlan Olbrich,CHI,344.0,13.4,-2.007,-0.749,-0.499,-0.25,0.25,-3.4,,0.075,12.0
Kentavious Caldwell-Pope,MEM,1088.0,17.7,-2.568,-0.913,-0.664,-0.249,0.249,-2.5,-1.34,0.032,11.0
Ausar Thompson,DET,1896.0,16.9,3.639,0.908,1.146,-0.238,0.238,3.1,2.821,0.144,16.2
Ousmane Dieng,MIL,804.0,21.5,-4.111,-1.366,-1.132,-0.234,0.234,-4.6,-1.62,-0.02,10.3
Gary Harris,MIL,661.0,8.5,-3.596,-1.215,-0.981,-0.234,0.234,-2.5,-2.993,0.054,8.0
Payton Pritchard,BOS,2556.0,21.4,3.413,0.841,1.073,-0.231,0.231,2.3,1.921,0.16,17.1
Guerschon Yabusele,CHI,641.0,16.7,-1.216,-0.516,-0.287,-0.23,0.23,-1.3,-1.214,0.074,12.5
Keon Ellis,CLE,720.0,12.4,0.662,0.034,0.25,-0.215,0.215,1.1,-0.177,0.121,12.5
Tyus Jones,ORL,754.0,9.8,-2.048,-0.761,-0.55,-0.211,0.211,-1.7,-0.85,0.064,8.4
Harrison Barnes,SAS,1986.0,14.6,0.279,-0.078,0.132,-0.209,0.209,-0.1,0.092,0.117,11.8
John Konchar,2TM,1115.0,9.4,0.657,0.033,0.239,-0.206,0.206,0.9,-0.096,0.104,13.6
Kam Jones,IND,616.0,14.4,-5.514,-1.777,-1.572,-0.205,0.205,-6.2,-3.597,0.002,8.2
Jayson Tatum,BOS,522.0,30.0,5.615,1.487,1.691,-0.204,0.204,4.8,3.887,0.148,20.3
Drew Timme,LAL,235.0,15.4,-0.886,-0.42,-0.227,-0.193,0.193,-2.2,,0.092,12.6
Russell Westbrook,SAC,1853.0,25.9,-0.992,-0.451,-0.27,-0.181,0.181,-0.4,-0.791,0.009,15.1
Kevin Huerter,DET,512.0,18.0,0.736,0.056,0.23,-0.174,0.174,0.3,-0.019,0.114,13.4
Nick Richards,PHO,254.0,18.1,-3.503,-1.187,-1.015,-0.173,0.173,-6.8,-1.693,0.039,11.4
Dru Smith,MIA,1141.0,15.2,1.92,0.403,0.574,-0.171,0.171,2.2,0.483,0.127,14.5
Jake LaRavia,LAL,2061.0,14.4,-0.852,-0.41,-0.247,-0.163,0.163,-1.2,-1.177,0.089,11.9
Josh Minott,2TM,834.0,16.8,2.118,0.462,0.619,-0.158,0.158,2.5,-0.349,0.139,16.0
Kenrich Williams,OKC,855.0,18.3,0.811,0.078,0.225,-0.147,0.147,0.2,-0.801,0.13,14.2
Keshad Johnson,MIA,280.0,18.9,0.637,0.027,0.173,-0.146,0.146,-1.3,,0.11,15.2
Jalen Slawson,IND,311.0,13.9,-0.227,-0.226,-0.08,-0.146,0.146,-0.4,-0.192,0.07,12.6
Andre Drummond,PHI,1231.0,14.9,1.379,0.245,0.384,-0.14,0.14,-0.6,-0.2,0.133,16.4
John Konchar,UTA,680.0,9.8,0.657,0.033,0.172,-0.139,0.139,0.0,-0.096,0.1,14.0
Ryan Rollins,MIL,2376.0,24.2,0.474,-0.021,0.108,-0.129,0.129,0.2,-0.668,0.069,16.2
Julian Reese,WAS,402.0,17.7,-2.361,-0.852,-0.727,-0.125,0.125,-5.1,-1.946,0.041,14.4
Devin Carter,SAC,700.0,23.5,-1.276,-0.534,-0.41,-0.124,0.124,-2.6,-0.046,0.012,13.8
Anthony Black,ORL,1910.0,22.2,0.287,-0.076,0.046,-0.122,0.122,-0.6,0.459,0.067,13.7
Bobby Portis,MIL,1619.0,23.1,0.072,-0.139,-0.027,-0.111,0.111,0.0,-2.306,0.083,17.1
Jordan Clarkson,NYK,1279.0,21.1,-1.848,-0.702,-0.593,-0.108,0.108,-3.3,-1.794,0.072,11.6
Malachi Smith,BRK,359.0,14.2,-0.371,-0.269,-0.167,-0.101,0.101,-0.8,-1.741,0.094,13.7
OG Anunoby,NYK,2224.0,19.7,3.113,0.753,0.855,-0.101,0.101,2.0,1.821,0.135,15.8
Matas Buzelis,CHI,2248.0,22.8,-0.297,-0.247,-0.147,-0.1,0.1,-1.0,-0.789,0.055,14.8
Tyus Jones,3TM,979.0,10.7,-2.048,-0.761,-0.667,-0.094,0.094,-2.4,-0.85,0.051,8.3
Carter Bryant,SAS,818.0,16.3,-1.726,-0.666,-0.573,-0.093,0.093,-3.0,-1.235,0.076,9.9
Jimmy Butler,GSW,1182.0,23.3,7.672,2.091,2.178,-0.088,0.088,5.5,3.115,0.233,23.5
Brooks Barnhizer,OKC,348.0,10.6,-2.293,-0.832,-0.747,-0.086,0.086,-3.1,,0.082,7.9
Olivier-Maxence Prosper,MEM,984.0,18.9,0.695,0.044,0.128,-0.084,0.084,-0.1,-2.116,0.119,16.9
VJ Edgecombe,PHI,2623.0,20.1,0.489,-0.016,0.066,-0.082,0.082,-0.5,0.001,0.081,14.0
Maxime Raynaud,SAC,1964.0,18.2,-0.642,-0.348,-0.272,-0.076,0.076,-2.4,-2.333,0.088,16.0
Clint Capela,HOU,926.0,13.7,2.453,0.56,0.635,-0.075,0.075,0.4,-0.302,0.156,17.9
Bryce McGowens,NOP,880.0,14.0,-1.003,-0.454,-0.381,-0.073,0.073,-2.8,-1.288,0.095,11.7
Trendon Watford,PHI,864.0,17.9,-1.363,-0.56,-0.491,-0.068,0.068,-1.9,-2.687,0.078,13.1
Coby White,CHI,843.0,27.1,-0.858,-0.411,-0.353,-0.058,0.058,-3.3,-0.163,0.038,14.2
Tidjane Salaün,CHO,575.0,14.9,0.197,-0.102,-0.047,-0.055,0.055,-0.8,-1.226,0.117,12.9
Guerschon Yabusele,2TM,1007.0,16.1,-1.216,-0.516,-0.472,-0.045,0.045,-2.2,-1.214,0.067,11.1
Andrew Wiggins,MIA,2063.0,19.7,1.863,0.387,0.43,-0.043,0.043,1.2,0.409,0.106,15.1
Caleb Love,POR,1013.0,23.0,-2.594,-0.921,-0.887,-0.034,0.034,-3.1,-2.419,0.031,10.7
Darius Garland,2TM,1344.0,27.4,1.728,0.347,0.373,-0.026,0.026,-0.2,0.399,0.092,17.1
Mouhamed Gueye,ATL,1179.0,12.4,0.657,0.033,0.052,-0.019,0.019,-1.3,0.353,0.11,12.0
Jaylin Williams,OKC,1277.0,15.6,3.078,0.743,0.762,-0.019,0.019,2.7,0.998,0.155,13.8
Pat Spencer,GSW,1229.0,18.9,-1.402,-0.571,-0.555,-0.016,0.016,-2.3,-1.843,0.056,12.1
Cameron Payne,PHI,374.0,19.2,1.374,0.243,0.256,-0.013,0.013,0.3,-0.015,0.106,14.4
Amen Thompson,HOU,2953.0,20.0,4.757,1.236,1.247,-0.012,0.012,2.6,2.036,0.167,18.9
A.J. Lawson,TOR,226.0,17.5,0.946,0.118,0.126,-0.009,0.009,-1.0,,0.121,13.4
Tony Bradley,IND,416.0,14.5,-1.086,-0.478,-0.471,-0.008,0.008,-4.1,-1.917,0.102,13.0
Josh Minott,BRK,308.0,21.9,2.118,0.462,0.464,-0.002,0.002,3.0,-0.349,0.08,16.8
Andrew Nembhard,IND,1786.0,23.6,1.088,0.159,0.156,0.003,0.003,-0.8,0.232,0.077,15.7
Julian Strawther,DEN,861.0,19.4,-1.156,-0.499,-0.502,0.004,0.004,-2.3,-2.076,0.071,12.5
Patrick Williams,CHI,1474.0,16.6,-4.003,-1.334,-1.338,0.004,0.004,-4.5,-2.714,-0.005,8.2
Mikal Bridges,NYK,2692.0,17.3,3.891,0.982,0.974,0.008,0.008,2.7,2.232,0.143,15.3
Cam Thomas,MIL,299.0,30.4,-2.991,-1.037,-1.059,0.022,0.022,-5.3,-1.622,-0.028,13.1
Tony Bradley,2TM,450.0,14.5,-1.086,-0.478,-0.503,0.025,0.025,-4.2,-1.917,0.099,12.8
Cam Thomas,2TM,881.0,30.3,-2.991,-1.037,-1.063,0.026,0.026,-5.2,-1.622,-0.024,12.6
Cam Thomas,BRK,582.0,30.3,-2.991,-1.037,-1.064,0.027,0.027,-5.1,-1.622,-0.022,12.3
Cameron Johnson,DEN,1647.0,15.1,1.274,0.214,0.179,0.035,0.035,-0.6,0.574,0.108,12.8
Dylan Harper,SAS,1558.0,21.8,3.021,0.726,0.685,0.041,0.041,1.4,0.947,0.13,16.2
Jarace Walker,IND,1953.0,20.7,-2.308,-0.837,-0.893,0.057,0.057,-2.4,-2.681,0.013,11.5
Drake Powell,BRK,1320.0,14.9,-5.389,-1.741,-1.798,0.057,0.057,-6.0,-4.799,-0.003,7.3
Kevin Huerter,2TM,1549.0,18.8,0.736,0.056,-0.004,0.061,0.061,-0.6,-0.019,0.078,13.2
Moses Moody,GSW,1540.0,18.3,1.356,0.238,0.177,0.061,0.061,-0.1,0.325,0.096,13.5
Kyle Anderson,MIN,363.0,11.5,1.512,0.284,0.22,0.063,0.063,1.6,-0.909,0.126,12.7
Josh Okogie,HOU,1354.0,11.3,0.004,-0.159,-0.223,0.065,0.065,-1.2,-0.354,0.095,9.9
Onyeka Okongwu,ATL,2297.0,19.5,2.731,0.641,0.577,0.065,0.065,0.7,0.853,0.125,15.9
Tyson Etienne,BRK,380.0,20.3,-1.411,-0.574,-0.639,0.065,0.065,-2.8,-2.449,0.069,11.9
Jordan Miller,LAC,1325.0,18.0,1.826,0.376,0.308,0.068,0.068,0.2,-0.766,0.125,15.9
Larry Nance Jr.,CLE,449.0,14.0,-1.672,-0.65,-0.719,0.069,0.069,-3.4,-1.402,0.06,9.5
Peyton Watson,DEN,1598.0,20.6,0.24,-0.089,-0.166,0.077,0.077,-1.2,-1.281,0.078,14.3
Dylan Cardwell,SAC,907.0,11.3,2.193,0.484,0.405,0.078,0.078,-1.9,1.285,0.122,15.8
Keegan Murray,SAC,793.0,18.7,-1.312,-0.545,-0.624,0.08,0.08,-3.1,-0.378,0.011,11.7
JD Davison,HOU,218.0,15.3,0.326,-0.064,-0.145,0.081,0.081,-1.1,,0.102,11.4
Deandre Ayton,LAL,1958.0,16.7,2.619,0.609,0.526,0.083,0.083,-0.9,-0.325,0.152,18.2
Dyson Daniels,ATL,2520.0,16.0,3.629,0.905,0.808,0.097,0.097,1.3,2.287,0.126,15.5
Corey Kispert,WAS,370.0,16.7,0.471,-0.022,-0.129,0.107,0.107,-1.1,-1.005,0.08,14.0
Jericho Sims,MIL,1318.0,9.8,-0.993,-0.451,-0.562,0.111,0.111,-3.1,-3.55,0.117,12.9
Keaton Wallace,ATL,536.0,16.1,-0.993,-0.451,-0.562,0.111,0.111,-2.7,-1.246,0.066,10.4
Dennis Schröder,SAC,1056.0,22.5,-0.463,-0.296,-0.413,0.117,0.117,-1.9,-0.924,0.03,13.6
Jordan McLaughlin,SAS,282.0,14.5,1.214,0.196,0.077,0.119,0.119,0.6,,0.1,12.0
Yuki Kawamura,CHI,209.0,14.8,-0.601,-0.336,-0.457,0.121,0.121,-3.7,-0.414,0.069,11.4
Sandro Mamukelashvili,TOR,1751.0,18.8,4.915,1.282,1.159,0.123,0.123,2.8,1.566,0.169,18.1
Tobias Harris,DET,1746.0,18.8,3.575,0.889,0.762,0.127,0.127,1.4,1.552,0.145,15.0
GG Jackson II,MEM,1178.0,23.5,0.513,-0.009,-0.137,0.128,0.128,-1.2,-0.846,0.052,15.6
Dennis Schröder,2TM,1697.0,21.0,-0.463,-0.296,-0.425,0.129,0.129,-2.2,-0.924,0.043,12.9
Jase Richardson,ORL,587.0,16.8,-0.858,-0.411,-0.544,0.133,0.133,-2.5,-2.163,0.082,11.5
Liam McNeeley,CHO,368.0,14.4,0.57,0.007,-0.127,0.134,0.134,-1.3,-0.398,0.112,10.6
Ziaire Williams,BRK,1281.0,18.9,-0.303,-0.249,-0.384,0.136,0.136,-1.7,-1.191,0.059,12.4
Svi Mykhailiuk,UTA,1156.0,14.8,-0.925,-0.431,-0.567,0.136,0.136,-1.7,-1.752,0.048,11.4
Ben Sheppard,IND,1390.0,13.8,-1.706,-0.66,-0.801,0.14,0.14,-3.0,-2.008,0.05,9.7
Malaki Branham,WAS,275.0,18.4,0.102,-0.13,-0.272,0.142,0.142,-2.2,,0.064,14.0
Dennis Schröder,CLE,641.0,18.6,-0.463,-0.296,-0.443,0.148,0.148,-2.8,-0.924,0.066,11.8
Zaccharie Risacher,ATL,1503.0,17.6,-0.002,-0.16,-0.311,0.15,0.15,-2.5,-0.39,0.074,11.8
Kevin Huerter,CHI,1037.0,19.2,0.736,0.056,-0.112,0.168,0.168,-1.0,-0.019,0.06,13.2
Jalen Suggs,ORL,1574.0,22.9,3.586,0.892,0.719,0.173,0.173,2.5,2.175,0.083,15.6
Khaman Maluach,PHO,411.0,14.8,0.307,-0.07,-0.244,0.174,0.174,-3.7,,0.099,14.0
Caleb Martin,DAL,856.0,12.5,-1.166,-0.502,-0.688,0.186,0.186,-2.2,-1.446,0.048,9.3
Naji Marshall,DAL,2184.0,20.5,1.335,0.232,0.044,0.187,0.187,-0.6,-1.088,0.095,15.4
Kyle Anderson,3TM,853.0,13.2,1.512,0.284,0.094,0.19,0.19,0.4,-0.909,0.105,13.7
Yves Missi,NOP,1297.0,12.6,1.309,0.224,0.029,0.195,0.195,-1.7,-0.477,0.098,15.0
Egor Dёmin,BRK,1308.0,18.8,-0.51,-0.309,-0.51,0.201,0.201,-1.6,-0.892,0.032,11.3
John Poulakidas,DAL,253.0,16.2,0.19,-0.104,-0.31,0.206,0.206,-2.2,-1.258,0.095,12.0
Darius Garland,CLE,792.0,25.8,1.728,0.347,0.137,0.21,0.21,-1.6,0.399,0.084,15.6
Scoot Henderson,POR,748.0,25.0,0.095,-0.132,-0.345,0.213,0.213,-2.2,-0.971,0.064,12.9
Kyle Filipowski,UTA,1801.0,20.0,1.6,0.31,0.095,0.215,0.215,-1.1,-0.303,0.082,16.0
Corey Kispert,2TM,1080.0,18.6,0.471,-0.022,-0.239,0.217,0.217,-1.9,-1.005,0.082,13.1
Keon Ellis,2TM,1478.0,13.0,0.662,0.034,-0.183,0.218,0.218,-0.5,-0.177,0.072,10.8
Josh Green,CHO,908.0,10.6,0.377,-0.049,-0.275,0.226,0.226,-0.7,-1.049,0.099,9.7
Jalen Johnson,ATL,2532.0,27.0,5.572,1.475,1.248,0.227,0.227,4.2,1.244,0.141,20.4
Michael Porter Jr.,BRK,1689.0,30.5,4.05,1.028,0.799,0.229,0.229,3.0,0.665,0.083,19.9
Tyrese Proctor,CLE,545.0,22.0,0.037,-0.149,-0.384,0.235,0.235,-2.8,-0.665,0.066,12.2
Immanuel Quickley,TOR,2231.0,21.1,4.841,1.26,1.019,0.242,0.242,2.4,2.276,0.14,16.6
Myles Turner,MIL,1912.0,18.6,1.488,0.277,0.034,0.243,0.243,-0.9,0.072,0.076,14.2
Alex Caruso,OKC,1020.0,15.7,3.716,0.93,0.676,0.254,0.254,1.9,2.297,0.12,12.8
Blake Wesley,POR,361.0,19.8,-1.161,-0.5,-0.759,0.258,0.258,-3.6,-1.462,0.038,10.8
Tre Mann,CHO,669.0,23.3,-2.789,-0.978,-1.246,0.268,0.268,-5.3,-1.69,-0.003,8.3
Draymond Green,GSW,1869.0,16.1,-0.163,-0.208,-0.477,0.269,0.269,-1.4,-0.75,0.044,10.4
Guerschon Yabusele,NYK,366.0,14.9,-1.216,-0.516,-0.786,0.27,0.27,-3.7,-1.214,0.056,8.6
Jaden Ivey,2TM,670.0,19.7,1.121,0.169,-0.101,0.27,0.27,0.0,-1.508,0.096,13.0
John Collins,LAC,1872.0,19.5,2.62,0.609,0.338,0.271,0.271,-0.5,-0.078,0.117,16.3
Julian Phillips,CHI,334.0,12.5,-1.152,-0.498,-0.77,0.272,0.272,-2.9,,0.054,9.3
Corey Kispert,ATL,710.0,19.6,0.471,-0.022,-0.301,0.279,0.279,-2.3,-1.005,0.082,12.6
Kyle Anderson,UTA,401.0,14.6,1.512,0.284,-0.009,0.293,0.293,-0.3,-0.909,0.087,14.2
Wendell Carter Jr.,ORL,2288.0,15.6,2.613,0.607,0.314,0.293,0.293,-0.6,0.313,0.131,14.1
Jaden Ivey,DET,555.0,20.4,1.121,0.169,-0.129,0.298,0.298,0.1,-1.508,0.093,12.6
Isaiah Livers,PHO,347.0,9.9,-1.288,-0.538,-0.842,0.304,0.304,-2.5,,0.057,7.6
Nickeil Alexander-Walker,ATL,2603.0,23.9,3.379,0.831,0.527,0.305,0.305,1.2,0.219,0.116,16.5
LaMelo Ball,CHO,2017.0,32.0,6.672,1.797,1.488,0.31,0.31,4.7,2.775,0.147,19.7
Kon Knueppel,CHO,2551.0,22.3,4.708,1.221,0.895,0.326,0.326,2.8,0.631,0.151,17.1
Josh Hart,NYK,1994.0,16.7,4.759,1.236,0.91,0.326,0.326,3.0,1.317,0.147,15.7
Moussa Diabaté,CHO,1899.0,11.4,5.516,1.458,1.13,0.328,0.328,1.7,1.816,0.188,17.2
Franz Wagner,ORL,1019.0,27.0,5.62,1.489,1.157,0.332,0.332,2.5,2.297,0.134,19.2
Justin Edwards,PHI,977.0,16.1,0.541,-0.001,-0.337,0.336,0.336,-1.3,-1.759,0.086,12.1
Amir Coffey,PHO,225.0,13.0,1.202,0.193,-0.147,0.34,0.34,-0.5,-2.146,0.125,12.4
Stephon Castle,SAS,2038.0,24.9,4.769,1.239,0.894,0.345,0.345,1.9,1.464,0.136,17.4
Cason Wallace,OKC,2046.0,14.5,3.659,0.914,0.568,0.345,0.345,1.2,2.172,0.122,12.1
Kasparas Jakučionis,MIA,945.0,13.7,1.696,0.338,-0.019,0.357,0.357,-0.4,-0.759,0.114,11.9
Jeremy Sochan,2TM,469.0,14.6,0.829,0.083,-0.276,0.359,0.359,-1.2,-2.423,0.12,12.2
Julian Phillips,2TM,428.0,13.9,-1.152,-0.498,-0.863,0.365,0.365,-3.6,,0.051,9.3
Anfernee Simons,BOS,1202.0,23.7,3.071,0.741,0.367,0.374,0.374,0.6,0.027,0.117,15.0
Dorian Finney-Smith,HOU,620.0,10.7,-2.739,-0.963,-1.342,0.379,0.379,-4.3,-3.248,0.042,5.8
Taelon Peter,IND,492.0,16.6,-2.425,-0.871,-1.253,0.382,0.382,-4.6,-2.336,-0.001,8.6
Jose Alvarado,NYK,474.0,18.9,2.327,0.523,0.134,0.389,0.389,0.9,-1.452,0.119,14.0
Baylor Scheierman,BOS,1429.0,11.9,2.472,0.565,0.173,0.392,0.392,0.6,-0.292,0.129,11.6
Jae'Sean Tate,HOU,405.0,13.5,0.032,-0.15,-0.545,0.394,0.394,-3.9,,0.095,10.7
Quinten Post,GSW,1159.0,18.8,1.428,0.259,-0.138,0.397,0.397,-1.1,-0.592,0.078,13.0
Gary Trent Jr.,MIL,1377.0,17.2,-3.34,-1.14,-1.539,0.399,0.399,-5.4,-3.626,-0.002,8.0
De'Aaron Fox,SAS,2231.0,24.9,5.225,1.373,0.972,0.401,0.401,2.2,1.7,0.138,17.6
E.J. Liddell,BRK,349.0,17.2,0.305,-0.07,-0.473,0.403,0.403,-3.3,-1.411,0.074,12.6
Jonathan Kuminga,ATL,354.0,22.5,3.1,0.75,0.327,0.422,0.422,0.1,-0.38,0.11,16.5
Landry Shamet,NYK,1171.0,15.7,2.398,0.544,0.119,0.425,0.425,-0.3,0.692,0.106,11.2
RJ Barrett,TOR,1726.0,25.8,4.006,1.015,0.59,0.425,0.425,0.2,1.195,0.111,17.0
Oso Ighodaro,PHO,1808.0,12.2,3.072,0.741,0.313,0.428,0.428,0.1,0.201,0.125,13.8
Micah Potter,IND,908.0,18.0,3.87,0.976,0.541,0.434,0.434,0.7,-0.151,0.135,17.0
Mike Conley,MIN,991.0,11.5,0.906,0.106,-0.329,0.435,0.435,-1.3,-0.753,0.092,9.4
Sidy Cissoko,POR,1435.0,12.5,-1.402,-0.571,-1.009,0.438,0.438,-4.0,-1.68,0.045,7.1
Derrick White,BOS,2625.0,22.0,6.575,1.769,1.329,0.44,0.44,3.2,4.594,0.129,16.0
Grant Williams,CHO,711.0,14.1,3.296,0.807,0.364,0.443,0.443,1.6,-0.117,0.131,12.9
Jabari Smith Jr.,HOU,2705.0,18.2,3.048,0.734,0.288,0.446,0.446,-0.7,0.822,0.118,13.5
Collin Gillespie,PHO,2282.0,18.7,5.007,1.309,0.859,0.45,0.45,2.5,1.913,0.13,15.3
Christian Koloko,3TM,357.0,11.3,-1.179,-0.506,-0.961,0.455,0.455,-4.7,-1.424,0.038,8.8
Ochai Agbaji,BRK,323.0,17.3,-0.273,-0.24,-0.695,0.455,0.455,-2.7,-2.028,0.042,11.7
Austin Reaves,LAL,1762.0,26.7,6.647,1.79,1.332,0.458,0.458,2.8,2.39,0.153,20.2
Bones Hyland,MIN,1177.0,20.6,4.442,1.143,0.682,0.461,0.461,1.7,1.322,0.126,15.1
Malevy Leons,GSW,276.0,14.4,0.816,0.08,-0.382,0.462,0.462,-2.8,-1.273,0.087,12.2
De'Anthony Melton,GSW,1125.0,25.4,1.245,0.205,-0.259,0.465,0.465,-2.5,0.576,0.031,13.4
Spencer Jones,DEN,1417.0,9.7,-0.093,-0.187,-0.655,0.468,0.468,-2.4,-2.302,0.089,9.3
Bruce Brown,DEN,1998.0,14.5,0.043,-0.147,-0.63,0.483,0.483,-2.4,-2.217,0.071,10.8
Jabari Walker,PHI,762.0,15.0,1.182,0.187,-0.296,0.483,0.483,-2.7,-1.404,0.106,12.5
Nate Williams,GSW,239.0,19.5,-0.972,-0.445,-0.929,0.484,0.484,-5.0,-2.478,0.052,11.3
Tyler Burton,MEM,307.0,18.3,-1.875,-0.71,-1.198,0.488,0.488,-5.3,-2.616,0.023,9.5
Brice Sensabaugh,UTA,1762.0,24.9,0.309,-0.069,-0.563,0.494,0.494,-2.6,-1.886,0.029,14.4
Kris Murray,POR,1333.0,10.6,0.446,-0.029,-0.527,0.498,0.498,-1.5,-1.745,0.079,9.6
Jahmai Mashack,MEM,673.0,16.0,-4.153,-1.378,-1.879,0.501,0.501,-7.0,-3.693,-0.036,7.0
LJ Cryer,GSW,292.0,20.3,-0.599,-0.335,-0.843,0.507,0.507,-4.7,-1.247,0.045,9.9
Day'Ron Sharpe,BRK,1160.0,19.9,5.449,1.439,0.93,0.508,0.508,1.4,0.489,0.144,20.5
Pelle Larsson,MIA,1849.0,16.8,2.521,0.58,0.069,0.511,0.511,-1.2,0.073,0.106,13.1
Precious Achiuwa,SAC,1745.0,17.6,2.616,0.608,0.088,0.52,0.52,-1.6,-0.112,0.081,16.2
Anfernee Simons,2TM,1372.0,23.6,3.071,0.741,0.208,0.533,0.533,-0.1,0.027,0.101,14.4
Jordan Goodwin,PHO,1572.0,17.5,4.812,1.252,0.717,0.535,0.535,1.8,1.917,0.118,14.7
Joel Embiid,PHI,1201.0,33.5,8.225,2.253,1.717,0.536,0.536,4.9,1.736,0.163,24.7
Jordan Poole,NOP,933.0,25.1,-0.549,-0.321,-0.857,0.537,0.537,-3.5,-1.692,0.01,11.5
Desmond Bane,ORL,2756.0,23.3,5.244,1.379,0.826,0.552,0.552,1.4,1.688,0.129,16.9
Leaky Black,WAS,433.0,11.6,-2.302,-0.835,-1.396,0.561,0.561,-5.3,-2.759,0.004,7.8
Jordan Hawkins,NOP,692.0,18.2,-3.618,-1.221,-1.79,0.569,0.569,-6.2,-3.985,-0.029,7.6
Sam Merrill,CLE,1377.0,17.0,4.109,1.046,0.462,0.583,0.583,0.1,1.289,0.127,13.6
Naz Reid,MIN,2007.0,22.1,4.2,1.072,0.481,0.591,0.591,0.9,1.086,0.097,15.4
Tim Hardaway Jr.,DEN,2127.0,18.5,2.383,0.539,-0.058,0.597,0.597,-0.7,-1.112,0.1,13.5
Al Horford,GSW,969.0,16.5,4.353,1.117,0.512,0.605,0.605,1.6,0.952,0.105,14.7
Tyrese Martin,BRK,696.0,18.8,0.022,-0.153,-0.762,0.609,0.609,-3.1,-1.045,0.013,10.8
Lauri Markkanen,UTA,1443.0,28.1,6.739,1.817,1.201,0.616,0.616,2.6,2.234,0.118,21.1
Jared McCain,OKC,540.0,23.2,1.798,0.368,-0.257,0.625,0.625,-0.9,-2.656,0.101,14.0
Keon Ellis,SAC,758.0,13.7,0.662,0.034,-0.592,0.626,0.626,-1.9,-0.177,0.025,9.1
Luke Kennard,ATL,944.0,12.7,2.517,0.579,-0.05,0.629,0.629,0.5,-2.908,0.139,13.5
Nick Smith Jr.,LAL,375.0,22.0,-1.218,-0.517,-1.155,0.638,0.638,-4.7,-2.657,0.013,10.2
Cole Anthony,MIL,527.0,25.8,-1.643,-0.642,-1.283,0.641,0.641,-4.7,-2.157,-0.042,10.7
Gui Santos,GSW,1395.0,18.7,3.203,0.78,0.137,0.643,0.643,-0.6,0.102,0.094,14.2
Jrue Holiday,POR,1560.0,23.5,5.22,1.372,0.728,0.644,0.644,1.9,1.49,0.109,16.4
Doug McDermott,SAC,439.0,15.1,-1.094,-0.481,-1.129,0.648,0.648,-4.4,-2.126,0.018,8.6
Justin Champagnie,WAS,1377.0,16.7,3.633,0.906,0.257,0.649,0.649,-0.4,-0.896,0.109,17.3
Keldon Johnson,SAS,1911.0,21.0,5.389,1.421,0.77,0.651,0.651,0.9,0.471,0.161,17.3
Brook Lopez,LAC,1635.0,17.2,2.354,0.531,-0.135,0.666,0.666,-0.9,-0.105,0.068,12.3
Toumani Camara,POR,2731.0,16.3,2.427,0.552,-0.124,0.676,0.676,-1.0,-0.023,0.084,11.3
Tyrese Martin,2TM,777.0,18.4,0.022,-0.153,-0.845,0.692,0.692,-3.4,-1.045,0.006,10.3
Gabe Vincent,ATL,320.0,13.8,-0.683,-0.36,-1.052,0.692,0.692,-3.4,-2.914,0.049,8.2
Luke Kennard,2TM,1681.0,13.5,2.517,0.579,-0.12,0.699,0.699,0.1,-2.908,0.13,13.5
Tre Johnson,WAS,1443.0,22.5,-2.366,-0.854,-1.554,0.7,0.7,-5.0,-4.404,-0.024,10.6
Duncan Robinson,DET,2113.0,15.8,4.569,1.181,0.472,0.708,0.708,0.8,1.096,0.139,12.4
Ochai Agbaji,2TM,973.0,14.6,-0.273,-0.24,-0.949,0.709,0.709,-4.0,-2.028,0.046,8.9
Kevon Looney,NOP,308.0,9.9,2.943,0.704,-0.012,0.715,0.715,-1.8,-0.448,0.109,13.6
Taurean Prince,MIL,611.0,16.2,0.055,-0.144,-0.866,0.723,0.723,-3.1,-2.427,0.039,10.5
Elijah Harkless,UTA,545.0,16.2,-0.594,-0.334,-1.057,0.723,0.723,-5.6,-0.737,0.005,9.1
Nolan Traoré,BRK,1243.0,22.8,-3.383,-1.152,-1.879,0.727,0.727,-6.8,-3.395,-0.063,7.9
Rob Dillingham,CHI,644.0,22.7,-2.879,-1.004,-1.732,0.728,0.728,-6.8,-3.154,-0.044,8.5
Kyshawn George,WAS,1391.0,22.8,1.646,0.323,-0.408,0.731,0.731,-1.2,-1.147,0.022,13.8
Cam Christie,LAC,480.0,16.9,-0.954,-0.44,-1.173,0.734,0.734,-4.6,,0.016,9.2
Jaime Jaquez Jr.,MIA,2121.0,22.3,3.276,0.801,0.054,0.747,0.747,0.1,-1.522,0.094,15.7
CJ McCollum,ATL,1182.0,26.9,4.128,1.051,0.288,0.763,0.763,0.9,-0.306,0.082,16.5
A.J. Green,MIL,2270.0,14.0,0.723,0.052,-0.712,0.764,0.764,-3.3,-1.072,0.05,9.4
Chaz Lanier,DET,262.0,15.0,-1.132,-0.492,-1.265,0.773,0.773,-5.1,,0.046,6.6
D'Angelo Russell,DAL,495.0,26.0,0.756,0.062,-0.712,0.774,0.774,-2.3,-1.277,-0.004,12.3
Tristan Da Silva,ORL,1899.0,16.2,2.691,0.63,-0.148,0.777,0.777,-0.6,-0.717,0.084,12.0
Jarrett Allen,CLE,1519.0,19.9,8.656,2.379,1.593,0.787,0.787,2.6,2.134,0.202,22.1
Luke Kennard,LAL,737.0,14.6,2.517,0.579,-0.216,0.795,0.795,-0.4,-2.908,0.118,13.4
Jeremy Sochan,SAS,358.0,14.6,0.829,0.083,-0.719,0.802,0.802,-3.0,-2.423,0.084,9.7
Bez Mbeng,UTA,492.0,11.1,-0.129,-0.198,-1.012,0.814,0.814,-4.9,-2.646,0.047,10.5
Derrick Jones Jr.,LAC,1350.0,15.1,3.647,0.91,0.088,0.822,0.822,-0.7,0.007,0.1,13.3
Jose Alvarado,2TM,1370.0,16.8,2.327,0.523,-0.307,0.83,0.83,-1.0,-1.452,0.077,12.1
Kelly Oubre Jr.,PHI,1574.0,18.2,2.024,0.434,-0.396,0.83,0.83,-1.4,-2.405,0.083,13.0
Brandon Ingram,TOR,2604.0,26.9,4.067,1.033,0.202,0.832,0.832,0.5,-0.663,0.084,16.3
Ochai Agbaji,TOR,650.0,13.3,-0.273,-0.24,-1.08,0.84,0.84,-4.7,-2.028,0.048,7.5
Dominick Barlow,PHI,1689.0,12.8,3.313,0.812,-0.029,0.841,0.841,-1.1,-0.903,0.112,13.2
Bam Adebayo,MIA,2365.0,25.0,7.635,2.08,1.233,0.847,0.847,2.0,3.486,0.129,18.7
Amir Coffey,2TM,490.0,11.9,1.202,0.193,-0.663,0.856,0.856,-3.1,-2.146,0.083,10.2
Will Richard,GSW,1377.0,13.0,2.525,0.581,-0.278,0.859,0.859,-1.7,-0.731,0.089,11.0
Rob Dillingham,2TM,970.0,23.1,-2.879,-1.004,-1.869,0.865,0.865,-7.3,-3.154,-0.056,7.7
Bilal Coulibaly,WAS,1468.0,19.9,1.654,0.325,-0.544,0.87,0.87,-2.1,-1.73,0.031,13.5
Johnny Furphy,IND,643.0,12.8,0.898,0.104,-0.774,0.877,0.877,-3.7,-0.786,0.036,9.2
Adama-Alpha Bal,MEM,241.0,13.5,-0.106,-0.191,-1.076,0.885,0.885,-5.4,-2.963,0.065,9.6
Kennedy Chandler,UTA,355.0,20.7,0.803,0.076,-0.813,0.889,0.889,-5.7,-1.274,0.029,13.0
Jamison Battle,TOR,517.0,14.1,2.035,0.437,-0.46,0.897,0.897,-2.6,,0.086,10.6
Brandon Miller,CHO,1968.0,28.1,6.031,1.609,0.703,0.906,0.906,1.6,1.325,0.109,16.8
Lindy Waters III,SAS,285.0,14.2,0.605,0.018,-0.893,0.911,0.911,-3.2,,0.063,7.5
Quenton Jackson,IND,897.0,20.9,2.971,0.712,-0.201,0.913,0.913,-1.8,-1.161,0.076,14.4
Quentin Grimes,PHI,2206.0,19.0,2.592,0.601,-0.316,0.917,0.917,-1.6,-1.532,0.078,12.9
Chris Paul,LAC,228.0,14.2,0.219,-0.096,-1.015,0.92,0.92,-4.2,-1.196,0.017,8.1
Gabe Vincent,2TM,879.0,12.3,-0.683,-0.36,-1.284,0.923,0.923,-4.3,-2.914,0.035,6.5
Jordan Walsh,BOS,1212.0,11.7,4.692,1.217,0.286,0.93,0.93,0.2,-0.494,0.15,13.1
Jonathan Kuminga,2TM,830.0,23.4,3.1,0.75,-0.19,0.94,0.94,-2.0,-0.38,0.059,14.2
Jeremiah Robinson-Earl,2TM,361.0,14.1,0.263,-0.083,-1.032,0.949,0.949,-5.2,-1.611,0.03,9.3
Cody Williams,UTA,1631.0,16.0,-0.781,-0.389,-1.34,0.951,0.951,-5.5,-2.994,0.004,9.6
Kobe Sanders,LAC,1351.0,16.3,1.267,0.212,-0.742,0.954,0.954,-2.9,-1.802,0.051,10.0
Rui Hachimura,LAL,1927.0,15.2,2.015,0.431,-0.532,0.964,0.964,-2.2,-2.237,0.08,11.6
Caris LeVert,DET,1154.0,18.4,2.583,0.598,-0.376,0.974,0.974,-0.4,-1.475,0.066,10.9
CJ McCollum,2TM,2264.0,25.7,4.128,1.051,0.076,0.975,0.975,-0.3,-0.306,0.063,15.9
Ron Holland,DET,1551.0,18.9,3.081,0.744,-0.232,0.976,0.976,-2.0,-0.459,0.087,11.7
Jalen Williams,OKC,936.0,26.2,7.68,2.093,1.105,0.988,0.988,2.1,1.597,0.156,19.0
Malik Monk,SAC,1364.0,24.0,2.355,0.531,-0.457,0.989,0.989,-1.3,-1.96,0.034,14.2
AJ Johnson,DAL,240.0,20.5,-0.8,-0.394,-1.384,0.989,0.989,-7.4,0.574,-0.049,6.7
Scotty Pippen Jr.,MEM,212.0,26.1,2.423,0.551,-0.463,1.015,1.015,-2.8,-1.068,0.025,14.7
Steven Adams,HOU,730.0,12.1,5.117,1.341,0.324,1.017,1.017,-0.5,-0.672,0.141,15.8
Isaiah Hartenstein,OKC,1137.0,16.1,10.441,2.903,1.876,1.027,1.027,4.2,3.554,0.223,19.8
Jaden Hardy,DAL,428.0,23.3,0.572,0.008,-1.022,1.03,1.03,-3.8,-2.372,0.012,10.6
Paul Reed,DET,901.0,20.6,11.155,3.113,2.074,1.038,1.038,5.3,2.024,0.239,24.2
Gabe Vincent,LAL,559.0,11.5,-0.683,-0.36,-1.416,1.056,1.056,-4.8,-2.914,0.027,5.5
Jared McCain,2TM,1160.0,20.7,1.798,0.368,-0.69,1.058,1.058,-2.4,-2.656,0.06,11.6
Jose Alvarado,NOP,896.0,15.7,2.327,0.523,-0.538,1.061,1.061,-2.0,-1.452,0.055,11.1
Maxi Kleber,LAL,461.0,9.6,0.814,0.079,-0.984,1.063,1.063,-3.9,-2.503,0.063,8.1
Jeremiah Robinson-Earl,IND,300.0,14.0,0.263,-0.083,-1.147,1.064,1.064,-5.4,-1.611,0.016,8.6
Jaylen Clark,MIN,888.0,13.3,2.959,0.708,-0.365,1.074,1.074,-2.4,-0.683,0.09,10.3
Killian Hayes,SAC,406.0,18.7,0.211,-0.098,-1.181,1.083,1.083,-6.0,-0.205,-0.031,8.8
KJ Simpson,2TM,257.0,21.8,0.018,-0.154,-1.246,1.091,1.091,-5.1,-1.135,-0.023,8.1
Moussa Cisse,DAL,530.0,14.3,4.743,1.232,0.138,1.094,1.094,-2.9,0.056,0.116,16.0
DeJon Jarreau,MEM,231.0,21.4,-0.236,-0.229,-1.326,1.097,1.097,-5.2,-1.964,-0.035,9.7
Ben Saraf,BRK,916.0,21.0,-2.275,-0.827,-1.927,1.1,1.1,-7.3,-3.575,-0.057,7.8
Jamaree Bouyea,PHO,644.0,18.5,4.435,1.141,0.028,1.114,1.114,-0.4,-0.269,0.086,13.5
Jaylen Wells,MEM,1821.0,19.3,2.558,0.591,-0.539,1.13,1.13,-3.1,-0.599,0.042,11.5
Rob Dillingham,MIN,326.0,24.0,-2.879,-1.004,-2.138,1.133,1.133,-8.2,-3.154,-0.079,6.0
Kris Dunn,LAC,2230.0,12.4,4.312,1.105,-0.037,1.142,1.142,-0.8,0.452,0.085,11.3
Aaron Gordon,DEN,1005.0,21.9,7.525,2.048,0.892,1.155,1.155,1.7,0.61,0.153,18.5
Jalen Green,PHO,828.0,31.9,3.621,0.902,-0.256,1.158,1.158,-1.1,-0.448,0.019,14.8
Terance Mann,BRK,1529.0,13.5,1.651,0.325,-0.84,1.164,1.164,-3.4,-2.437,0.056,10.2
KJ Simpson,CHO,223.0,22.8,0.018,-0.154,-1.321,1.166,1.166,-5.3,-1.135,-0.033,7.8
Bronny James,LAL,375.0,16.7,0.667,0.036,-1.145,1.181,1.181,-4.3,,0.018,9.0
Ryan Nembhard,DAL,1171.0,17.5,0.941,0.116,-1.069,1.185,1.185,-4.1,-3.215,0.031,10.9
Jaden Hardy,2TM,898.0,24.4,0.572,0.008,-1.177,1.185,1.185,-4.8,-2.372,-0.01,10.9
Matisse Thybulle,POR,480.0,14.7,7.308,1.984,0.793,1.191,1.191,4.4,0.783,0.126,14.5
CJ McCollum,WAS,1082.0,24.4,4.128,1.051,-0.15,1.202,1.202,-1.5,-0.306,0.042,15.2
Aaron Nesmith,IND,1335.0,19.8,2.248,0.5,-0.715,1.215,1.215,-3.4,-0.915,0.026,10.8
Javonte Green,DET,1446.0,14.8,7.137,1.934,0.688,1.246,1.246,2.1,0.663,0.156,14.1
Sam Hauser,BOS,1934.0,14.5,5.813,1.545,0.293,1.252,1.252,0.6,0.587,0.124,11.9
Nae'Qwan Tomlin,CLE,1004.0,15.5,4.445,1.144,-0.108,1.252,1.252,-2.1,-0.61,0.107,12.9
Lucas Williamson,MEM,224.0,16.4,-0.221,-0.225,-1.497,1.272,1.272,-7.6,-2.245,0.005,8.0
Luguentz Dort,OKC,1849.0,14.1,3.125,0.757,-0.517,1.274,1.274,-2.0,-0.815,0.078,8.3
Amir Coffey,MIL,265.0,10.9,1.202,0.193,-1.085,1.278,1.278,-5.2,-2.146,0.048,8.4
Pascal Siakam,IND,2057.0,30.1,6.592,1.774,0.488,1.286,1.286,0.7,0.951,0.062,18.6
Herbert Jones,NOP,1588.0,15.2,2.497,0.573,-0.716,1.289,1.289,-3.1,-0.274,0.022,9.1
Jalen Smith,CHI,1095.0,19.0,6.709,1.808,0.519,1.289,1.289,-0.7,1.296,0.114,16.6
Donte DiVincenzo,MIN,2494.0,16.9,5.803,1.543,0.241,1.301,1.301,0.8,0.556,0.1,12.5
Bogdan Bogdanović,LAC,452.0,18.6,1.785,0.364,-0.95,1.314,1.314,-3.1,-1.799,0.02,8.9
Jonathan Kuminga,GSW,476.0,24.0,3.1,0.75,-0.578,1.327,1.327,-3.6,-0.38,0.021,12.5
Jaden Hardy,WAS,470.0,25.4,0.572,0.008,-1.322,1.33,1.33,-5.7,-2.372,-0.03,11.1
Dean Wade,CLE,1318.0,9.9,5.672,1.504,0.167,1.337,1.337,0.2,0.63,0.114,10.9
Collin Murray-Boyles,TOR,1246.0,15.5,7.572,2.061,0.717,1.344,1.344,1.0,0.617,0.154,16.4
AJ Johnson,2TM,454.0,20.6,-0.8,-0.394,-1.741,1.346,1.346,-8.9,0.574,-0.09,5.6
Jalen Pickett,DEN,807.0,14.8,2.542,0.586,-0.794,1.38,1.38,-2.3,-2.886,0.059,10.3
Isaac Okoro,CHI,1695.0,13.6,2.479,0.567,-0.844,1.411,1.411,-3.8,-2.212,0.061,9.8
Cedric Coward,MEM,1598.0,21.5,5.33,1.404,-0.019,1.423,1.423,-0.2,-1.173,0.076,15.3
Marcus Smart,LAL,1769.0,15.4,4.218,1.078,-0.348,1.426,1.426,-2.2,0.549,0.054,9.9
Devin Vassell,SAS,2044.0,18.0,6.154,1.646,0.218,1.428,1.428,0.5,-0.084,0.115,13.0
Jared McCain,PHI,620.0,18.5,1.798,0.368,-1.074,1.442,1.442,-3.7,-2.656,0.024,9.4
Ryan Dunn,PHO,1355.0,13.7,5.26,1.383,-0.066,1.45,1.45,-0.9,-0.102,0.093,11.7
RayJ Dennis,3TM,206.0,21.4,-0.145,-0.202,-1.671,1.468,1.468,-6.0,-1.403,-0.072,6.2
Dalton Knecht,LAL,553.0,17.7,1.864,0.387,-1.113,1.5,1.5,-3.6,-3.698,0.038,10.1
Julian Champagnie,SAS,2266.0,15.2,7.761,2.117,0.596,1.521,1.521,1.4,1.54,0.132,13.1
Andre Jackson Jr.,MIL,408.0,17.8,0.983,0.129,-1.398,1.527,1.527,-7.1,0.197,-0.047,6.8
Daniss Jenkins,DET,1455.0,21.5,6.186,1.655,0.098,1.557,1.557,-0.7,0.182,0.095,13.4
Jamal Shead,TOR,1852.0,15.5,4.841,1.26,-0.31,1.571,1.571,-2.3,0.156,0.07,10.5
Jalen Wilson,BRK,859.0,18.2,1.577,0.303,-1.288,1.591,1.591,-5.6,-2.422,0.012,8.7
P.J. Washington,DAL,1736.0,20.1,5.012,1.311,-0.287,1.598,1.598,-1.6,-0.465,0.046,13.1
Marcus Sasser,DET,457.0,19.6,4.387,1.127,-0.478,1.605,1.605,-1.7,-2.122,0.085,11.2
Vince Williams Jr.,MEM,736.0,19.6,3.918,0.99,-0.633,1.622,1.622,-0.9,-1.32,0.01,10.8
Vince Williams Jr.,2TM,820.0,19.5,3.918,0.99,-0.655,1.645,1.645,-1.0,-1.32,0.008,10.7
Ajay Mitchell,OKC,1473.0,21.8,9.922,2.751,1.072,1.679,1.679,1.9,2.391,0.156,16.8
Tari Eason,HOU,1549.0,18.7,6.202,1.66,-0.029,1.688,1.688,-1.6,0.136,0.091,12.9
Rasheer Fleming,PHO,673.0,16.3,3.926,0.992,-0.715,1.707,1.707,-3.8,-1.284,0.055,10.2
Christian Braun,DEN,1399.0,14.8,6.294,1.687,-0.029,1.715,1.715,-1.2,-0.326,0.103,12.6
AJ Johnson,WAS,214.0,20.7,-0.8,-0.394,-2.142,1.748,1.748,-10.5,0.574,-0.137,4.3
Davion Mitchell,MIA,2000.0,13.6,6.778,1.829,0.005,1.824,1.824,-0.9,-0.086,0.104,12.1
Klay Thompson,DAL,1497.0,22.7,4.222,1.079,-0.766,1.844,1.844,-1.4,-2.461,0.018,11.4
Simone Fontecchio,MIA,1173.0,19.6,7.598,2.069,0.185,1.884,1.884,0.5,-0.386,0.106,13.8
Aaron Holiday,HOU,781.0,16.6,5.046,1.32,-0.565,1.886,1.886,-2.4,-1.967,0.088,10.1
Hugo González,BOS,1084.0,11.8,6.506,1.749,-0.183,1.931,1.931,-1.5,-0.132,0.099,10.2
Jaylon Tyson,CLE,1777.0,19.3,8.395,2.303,0.358,1.945,1.945,0.1,0.604,0.108,14.8
Micah Peavy,NOP,913.0,14.0,3.568,0.887,-1.092,1.978,1.978,-5.2,-1.327,0.02,8.3
Toby Okani,MEM,217.0,14.7,-0.128,-0.197,-2.257,2.06,2.06,-10.7,-2.549,-0.052,4.1
Yang Hansen,POR,300.0,19.9,-1.394,-0.569,-2.639,2.071,2.071,-9.5,,-0.075,3.7
Miles McBride,NYK,1080.0,18.2,9.258,2.556,0.446,2.11,2.11,1.2,0.971,0.119,13.1
Ethan Thompson,IND,653.0,15.7,4.686,1.215,-1.023,2.238,2.238,-4.9,-1.015,0.02,8.3
Nikola Jović,MIA,808.0,21.4,5.05,1.322,-0.979,2.3,2.3,-3.5,-1.459,0.001,9.5
Gradey Dick,TOR,1067.0,18.7,6.231,1.668,-0.801,2.469,2.469,-3.6,-2.484,0.064,10.7
Nique Clifford,SAC,1882.0,17.0,6.378,1.711,-1.136,2.847,2.847,-4.9,-1.112,-0.014,9.0
