player_name,player_id,bpr_new,bpr_old,box_bpr,bpm
Jrue Holiday,201950,13.838,15.853,4.327,1.9
Victor Wembanyama,1641705,12.192,12.601,10.141,10.7
Shai Gilgeous-Alexander,1628983,11.295,12.911,8.535,11.7
Paul Reed,1630194,11.203,12.313,6.821,5.3
Tari Eason,1631106,10.955,12.905,3.272,-1.6
Jalen Smith,1630188,10.57,11.773,4.993,-0.7
Neemias Queta,1629674,10.13,10.741,7.378,2.8
Ausar Thompson,1641709,9.717,10.586,7.225,3.1
Amen Thompson,1641708,9.62,11.069,4.589,2.6
Dean Wade,1629731,9.506,10.299,7.361,0.2
Isaiah Hartenstein,1628392,9.349,9.944,7.733,4.2
Moussa Diabaté,1631217,9.268,9.971,5.874,1.7
Chet Holmgren,1631096,9.208,9.68,8.442,4.2
Blake Hinson,1642396,9.191,9.492,6.781,-0.6
Immanuel Quickley,1630193,9.184,10.363,3.149,2.4
Jimmy Butler III,202710,8.919,10.236,5.121,
Tobias Harris,202699,8.878,10.122,5.624,1.4
Stephon Castle,1642264,8.71,10.178,4.392,1.9
Josh Green,1630182,8.307,8.768,6.015,-0.7
Nikola Jokić,203999,8.216,9.661,6.307,14.2
Aaron Gordon,203932,7.921,8.537,6.346,1.7
Nique Clifford,1642363,7.865,9.297,-0.039,-4.9
Sam Hauser,1630573,7.839,8.453,6.602,0.6
Derrick Jones Jr.,1627884,7.78,8.871,5.007,-0.7
Steven Adams,203500,7.659,8.28,5.458,-0.5
Devin Booker,1626164,7.591,8.523,2.699,2.2
Jalen Brunson,1628973,7.504,8.796,2.433,3.1
Kris Murray,1631200,7.477,8.678,2.647,-1.5
Jalen Williams,1631114,7.43,7.763,5.865,2.1
Derrick White,1628401,7.357,7.866,6.18,3.2
OG Anunoby,1628384,7.331,7.824,5.343,2.0
Jordan Goodwin,1630692,7.24,7.812,4.128,1.8
Jaime Jaquez Jr.,1631170,7.217,8.323,2.478,0.1
Mike Conley,201144,7.188,8.011,4.476,-1.3
Bam Adebayo,1628389,7.144,7.561,4.554,2.0
Ajay Mitchell,1642349,7.033,7.004,7.716,1.9
Pascal Siakam,1627783,6.921,8.071,0.681,0.7
Jonathan Kuminga,1630228,6.905,7.659,3.38,0.1
Giannis Antetokounmpo,203507,6.68,7.405,5.237,9.5
Duncan Robinson,1629130,6.648,6.834,7.153,0.8
Naz Reid,1629675,6.562,7.643,4.443,0.9
Quentin Grimes,1629656,6.498,7.162,1.577,-1.6
Jalen Johnson,1630552,6.459,7.224,2.549,4.2
Grant Williams,1629684,6.353,6.244,6.399,1.6
Christian Braun,1631128,6.327,6.911,5.146,-1.2
Marcus Sasser,1631204,6.272,6.469,6.359,-1.7
Alex Caruso,1627936,6.222,5.857,8.255,1.9
Collin Gillespie,1631221,6.201,6.731,4.012,2.5
Marcus Smart,203935,6.191,6.472,5.768,-2.2
Joel Embiid,203954,6.179,6.753,5.31,4.9
Dyson Daniels,1630700,6.141,6.106,5.523,1.3
Toumani Camara,1641739,6.128,6.83,2.988,-1.0
DeAndre Jordan,201599,5.995,7.805,2.356,
Dylan Harper,1642844,5.979,6.752,5.54,1.4
Sandro Mamukelashvili,1630572,5.925,6.554,4.942,2.8
De'Aaron Fox,1628368,5.913,6.857,5.0,2.2
Day'Ron Sharpe,1630549,5.715,6.076,2.575,1.4
Stephen Curry,201939,5.648,6.664,3.61,5.4
Onyeka Okongwu,1630168,5.631,5.901,3.137,0.7
Jaden McDaniels,1630183,5.571,6.162,4.833,-0.3
Lauri Markkanen,1628374,5.542,6.035,1.025,2.6
Nickeil Alexander-Walker,1629638,5.538,6.036,2.766,1.2
Gui Santos,1630611,5.51,6.836,1.504,-0.6
Rudy Gobert,203497,5.452,5.898,5.271,1.0
Adem Bona,1641737,5.41,6.528,0.884,-2.9
Franz Wagner,1630532,5.401,5.93,3.544,2.5
Jaylin Williams,1631119,5.389,5.714,5.807,2.7
Cedric Coward,1642907,5.38,6.182,2.517,-0.2
Davion Mitchell,1630558,5.249,5.873,3.153,-0.9
Donovan Mitchell,1628378,5.239,5.593,4.258,5.1
Jordan Walsh,1641775,5.229,5.782,3.838,0.2
Josh Hart,1628404,5.227,6.109,2.275,3.0
Jarrett Allen,1628386,5.149,5.592,4.261,2.6
Miles McBride,1630540,5.058,4.86,6.483,1.2
Donte DiVincenzo,1628978,4.96,5.005,7.002,0.8
Kevin Huerter,1628989,4.946,5.669,2.824,0.3
Payton Pritchard,1630202,4.877,5.291,4.817,2.3
Yanic Konan Niederhäuser,1642949,4.854,5.016,3.192,-2.2
Dominick Barlow,1631230,4.82,5.224,2.244,-1.1
Kris Dunn,1627739,4.796,5.387,1.723,-0.8
Jalen Suggs,1630591,4.707,4.654,4.791,2.5
Tristan da Silva,1641783,4.703,5.077,3.037,-0.6
Brandon Miller,1641706,4.68,4.549,5.3,1.6
Devin Vassell,1630170,4.661,4.382,6.404,0.5
Tyler Kolek,1642278,4.623,5.151,2.768,-0.6
Jordan Clarkson,203903,4.622,5.179,1.383,-3.3
Brandon Ingram,1627742,4.584,5.448,0.893,0.5
Herbert Jones,1630529,4.536,5.594,0.501,-3.1
Kawhi Leonard,202695,4.53,4.106,6.567,8.0
Baylor Scheierman,1631248,4.478,4.801,4.178,0.6
Clint Capela,203991,4.475,4.406,4.938,0.4
LeBron James,2544,4.442,4.831,3.622,3.5
Luke Kennard,1628379,4.441,4.952,1.473,-0.4
Jayson Tatum,1628369,4.405,4.284,5.229,4.8
RJ Barrett,1629628,4.329,4.376,3.839,0.2
Aaron Holiday,1628988,4.327,4.605,3.404,-2.4
Rui Hachimura,1629060,4.301,5.032,2.279,-2.2
Julian Champagnie,1630577,4.219,3.761,7.13,1.4
Jose Alvarado,1630631,4.206,4.575,0.86,0.9
Jamal Cain,1631288,4.205,4.852,2.071,-1.4
Kristaps Porziņģis,204001,4.148,4.416,3.695,-0.2
Ethan Thompson,1630679,4.108,4.583,2.77,-4.9
Evan Mobley,1630596,4.061,4.195,4.142,3.0
Mitchell Robinson,1629011,4.052,3.826,4.812,3.5
Justin Champagnie,1630551,3.918,4.748,-0.778,-0.4
Darius Garland,1629636,3.912,4.675,1.427,1.8
Pete Nance,1631250,3.893,4.909,-0.369,-2.3
Robert Williams III,1629057,3.876,3.697,3.757,
Jaylen Clark,1641740,3.872,3.845,4.967,-2.4
Quinten Post,1642366,3.85,3.967,2.756,-1.1
Jusuf Nurkić,203994,3.813,5.531,-1.803,1.1
Josh Okogie,1629006,3.812,3.979,3.245,-1.2
Zach Collins,1628380,3.802,3.719,4.307,
Rasheer Fleming,1642853,3.799,3.181,5.457,-3.8
VJ Edgecombe,1642845,3.775,4.435,2.0,-0.5
Tyrese Maxey,1630178,3.774,4.901,2.187,5.4
Cade Cunningham,1630595,3.73,3.543,6.204,6.3
Hugo González,1642864,3.671,3.601,5.946,-1.5
Sam Merrill,1630241,3.57,2.962,5.631,0.1
Aaron Nesmith,1630174,3.531,4.851,-1.39,-3.4
Shaedon Sharpe,1631101,3.505,4.377,-0.533,-1.4
Karlo Matković,1631255,3.485,3.987,0.786,0.7
Ryan Rollins,1631157,3.474,3.586,2.096,0.2
Nikola Vučević,202696,3.456,3.578,3.268,0.2
Yves Missi,1642274,3.424,4.016,1.397,-1.7
Johnny Furphy,1642277,3.403,4.148,0.515,-3.7
Miles Bridges,1628970,3.389,3.622,2.044,1.1
LaMelo Ball,1630163,3.371,3.075,5.092,4.7
Nicolas Batum,201587,3.276,4.188,0.791,-1.0
Kon Knueppel,1642851,3.253,3.539,3.259,2.8
Precious Achiuwa,1630173,3.229,3.674,0.17,-1.6
Simone Fontecchio,1631323,3.222,3.124,3.405,0.5
Landry Shamet,1629013,3.207,2.842,4.389,-0.3
Karl-Anthony Towns,1626157,3.201,3.379,3.966,3.3
Jamaree Bouyea,1631123,3.17,3.596,1.54,-0.4
Terance Mann,1629611,3.127,4.137,-0.717,-3.4
P.J. Washington,1629023,3.118,4.222,-1.373,-1.6
Ryan Dunn,1642346,3.056,3.355,2.594,-0.9
Dennis Schröder,203471,3.032,4.35,-4.31,-2.8
Vince Williams Jr.,1631246,3.022,3.037,3.471,-0.9
Cody Williams,1642262,2.87,4.317,-4.209,-5.5
Tyus Jones,1626145,2.805,3.181,-0.39,-1.7
Spencer Jones,1642461,2.798,3.564,1.449,-2.4
Moussa Cisse,1630619,2.78,2.827,2.757,-2.9
Luguentz Dort,1629652,2.746,2.274,5.322,-2.0
Jaylon Tyson,1642281,2.741,3.039,1.918,0.1
Pelle Larsson,1641796,2.738,3.188,1.306,-1.2
id=203552,203552,2.709,3.597,,
Jakob Poeltl,1627751,2.708,2.64,2.812,1.6
Daniel Gafford,1629655,2.668,3.658,-1.04,0.7
Keldon Johnson,1629640,2.61,2.613,3.914,0.9
Al Horford,201143,2.61,3.025,0.725,1.6
Sion James,1642883,2.605,2.719,1.663,-2.0
De'Anthony Melton,1629001,2.577,2.733,2.303,-2.5
CJ McCollum,203468,2.525,2.439,1.451,0.9
Ryan Nembhard,1642948,2.519,3.179,0.207,-4.1
id=1642352,1642352,2.471,3.244,,
Ron Harper Jr.,1631199,2.464,2.498,2.584,1.1
Obi Toppin,1630167,2.463,2.63,0.519,3.0
Gradey Dick,1641711,2.45,2.522,2.945,-3.6
Austin Reaves,1630559,2.424,2.361,3.189,2.8
Nolan Traore,1642849,2.41,3.823,-3.09,
Jaren Jackson Jr.,1628991,2.382,2.42,2.09,-0.8
Matisse Thybulle,1629680,2.375,1.51,5.885,4.4
Bobby Portis,1626171,2.365,3.039,-0.128,0.0
Jamir Watkins,1642364,2.345,2.971,-0.292,-3.3
Kasparas Jakučionis,1642857,2.337,2.546,1.424,-0.4
Deandre Ayton,1629028,2.337,2.34,2.383,-0.9
id=1642863,1642863,2.309,2.567,,
Goga Bitadze,1629048,2.286,2.182,2.902,2.8
Jonathan Isaac,1628371,2.27,2.918,-0.085,-1.6
Bryce McGowens,1631121,2.195,2.535,-0.3,-2.8
id=1642400,1642400,2.186,3.002,,
Josh Minott,1631169,2.178,2.315,1.513,3.0
Anthony Black,1641710,2.154,2.349,1.288,-0.6
id=1642434,1642434,2.07,2.808,,
Jamal Shead,1642347,2.047,1.968,4.41,-2.3
Maxime Raynaud,1642875,2.019,2.856,-3.287,-2.4
Michael Porter Jr.,1629008,1.997,2.353,0.151,3.0
Taurean Prince,1627752,1.986,2.224,1.124,-3.1
Paolo Banchero,1631094,1.975,2.564,0.365,1.4
Peyton Watson,1631212,1.958,2.023,3.121,-1.2
Luka Garza,1630568,1.929,1.778,4.183,2.4
Wendell Carter Jr.,1628976,1.929,1.791,2.711,-0.6
Micah Potter,1630695,1.847,2.404,0.153,0.7
Matas Buzelis,1641824,1.832,2.219,-0.737,-1.0
Jay Huff,1630643,1.799,2.325,0.352,0.4
Anthony Davis,203076,1.789,2.135,0.812,2.4
Desmond Bane,1630217,1.776,1.766,2.982,1.4
Isaiah Jackson,1630543,1.72,1.9,0.428,2.6
Svi Mykhailiuk,1629004,1.717,1.651,-0.066,-1.7
id=1641890,1641890,1.711,2.147,,
Dorian Finney-Smith,1627827,1.704,1.876,1.033,-4.3
Kevin Durant,201142,1.698,1.408,2.83,4.5
Klay Thompson,202691,1.689,1.959,-0.26,-1.4
Donovan Clingan,1642270,1.687,1.289,3.003,3.0
Will Richard,1642954,1.678,2.113,-0.726,-1.7
id=1631113,1631113,1.659,1.936,,
Jaxson Hayes,1629637,1.566,1.258,2.635,1.2
Jarred Vanderbilt,1629020,1.521,1.471,1.782,-1.5
id=1630574,1630574,1.519,1.809,,
id=1642354,1642354,1.478,1.921,,
Asa Newell,1642854,1.428,2.113,-0.211,-1.5
Cameron Payne,1626166,1.379,1.664,-1.568,0.3
Tre Johnson,1642848,1.364,2.243,-3.17,-5.0
Bones Hyland,1630538,1.333,0.691,4.152,1.7
id=1641747,1641747,1.294,1.685,,
id=1642355,1642355,1.275,1.614,,
id=203648,203648,1.259,1.797,,
T.J. McConnell,204456,1.237,1.237,0.081,2.5
Javon Small,1642914,1.223,1.599,-0.75,1.0
Rob Dillingham,1642265,1.212,1.644,-1.984,-6.8
Marvin Bagley III,1628963,1.204,1.467,-0.172,1.0
Kevin Love,201567,1.198,1.667,-1.014,0.2
Kenrich Williams,1629026,1.175,2.194,0.232,0.2
Kyle Filipowski,1642271,1.174,1.36,-1.459,-1.1
id=1630256,1630256,1.127,1.446,,
Bennedict Mathurin,1631097,1.123,1.082,1.225,-2.1
Kentavious Caldwell-Pope,203484,1.117,1.541,-0.122,-2.5
Jake LaRavia,1631222,1.114,1.374,1.353,-1.2
id=1630846,1630846,1.11,1.492,,
id=1642886,1642886,1.106,1.412,,
Garrison Mathews,1629726,1.097,0.98,1.919,
Ivica Zubac,1627826,1.071,1.186,-0.236,0.1
Luka Dončić,1629029,1.056,0.9,3.866,9.3
James Harden,201935,1.031,1.294,0.252,4.0
Kevon Looney,1626172,0.993,1.967,-1.762,-1.8
id=1631120,1631120,0.99,1.311,,
id=1629312,1629312,0.987,1.172,,
Cason Wallace,1641717,0.976,0.065,7.29,1.2
Jalen Duren,1631105,0.965,0.03,6.738,5.0
Collin Murray-Boyles,1642867,0.964,0.528,3.153,1.0
Killian Hayes,1630165,0.951,0.949,-0.356,-6.0
Jamal Murray,1627750,0.937,0.531,3.708,4.1
Leonard Miller,1631159,0.926,0.916,1.216,-0.6
Craig Porter Jr.,1641854,0.921,0.465,3.039,2.0
Tidjane Salaün,1642275,0.92,1.128,0.21,-0.8
id=1631103,1631103,0.901,1.135,,
Coby White,1629632,0.896,0.712,2.257,2.9
id=1641744,1641744,0.893,1.17,,
Ryan Kalkbrenner,1641750,0.882,1.209,0.055,1.8
Jaden Ivey,1631093,0.878,1.206,0.698,0.1
John Collins,1628381,0.875,0.945,0.802,-0.5
Julius Randle,203944,0.874,0.597,4.632,1.5
Olivier-Maxence Prosper,1641765,0.87,2.071,-3.461,-0.1
id=1641771,1641771,0.851,1.175,,
id=1642404,1642404,0.826,1.234,,
Jalen Wilson,1630592,0.808,1.675,-2.609,-5.6
id=1630658,1630658,0.8,1.118,,
Kyle Anderson,203937,0.792,1.021,-0.248,1.6
Moses Moody,1630541,0.763,0.034,3.644,-0.1
Ochai Agbaji,1630534,0.761,0.906,-0.564,-2.7
id=200768,200768,0.74,1.021,,
Jeremiah Fears,1642847,0.736,1.142,-3.062,-2.7
id=1642359,1642359,0.73,1.065,,
MarJon Beauchamp,1630699,0.725,0.822,0.155,
Jalen Green,1630224,0.708,0.814,-0.095,-1.1
id=1643133,1643133,0.704,0.87,,
Nae'Qwan Tomlin,1641772,0.701,0.019,3.301,-2.1
id=1631111,1631111,0.692,0.974,,
id=1643047,1643047,0.659,0.786,,
Jalen Pickett,1629618,0.655,0.544,0.63,-2.3
id=1631214,1631214,0.633,0.813,,
id=1642955,1642955,0.617,0.812,,
Tre Jones,1630200,0.609,0.437,0.846,1.3
Mouhamed Gueye,1631243,0.601,0.278,2.861,-1.3
id=1630621,1630621,0.601,0.728,,
id=1641794,1641794,0.594,0.805,,
id=1642490,1642490,0.59,0.758,,
Jerami Grant,203924,0.585,0.195,0.49,0.0
id=1641810,1641810,0.567,0.806,,
id=1627746,1627746,0.556,0.799,,
id=201145,201145,0.536,0.663,,
id=1641813,1641813,0.531,0.734,,
AJ Green,1631260,0.522,0.336,0.991,-3.3
id=1642885,1642885,0.517,0.553,,
id=1631117,1631117,0.505,0.685,,
Dejounte Murray,1627749,0.503,0.433,0.604,1.4
id=1642357,1642357,0.497,0.733,,
Scottie Barnes,1630567,0.475,0.105,3.522,4.2
Anfernee Simons,1629014,0.472,0.379,1.759,0.6
id=1631223,1631223,0.458,0.484,,
id=1642449,1642449,0.458,0.79,,
id=1643257,1643257,0.457,0.506,,
Justin Edwards,1642348,0.443,0.673,-0.886,-1.3
id=1631216,1631216,0.423,0.561,,
id=1631116,1631116,0.415,0.578,,
Luke Kornet,1628436,0.41,-0.309,4.016,3.6
Dalen Terry,1631207,0.409,0.483,0.043,-1.3
id=1630828,1630828,0.393,0.573,,
id=1631211,1631211,0.372,0.493,,
id=1641732,1641732,0.365,0.514,,
Jordan Miller,1641757,0.358,0.018,2.053,0.2
id=1641871,1641871,0.355,0.408,,
id=1643060,1643060,0.337,0.534,,
Tyrese Proctor,1642878,0.326,1.077,-1.275,-2.8
Maxi Kleber,1628467,0.322,-0.508,2.925,-3.9
Kobe Sanders,1642920,0.304,0.435,1.129,-2.9
id=1642384,1642384,0.275,0.33,,
id=1641755,1641755,0.267,0.378,,
id=1630639,1630639,0.259,0.475,,
id=1641726,1641726,0.24,0.34,,
Derik Queen,1642852,0.231,0.508,-2.581,-0.8
id=1631210,1631210,0.226,0.315,,
Aaron Wiggins,1630598,0.213,-0.073,2.975,-0.9
Jock Landale,1629111,0.211,0.405,-0.66,0.1
id=1641752,1641752,0.198,0.328,,
id=203967,203967,0.185,0.264,,
id=1628964,1628964,0.182,0.233,,
id=202066,202066,0.157,0.235,,
id=1643141,1643141,0.143,0.208,,
id=1642876,1642876,0.137,0.256,,
id=1642939,1642939,0.12,0.161,,
id=1642389,1642389,0.11,0.177,,
id=1626192,1626192,0.07,0.088,,
Julian Strawther,1631124,0.062,0.0,-0.106,-2.3
id=1629634,1629634,0.051,0.064,,
Carter Bryant,1642868,0.044,0.178,1.455,-3.0
Dillon Brooks,1628415,0.042,0.211,-0.502,-2.3
id=1643024,1643024,0.037,0.056,,
Gabe Vincent,1629216,0.033,-0.084,1.762,-3.4
Tim Hardaway Jr.,203501,0.015,-0.397,2.507,-0.7
id=1642443,1642443,0.005,-0.006,,
id=1628420,1628420,-0.018,-0.019,,
D'Angelo Russell,1626156,-0.037,-0.006,-0.223,-2.3
id=1641790,1641790,-0.041,0.013,,
id=1641787,1641787,-0.045,-0.067,,
Norman Powell,1626181,-0.05,-0.167,-0.187,1.6
id=1642368,1642368,-0.07,-0.096,,
Jonas Valančiūnas,202685,-0.073,0.275,-0.703,0.0
id=1642959,1642959,-0.073,0.015,,
id=1629610,1629610,-0.078,-0.104,,
id=1642884,1642884,-0.086,-0.16,,
id=1631205,1631205,-0.089,-0.153,,
Jaden Hardy,1630702,-0.092,0.341,-1.761,-5.7
id=1641753,1641753,-0.093,-0.108,,
id=1642935,1642935,-0.096,-0.126,,
Santi Aldama,1630583,-0.097,-0.334,0.701,1.7
id=1628998,1628998,-0.101,-0.139,,
id=1631115,1631115,-0.103,-0.143,,
id=201569,201569,-0.107,-0.123,,
id=1641801,1641801,-0.115,-0.149,,
id=1630322,1630322,-0.124,-0.078,,
Keyonte George,1641718,-0.141,-0.068,-3.578,0.9
Kyle Kuzma,1628398,-0.142,0.069,-0.55,-2.3
id=1642468,1642468,-0.143,-0.2,,
id=1641809,1641809,-0.155,-0.249,,
Ben Sheppard,1641767,-0.157,0.179,-1.397,-3.0
id=1631457,1631457,-0.167,-0.23,,
Dwight Powell,203939,-0.17,-0.087,0.103,-1.4
Scotty Pippen Jr.,1630590,-0.182,0.047,-1.713,-2.8
Malevy Leons,1642502,-0.191,0.113,-3.203,-2.8
id=1642282,1642282,-0.202,-0.273,,
id=1641761,1641761,-0.204,-0.298,,
id=1630649,1630649,-0.213,-0.296,,
id=1641780,1641780,-0.238,-0.349,,
id=1630209,1630209,-0.238,-0.34,,
Jared McCain,1642272,-0.241,-0.69,3.187,-0.9
id=1642950,1642950,-0.272,-0.203,,
Ziaire Williams,1630533,-0.283,-0.183,-1.339,-1.7
id=1630214,1630214,-0.291,-0.314,,
id=1642402,1642402,-0.304,-0.375,,
Buddy Hield,1627741,-0.305,-0.183,-1.54,-1.0
id=1631127,1631127,-0.317,-0.421,,
Cameron Johnson,1629661,-0.321,-1.929,4.814,-0.6
id=1628449,1628449,-0.341,-0.465,,
Amir Coffey,1629599,-0.346,-0.49,0.497,-0.5
Saddiq Bey,1630180,-0.362,-0.757,-0.324,0.5
Chaney Johnson,1643052,-0.374,-0.196,-0.846,0.1
id=1642066,1642066,-0.41,-0.574,,
Danny Wolf,1642874,-0.423,-0.532,-1.146,-2.5
id=1642362,1642362,-0.434,-0.496,,
id=1642918,1642918,-0.45,-0.613,,
Ayo Dosunmu,1630245,-0.459,-0.833,2.31,1.5
E.J. Liddell,1630604,-0.46,-0.493,-0.068,-3.3
Taylor Hendricks,1641707,-0.463,-0.111,-3.254,-1.5
Brook Lopez,201572,-0.475,-1.307,3.51,-0.9
Yuki Kawamura,1642530,-0.501,-0.246,-1.975,-3.7
id=1642855,1642855,-0.506,-0.71,,
id=1641998,1641998,-0.514,-0.753,,
Javonte Green,1629750,-0.525,-1.421,5.134,2.1
LJ Cryer,1643018,-0.534,-0.682,0.877,-4.7
Alex Sarr,1642259,-0.534,-0.267,-2.086,0.7
Anthony Edwards,1630162,-0.554,-1.013,4.158,4.5
Jericho Sims,1630579,-0.571,0.364,-4.025,-3.1
Nick Smith Jr.,1641733,-0.571,-0.664,0.32,-4.7
id=1630625,1630625,-0.587,-0.731,,
id=1631247,1631247,-0.588,-0.813,,
id=1630548,1630548,-0.609,-0.79,,
Myles Turner,1626167,-0.64,-0.503,0.978,-0.9
Naji Marshall,1630230,-0.642,-0.733,-0.196,-0.6
id=1630164,1630164,-0.649,-0.894,,
Pat Spencer,1630311,-0.655,-0.532,-0.787,-2.3
id=1642917,1642917,-0.677,-0.911,,
id=1629646,1629646,-0.677,-0.887,,
id=1642911,1642911,-0.68,-0.906,,
id=1630286,1630286,-0.699,-0.973,,
Keon Ellis,1631165,-0.712,-1.148,0.142,1.1
id=1630644,1630644,-0.723,-0.918,,
Andrew Wiggins,203952,-0.731,-0.68,0.664,1.2
id=1631338,1631338,-0.749,-1.01,,
id=1641815,1641815,-0.75,-1.027,,
id=1629162,1629162,-0.756,-0.807,,
Grayson Allen,1628960,-0.762,-0.866,0.541,2.1
Dylan Cardwell,1642928,-0.767,-1.295,1.153,-1.9
id=1641725,1641725,-0.785,-1.118,,
Daniss Jenkins,1642450,-0.802,-1.631,3.658,-0.7
Josh Giddey,1630581,-0.814,-0.77,-0.869,2.7
id=1631451,1631451,-0.819,-1.043,,
id=203078,203078,-0.821,-1.156,,
id=204060,204060,-0.828,-1.053,,
John Konchar,1629723,-0.829,-0.935,0.722,0.0
Thomas Bryant,1628418,-0.834,-1.36,1.555,0.1
Sidy Cissoko,1631321,-0.857,-1.133,0.035,-4.0
Kyshawn George,1642273,-0.861,-0.412,-3.13,-1.2
Oso Ighodaro,1642345,-0.888,-1.95,2.529,0.1
Caleb Martin,1628997,-0.907,-0.586,-2.836,-2.2
Cam Spencer,1642285,-0.912,-1.148,-0.308,2.2
id=1642967,1642967,-0.957,-1.257,,
id=1643158,1643158,-0.993,-1.249,,
id=1642882,1642882,-1.018,-1.08,,
Paul George,202331,-1.052,-2.711,4.257,1.7
Liam McNeeley,1642862,-1.062,-1.123,-0.6,-1.3
Jabari Smith Jr.,1631095,-1.077,-1.82,3.351,-0.7
id=1641816,1641816,-1.079,-1.49,,
AJ Johnson,1642358,-1.093,-1.023,-2.942,-7.4
Doug McDermott,203926,-1.119,-0.62,-2.566,-4.4
id=1642419,1642419,-1.128,-1.406,,
id=1628502,1628502,-1.133,-1.553,,
id=1641807,1641807,-1.142,-1.574,,
Lonzo Ball,1628366,-1.143,-1.605,0.924,-1.1
id=1630587,1630587,-1.166,-1.525,,
Deni Avdija,1630166,-1.221,-1.695,0.233,4.3
Zion Williamson,1629627,-1.221,-1.458,-0.497,2.9
Scoot Henderson,1630703,-1.251,-2.244,1.791,-2.2
id=1642910,1642910,-1.274,-1.721,,
id=1642951,1642951,-1.298,-1.755,,
Kevin Porter Jr.,1629645,-1.311,-1.964,0.688,2.1
id=1642504,1642504,-1.316,-1.718,,
Ty Jerome,1629660,-1.325,-1.263,-1.984,7.7
Isaiah Stewart,1630191,-1.33,-1.787,2.825,0.0
Brandin Podziemski,1641764,-1.334,-1.729,1.208,0.2
Kel'el Ware,1642276,-1.359,-1.895,0.582,2.1
id=203486,203486,-1.369,-1.752,,
id=1642367,1642367,-1.386,-1.675,,
Trey Murphy III,1630530,-1.447,-1.822,-0.554,2.4
Isaac Okoro,1630171,-1.512,-1.36,-2.055,-3.8
Zeke Nnaji,1630192,-1.54,-0.792,-3.29,-3.5
Jeremiah Robinson-Earl,1630526,-1.55,-1.404,-2.61,-5.4
Micah Peavy,1642877,-1.594,-1.95,-0.006,-5.2
id=1642933,1642933,-1.604,-2.133,,
id=1630610,1630610,-1.623,-1.837,,
Guerschon Yabusele,1627824,-1.624,-1.501,-2.87,-1.3
id=1631166,1631166,-1.628,-2.138,,
Gary Payton II,1627780,-1.677,-2.522,2.467,1.9
Quenton Jackson,1631245,-1.679,-2.056,0.518,-1.8
Brice Sensabaugh,1641729,-1.702,-1.751,-3.437,-2.6
Max Christie,1631108,-1.724,-1.475,-2.299,-1.5
Noah Clowney,1641730,-1.734,-1.555,-1.774,-3.4
Jaylen Wells,1642377,-1.736,-1.843,-1.725,-3.1
Nick Richards,1630208,-1.746,-1.667,-3.246,-5.8
id=1642403,1642403,-1.746,-2.421,,
Ja'Kobe Walter,1642266,-1.761,-2.516,2.508,-0.3
id=1642866,1642866,-1.808,-2.323,,
id=1641727,1641727,-1.815,-1.955,,
Bilal Coulibaly,1641731,-1.847,-1.389,-3.516,-2.1
Isaiah Joe,1630198,-1.87,-3.512,6.012,2.5
Jase Richardson,1642859,-1.881,-2.108,-0.442,-2.5
Blake Wesley,1631104,-1.89,-1.758,-2.684,-3.6
Ja Morant,1629630,-1.91,-1.928,-1.305,-1.5
Walter Clayton Jr.,1642383,-1.956,-1.428,-4.712,
Dru Smith,1630696,-1.977,-2.441,0.459,2.2
id=1631102,1631102,-2.003,-2.652,,
id=1628365,1628365,-2.009,-2.808,,
Jordan Poole,1629673,-2.062,-1.808,-3.606,-3.5
Christian Koloko,1631132,-2.087,-2.098,-1.727,-4.7
Brandon Williams,1630314,-2.136,-2.097,-2.287,0.4
Reed Sheppard,1642263,-2.174,-2.828,2.042,2.7
id=1643253,1643253,-2.185,-2.537,,
Tyrese Martin,1631213,-2.195,-2.25,-2.011,-3.1
id=202687,202687,-2.197,-2.914,,
Branden Carlson,1642382,-2.232,-2.313,0.73,0.8
Egor Dëmin,1642856,-2.242,-2.893,-0.757,-1.6
Bogdan Bogdanović,203992,-2.251,-2.723,-0.443,-3.1
Mark Williams,1631109,-2.281,-3.088,0.47,2.0
Trayce Jackson-Davis,1631218,-2.291,-2.392,-1.26,-0.4
id=1641763,1641763,-2.308,-2.859,,
Caris LeVert,1627747,-2.325,-2.454,1.053,-0.4
DeMar DeRozan,201942,-2.345,-2.512,-3.849,-0.1
Keaton Wallace,1630811,-2.364,-2.807,-0.323,-2.7
id=201959,201959,-2.374,-2.828,,
id=1642905,1642905,-2.381,-3.112,,
id=1641748,1641748,-2.391,-3.239,,
Jeremy Sochan,1631110,-2.425,-2.494,-1.023,-3.0
Ronald Holland II,1641842,-2.484,-3.195,3.27,
Zach LaVine,203897,-2.493,-2.092,-4.474,-1.5
Gary Trent Jr.,1629018,-2.507,-2.253,-4.238,-5.4
Royce O'Neale,1626220,-2.518,-2.456,-2.357,0.7
Jabari Walker,1631133,-2.519,-3.473,0.283,-2.7
Bez Mbeng,1643016,-2.56,-2.498,-2.917,-4.9
id=1642353,1642353,-2.581,-3.226,,
Cooper Flagg,1642843,-2.609,-3.372,-0.387,1.4
Zaccharie Risacher,1642258,-2.616,-3.326,0.468,-2.5
Jaylen Brown,1627759,-2.638,-3.716,3.622,3.3
id=1631351,1631351,-2.64,-3.101,,
GG Jackson,1641713,-2.645,-3.297,-0.391,
Max Strus,1629622,-2.66,-2.571,-2.995,-1.2
id=1642873,1642873,-2.669,-3.454,,
Cole Anthony,1630175,-2.711,-2.954,-2.447,-4.7
Draymond Green,203110,-2.711,-3.151,-0.698,-1.4
id=1642260,1642260,-2.755,-3.583,,
Bruce Brown,1628971,-2.783,-3.545,0.58,-2.4
id=203482,203482,-2.796,-3.638,,
Taelon Peter,1643007,-2.916,-3.134,-2.485,-4.6
Dalton Knecht,1642261,-2.976,-3.337,-1.348,-3.6
Nate Williams,1631466,-3.088,-2.943,-4.018,-5.0
Oscar Tshiebwe,1631131,-3.191,-3.537,-2.127,-1.8
Malik Monk,1628370,-3.282,-3.546,-3.119,-1.3
Domantas Sabonis,1627734,-3.316,-2.909,-5.288,0.6
id=1642380,1642380,-3.383,-3.915,,
id=1642964,1642964,-3.427,-4.356,,
Isaiah Collier,1642268,-3.441,-3.272,-6.586,-2.4
Tyler Herro,1629639,-3.528,-4.486,-0.519,2.0
Alperen Sengun,1630578,-3.597,-4.548,1.779,
Leaky Black,1641778,-3.602,-3.57,-3.167,-5.3
Devin Carter,1642269,-3.629,-4.26,-2.255,-2.6
Andre Drummond,203083,-3.634,-4.689,0.82,-0.6
Nikola Jović,1631107,-3.642,-4.731,-0.252,-3.5
Kam Jones,1642880,-3.657,-3.586,-3.37,-6.2
Kobe Brown,1641738,-3.666,-3.841,-2.298,-2.8
Keegan Murray,1631099,-3.703,-4.311,-2.318,-3.1
Harrison Barnes,203084,-3.757,-5.238,3.806,-0.1
De'Andre Hunter,1629631,-3.839,-3.862,-2.506,-3.4
Caleb Love,1631126,-3.926,-4.165,-2.577,-3.1
RayJ Dennis,1642484,-3.932,-3.784,-4.54,-6.0
Russell Westbrook,201566,-3.941,-4.249,-3.878,-0.4
id=1641723,1641723,-3.951,-5.359,,
Nic Claxton,1629651,-3.974,-4.592,-2.119,0.9
Ben Saraf,1642879,-4.072,-3.978,-3.484,-7.3
Mikal Bridges,1628969,-4.132,-5.949,5.246,2.7
Collin Sexton,1629012,-4.231,-4.28,-3.114,-0.2
Patrick Williams,1630172,-4.378,-4.42,-3.944,-4.5
Jevon Carter,1628975,-4.444,-4.388,-2.932,-1.1
Moritz Wagner,1629021,-4.445,-4.547,-3.595,-2.2
Trae Young,1629027,-4.456,-4.641,-3.029,1.8
Tony Bradley,1628396,-4.516,-4.482,-4.814,-4.1
Gary Harris,203914,-4.611,-5.612,-1.246,-2.5
Elijah Harkless,1641989,-4.641,-5.69,-0.006,-5.6
Tristan Vukcevic,1641774,-4.666,-4.785,-4.515,0.0
Malachi Smith,1641869,-4.676,-4.984,-1.791,-0.8
Rayan Rupert,1641712,-4.737,-4.147,-6.256,-5.1
Jett Howard,1641724,-4.748,-5.193,-1.434,-1.8
Will Riley,1642860,-4.784,-5.057,-4.972,-4.5
Sharife Cooper,1630536,-4.785,-4.975,-3.308,-3.9
Vít Krejčí,1630249,-4.903,-5.354,0.635,-2.4
Andrew Nembhard,1629614,-4.961,-5.862,-2.903,-0.8
Bub Carrington,1642267,-4.972,-4.939,-6.299,-4.7
id=1631174,1631174,-4.975,-6.376,,
Tyson Etienne,1630623,-4.998,-5.215,-2.637,-2.8
Kelly Oubre Jr.,1626162,-5.107,-6.696,-0.189,-1.4
Larry Nance Jr.,1626204,-5.113,-6.135,-1.458,-3.4
Ace Bailey,1642846,-5.257,-5.812,-3.914,-4.4
Jordan Hawkins,1641722,-5.337,-5.779,-4.339,-6.2
Corey Kispert,1630557,-5.564,-6.013,-3.717,-2.3
Cam Thomas,1630560,-5.644,-5.928,-5.399,-5.3
Drew Eubanks,1629234,-5.841,-6.124,-4.834,-3.7
Trendon Watford,1630570,-5.889,-6.481,-3.464,-1.9
Terrence Shannon Jr.,1630545,-5.926,-6.521,-2.26,-3.6
Noah Penda,1642869,-6.207,-7.174,-1.336,-1.5
Chris Paul,101108,-6.223,-6.467,-4.46,-4.2
Khris Middleton,203114,-6.387,-7.132,-3.215,-4.9
Daeqwon Plowden,1631342,-6.693,-7.286,-3.914,-4.4
Cam Whitmore,1641715,-6.817,-6.91,-6.485,-3.3
Anthony Gill,1630264,-7.313,-7.855,-4.433,-2.6
Tre Mann,1630544,-7.385,-7.72,-6.316,-5.3
Drake Powell,1642962,-7.443,-7.981,-5.494,-6.0
Ousmane Dieng,1631172,-7.543,-7.947,-2.767,-4.6
Jahmai Mashack,1642942,-8.613,-8.859,-4.976,-7.0
Jarace Walker,1641716,-8.709,-9.589,-3.943,-2.4
