player_name,RAPTOR_O,RAPTOR_D,RAPTOR_total,RAPTOR_WAR,RAPTOR_season,minutes_raptor
Aaron Gordon,0.5783956018546834,-0.2149534172947878,0.3634421845598956,4.044390443347138,2022.0,2536
Aaron Holiday,-0.2073781878078934,0.0637788589206101,-0.1435993288872832,1.356214928418125,2022.0,1041
Aaron Nesmith,-2.376423867221802,0.8461268145992294,-1.530297052622573,0.3968237115423788,2022.0,626
Aaron Wiggins,-1.846780241807005,-1.70019739653839,-3.546977638345396,-0.4926739599460012,2022.0,1209
Admiral Schofield,-3.046454804984897,-1.127393226342819,-4.173848031327716,-0.3410275397310632,2022.0,469
Al Horford,0.5864860387681804,3.734354409052149,4.320840447820328,10.21464114681412,2022.0,2820
Alec Burks,1.071192010927976,1.441834460335748,2.513026471263724,6.171371348002278,2022.0,2318
Aleksej Pokusevski,-2.860222051789934,-0.0404859539686962,-2.90070800575863,-0.0952975338455296,2022.0,1233
Alex Caruso,0.3558373487414026,4.99196567586589,5.347803024607293,5.224073629250333,2022.0,1260
Alex Len,-4.08148562098982,-1.285341504804893,-5.366827125794714,-0.8309832690232093,2022.0,620
Alfonzo McKinnie,-3.474896722584667,-7.987640543764364,-11.46253726634903,-0.9079194737308088,2022.0,206
Alperen Sengun,-1.041047916349825,-1.267561226168891,-2.308609142518715,0.3380489998426505,2022.0,1489
Amir Coffey,0.2640000984713636,-0.8756104162968903,-0.6116103178255268,1.706179834111542,2022.0,1567
Andre Drummond,-0.4457012380081863,2.351629895373545,1.905928657365359,3.575293785909486,2022.0,1497
Andre Iguodala,-0.4373885564600262,4.42854734703532,3.991158790575294,2.259532103430522,2022.0,664
Andrew Wiggins,0.2174240002378312,1.919715523130979,2.13713952336881,7.84809670593334,2022.0,3096
Anfernee Simons,2.198466348212582,-2.466859059756144,-0.2683927115435614,2.106373426244423,2022.0,1681
Anthony Davis,-0.3353375197857075,2.790039870832506,2.454702351046799,3.734707536481999,2022.0,1404
Anthony Edwards,1.753872340768291,0.0494733976711426,1.803345738439433,6.288867954558095,2022.0,2693
Anthony Gill,0.5066180945583751,-0.565344070724061,-0.0587259761656859,0.6353433941807737,2022.0,463
Armoni Brooks,-0.8364699737982408,-1.967729175897352,-2.804199149695592,-0.003935653797226,2022.0,852
Austin Reaves,0.0019510372331587,1.685455645037753,1.687406682270912,3.200876531075183,2022.0,1418
Austin Rivers,-1.810428976197241,-1.074738879888866,-2.885167856086106,-0.0936271085919497,2022.0,1588
Avery Bradley,-2.816716113867659,-0.9793169704781732,-3.796033084345833,-0.7483551862214856,2022.0,1406
Ayo Dosunmu,-1.608283994090352,-1.943165851000926,-3.551449845091279,-0.8994633315827839,2022.0,2196
Bam Adebayo,0.0070846219723953,3.848342284714114,3.855426906686509,8.275218537607781,2022.0,2439
Ben McLemore,-1.583770647893091,-3.287460931955494,-4.871231579848585,-1.398517874509892,2022.0,1285
Bismack Biyombo,-2.005734161938482,0.0129079103279734,-1.992826251610508,0.2234388003723239,2022.0,592
Blake Griffin,-1.161143826512326,4.033566437949657,2.872422611437332,2.886425763323839,2022.0,983
Bobby Portis,0.4319068947114357,1.609143822630103,2.041050717341538,5.701031002326192,2022.0,2326
Bogdan Bogdanovic,2.849609390852585,-0.6072518708367716,2.242357520015813,4.977680781926486,2022.0,1955
Bojan Bogdanovic,0.2843625675796899,-2.440703746135238,-2.156341178555548,0.7105667930152528,2022.0,2345
Bones Hyland,2.329491667826103,-1.551328859287787,0.7781628085383155,2.508231469464866,2022.0,1397
Brad Wanamaker,-3.249253405780945,-2.082854057467296,-5.33210746324824,-0.4173559568631756,2022.0,320
Bradley Beal,1.065695722855682,0.6023012111534801,1.667996934009162,3.264921882632839,2022.0,1439
Brandon Boston Jr.,-2.541980394815974,-0.7819978578775947,-3.323978252693569,-0.2229289160616695,2022.0,760
Brandon Clarke,1.320345725749703,1.692370387263697,3.012716113013401,4.571634757214357,2022.0,1542
Brandon Goodwin,-1.645950785990533,-0.1300652026569063,-1.776015988647439,0.2469178699556041,2022.0,502
Brandon Ingram,2.012756378353889,-1.204599457209661,0.8081569211442284,3.862957465791458,2022.0,2105
Brandon Williams,-2.843967563565412,-1.79422891685589,-4.638196480421303,-0.6204394096204521,2022.0,640
Brook Lopez,-3.101666366670631,4.076600144170926,0.974933777500294,1.202164793779381,2022.0,630
Bruce Brown,0.3392336266484811,0.3188316669866088,0.6580652936350899,3.301152856179081,2022.0,1913
Bryn Forbes,-0.1328543837875495,-3.487081740064125,-3.619936123851674,-0.6031457076906572,2022.0,1362
Buddy Hield,1.342456691152994,-1.133496220587963,0.2089604705650309,3.786037577976265,2022.0,2499
CJ Elleby,-3.138139691659022,-2.268927308149486,-5.407066999808508,-1.597882438228176,2022.0,1174
CJ McCollum,3.114891569989156,-0.5767310270561044,2.538160542933052,6.426310313672358,2022.0,2379
Cade Cunningham,-1.24442639428296,-0.4321275333573881,-1.676553927640348,1.151160650886816,2022.0,2088
Caleb Martin,-0.4613159212973387,2.548549610957396,2.087233689660057,3.893537712838759,2022.0,1581
Cam Reddish,-2.737139425541852,-0.7147890720273867,-3.451928497569239,-0.3657121787297347,2022.0,1012
Cam Thomas,-1.670792387675795,-2.500382117950751,-4.171174505626545,-0.857038016717802,2022.0,1176
Cameron Johnson,1.0157528318054,1.7331414554126,2.748894287217999,5.785034015444896,2022.0,2050
Cameron Payne,-0.6152984146019456,0.7413935079332581,0.1260950933313124,2.091567098836076,2022.0,1450
Caris LeVert,0.9822381674617152,-1.836573139215651,-0.8543349717539355,1.70618065419993,2022.0,1781
Carmelo Anthony,0.1247096331372579,-1.801803438296084,-1.677093805158826,0.9805771759766458,2022.0,1793
Cedi Osman,-0.6134748967864974,-1.217436279034833,-1.83091117582133,0.6873129184710437,2022.0,1462
Chimezie Metu,-3.347492554220366,0.089664201722492,-3.257828352497874,-0.3315932417823356,2022.0,1279
Chris Boucher,0.0643292428891438,0.9117902246755156,0.9761194675646592,3.476779178116669,2022.0,1820
Chris Chiozza,-4.626813078583341,-1.577669233780356,-6.204482312363698,-0.6533788232405018,2022.0,372
Chris Duarte,-0.7640839204904369,0.9542038684870252,0.1901199479965884,2.3112612030399,2022.0,1541
Chris Paul,4.359841174292205,-0.3399226299264876,4.019918544365717,8.984512344550273,2022.0,2587
Christian Wood,-0.8031819151300832,-1.237441263932793,-2.040623179062877,0.7613970528468598,2022.0,2094
Chuma Okeke,-3.560045586670975,1.078517897667688,-2.481527689003288,0.2406398688739509,2022.0,1749
Clint Capela,0.5914621540388821,2.062167468683699,2.653629622722581,5.70626355086496,2022.0,2082
Coby White,0.2829614827793058,-2.349884001541997,-2.066922518762691,0.6130795202129118,2022.0,1773
Cody Martin,0.3198418259058478,0.9464651494663884,1.266306975372236,3.793804589039835,2022.0,1866
Cody Zeller,-0.2224456828394046,-3.226755981455233,-3.449201664294637,-0.1270352122146332,2022.0,355
Cole Anthony,-0.1238523394274876,-1.959666521370462,-2.08351886079795,0.6991643180040022,2022.0,2059
Collin Sexton,-2.907188611888567,-0.0930821463415502,-3.000270758230117,-0.0405885948578658,2022.0,316
Corey Kispert,0.078097049877326,-2.11489417954881,-2.036797129671484,0.650804965110327,2022.0,1801
Cory Joseph,-0.3972047300095166,-0.1260154983306293,-0.5232202283401459,1.799029928863713,2022.0,1600
D'Angelo Russell,2.345835439237744,-0.7901475050506772,1.555687934187066,5.037722240296788,2022.0,2273
D.J. Augustin,-1.517652038712072,-5.672597528952269,-7.190249567664341,-1.992845831618175,2022.0,883
Daishen Nix,-3.215696139759614,-3.245395066336492,-6.461091206096106,-0.5012472212277012,2022.0,261
Dalano Banton,-2.711765240439261,0.1952549173632254,-2.516510323076036,0.0827199263159973,2022.0,704
Damian Jones,-1.022503345259399,-1.514897226397272,-2.53740057165667,0.1104253235135546,2022.0,1017
Damian Lillard,4.151001963870526,-1.62016179842412,2.530840165446405,2.866409561119356,2022.0,1056
Damion Lee,-2.363627476968881,0.0819070905652529,-2.281720386403629,0.3284589866470955,2022.0,1380
Daniel Gafford,0.3695159135643342,-0.6782600624247334,-0.3087441488603992,1.795111507910193,2022.0,1444
Daniel Theis,-3.420928082306625,0.7390922971908085,-2.681835785115818,0.0621670632936335,2022.0,1177
Danilo Gallinari,1.155456295424759,-2.230664730478419,-1.075208435053659,1.486611788575353,2022.0,1784
Danny Green,-0.2485773813554754,1.334798771057943,1.086221389702468,3.308754824466498,2022.0,1672
Danuel House Jr.,-1.951437908277996,0.6791488265565006,-1.272289081721495,0.6855453336735002,2022.0,839
Darius Bazley,-3.6337691649424,-0.7608462760440569,-4.394615440986457,-1.613204802789284,2022.0,1924
Darius Garland,4.769545938282755,-0.2683262330130634,4.501219705269692,8.991338374807288,2022.0,2430
David Duke Jr.,-1.599431606964084,-1.643254192765416,-3.242685799729499,-0.0857822912508679,2022.0,341
David Nwaba,0.4708237347867936,-0.0431113911728851,0.4277123436139085,0.9908298040523468,2022.0,609
Davion Mitchell,-1.609627040520358,0.3963832401848648,-1.213243800335493,1.616975837734941,2022.0,2076
Davis Bertans,-0.4516233555690274,-0.8510028191087452,-1.302626174677773,0.7655432786681702,2022.0,999
Davon Reed,-0.2654184718011396,0.1045942001746114,-0.1608242716265283,0.8737638878658956,2022.0,668
Day'Ron Sharpe,0.9960908994695478,0.9673538931138264,1.963444792583374,0.940917677691306,2022.0,391
De'Aaron Fox,1.87664114301046,-2.600854933602201,-0.7242137905917412,2.170253132511339,2022.0,2083
De'Andre Hunter,-1.890694509829968,-0.2413190620501584,-2.132013571880127,0.5497708090721678,2022.0,1752
De'Anthony Melton,0.1701831851749716,1.944413926617905,2.114597111792876,4.601709626763538,2022.0,1827
DeAndre Jordan,-3.768812607943702,-2.119151087278924,-5.887963695222626,-1.075287747310423,2022.0,653
DeAndre' Bembry,-0.8406795236275677,0.8958442822871703,0.0551647586596025,1.46802937307128,2022.0,1026
DeMar DeRozan,3.646072399632827,-2.277408933836579,1.368663465796248,6.185912524225429,2022.0,2946
DeMarcus Cousins,0.7331331222487271,2.03706375299583,2.770196875244557,2.237431334481337,2022.0,775
Dean Wade,-1.162963221397727,1.881636534626606,0.7186733132288792,1.719902575925412,2022.0,980
Deandre Ayton,-0.2402889739570676,1.12105891803172,0.8807699440746528,3.961705015981513,2022.0,2110
Dejounte Murray,3.052433200127095,-0.0465579387490156,3.00587526137808,6.978321120374634,2022.0,2366
Delon Wright,-0.2547511620299737,2.544225362262006,2.289474200232032,4.07124251452159,2022.0,1589
Deni Avdija,-0.9145353162525448,2.02555564164735,1.111020325394805,3.914351013351983,2022.0,1984
Dennis Schroder,-2.006738409140725,-0.8705952746184709,-2.877333683759195,-0.1172756960665642,2022.0,1837
Dennis Smith Jr.,-2.464668101939113,0.3495795820562856,-2.115088519882828,0.2064784347629862,2022.0,638
Denzel Valentine,-2.582889828316649,0.898260433284079,-1.68462939503257,0.1177490991493068,2022.0,222
Derrick Favors,-3.663269290556877,1.934022452612076,-1.729246837944802,0.3363670375794705,2022.0,653
Derrick Jones Jr.,-0.5130639853229653,0.2421695552536163,-0.270894430069349,1.203098479407912,2022.0,958
Derrick Rose,2.142145455465315,3.380465548392019,5.522611003857334,2.664794779007524,2022.0,636
Derrick White,0.3584597625405595,3.106443605257851,3.46490336779841,8.849230058107407,2022.0,2784
Desmond Bane,3.093926907260301,0.9340498046747177,4.027976711935018,9.345490071032632,2022.0,2694
Devin Booker,4.125160599972873,-0.0190352632353426,4.10612533673753,9.53197864054792,2022.0,2711
Devin Vassell,-0.2244902312864553,-0.5648496456636237,-0.789339876950079,1.941820379383058,2022.0,1937
Devonte' Graham,0.9312915322545058,-1.577517948841868,-0.6462264165873621,2.378497927276582,2022.0,2222
Dewayne Dedmon,-2.313661518575294,0.6539600967639845,-1.65970142181131,0.6623358497223726,2022.0,1203
Dillon Brooks,0.1129866156715546,3.143497443738805,3.256484059410361,3.784399995816959,2022.0,1220
Domantas Sabonis,1.374353031635805,2.280796546803906,3.655149578439711,7.026810932069583,2022.0,2136
Donovan Mitchell,4.724388449869949,-2.727445636168834,1.996942813701114,6.07894952091905,2022.0,2495
Donte DiVincenzo,-1.955763452286755,1.204323141603649,-0.7514403106831063,1.04453879773684,2022.0,1006
Dorian Finney-Smith,0.9603322654641864,0.5766838644302652,1.537016129894451,7.298266937787048,2022.0,3332
Doug McDermott,-0.1111296049048756,-4.534228116774472,-4.645357721679348,-1.187899740306941,2022.0,1223
Draymond Green,-0.9621271845780524,4.7564562237648,3.794329039186747,6.989095087566871,2022.0,2032
Drew Eubanks,-2.515975725526459,-1.56476063475521,-4.080736360281668,-0.8530848135327593,2022.0,1245
Duane Washington Jr.,-0.9730465511445656,-1.853955931462574,-2.827002482607139,-0.038514110856264,2022.0,968
Duncan Robinson,0.5998704306412901,-1.087805395744564,-0.4879349651032737,2.534563505329551,2022.0,2202
Dwight Howard,-0.1564969243045093,-1.519255419840871,-1.67575234414538,0.5306591643093369,2022.0,971
Dwight Powell,0.1584152436973164,0.0927486236252739,0.2511638673225903,3.138760371379491,2022.0,2047
Dylan Windler,-1.899949212031939,1.359510083837694,-0.5404391281942456,0.5160941750267021,2022.0,459
Ed Davis,-4.268144078666175,1.299108391996277,-2.969035686669898,-0.0222545538380404,2022.0,201
Elfrid Payton,-5.300483226894428,0.5456657793871763,-4.754817447507252,-0.580199653079198,2022.0,557
Elijah Hughes,-5.367984539371832,-4.753236593610545,-10.12122113298238,-1.635544331605509,2022.0,434
Enes Freedom,-0.9341981587334626,2.429083451601337,1.494885292867874,0.8840873219474062,2022.0,411
Eric Bledsoe,-2.223354894445471,2.034542558117144,-0.1888123363283269,1.785719487486565,2022.0,1361
Eric Gordon,0.0467282067158375,-2.672329029680396,-2.625600822964559,0.1059938688621929,2022.0,1669
Eric Paschall,0.1912938549674548,-2.853959299036364,-2.662665444068908,0.0356176868371071,2022.0,760
Evan Fournier,0.7591019800640333,-1.843075632799357,-1.083973652735324,2.01802820839336,2022.0,2358
Evan Mobley,-2.723949789737192,1.601475089741821,-1.122474699995371,1.915833172041724,2022.0,2331
Facundo Campazzo,-2.475033232297329,1.432098695948712,-1.042934536348617,1.031605200215769,2022.0,1197
Frank Jackson,-1.48740634924125,-2.398259778296054,-3.885666127537303,-0.677335142742611,2022.0,1164
Frank Ntilikina,-2.055785842369496,3.574761542307046,1.51897569993755,1.77339921874552,2022.0,810
Franz Wagner,0.4745796088636713,0.8441772750620936,1.318756883925765,5.034506287309836,2022.0,2429
Fred VanVleet,3.445890985459818,1.072850139687663,4.51874112514748,9.631977281513484,2022.0,2602
Furkan Korkmaz,-0.932925779041777,-1.093659219272659,-2.026584998314436,0.5442709202946169,2022.0,1475
Gabe Vincent,-0.397128219126991,1.339965334450994,0.9428371153240026,3.849165060707957,2022.0,2012
Garrett Temple,-2.998755376299752,-0.5669732502037156,-3.565728626503468,-0.4534135935798819,2022.0,1100
Garrison Mathews,1.089276874483114,1.947772444151194,3.037049318634308,5.080271235280721,2022.0,1712
Gary Clark,-0.3925691179967745,-0.5120662243611399,-0.9046353423579144,0.3547262889721346,2022.0,378
Gary Harris,-1.118785292312011,-0.3483411571381143,-1.467126449450125,1.133051879679543,2022.0,1730
Gary Payton II,1.384994588290794,4.636689319379141,6.021683907669935,6.544030283301545,2022.0,1450
Gary Trent Jr.,1.422214476727065,-1.023158438504436,0.3990560382226293,4.261055705120418,2022.0,2647
George Hill,-1.052581276517058,1.872069124281766,0.8194878477647087,2.399952671380035,2022.0,1329
Georges Niang,0.2593371230737588,-1.414498004687982,-1.155160881614223,1.582484936093005,2022.0,1934
Georgios Kalaitzakis,-6.033329392229115,-6.883508520530056,-12.91683791275917,-1.11950701472578,2022.0,214
Giannis Antetokounmpo,5.587616641169193,2.47923915762314,8.066855798792332,14.97824984891317,2022.0,2652
Goga Bitadze,0.4793941832233858,-2.637143199107451,-2.157749015884066,0.2219588698245002,2022.0,729
Goran Dragic,-0.2546264965014259,-0.3529888971030041,-0.6076153936044301,0.6463221901446934,2022.0,577
Gordon Hayward,-0.7956551734503151,-1.222644200496048,-2.018299373946363,0.5871950188560155,2022.0,1564
Gorgui Dieng,-1.727699134990853,1.031403649360834,-0.6962954856300184,0.4037332067441833,2022.0,381
Grant Williams,-1.024984185337344,0.3791016645227908,-0.6458825208145527,2.741497817693034,2022.0,2529
Grayson Allen,0.2143107529823984,-0.0693876080218238,0.1449231449605747,3.122603752274343,2022.0,2110
Greg Brown III,-5.553383267258776,-3.039340649992385,-8.592723917251162,-1.925576846011328,2022.0,640
Greg Monroe,-0.6611047301278239,1.186192009695382,0.5250872795675583,0.3457934176592954,2022.0,202
Hamidou Diallo,-0.8804647749511488,1.289832737384845,0.4093679624336958,2.05395584376103,2022.0,1269
Harrison Barnes,1.178854744061554,-1.690969927659564,-0.5121151835980102,2.967496496799782,2022.0,2587
Hassan Whiteside,1.007040496384917,2.261066520300096,3.268107016685014,3.765099817408517,2022.0,1227
Herbert Jones,-1.159820363341111,2.614873485136199,1.455053121795088,5.540262486949919,2022.0,2561
Ignas Brazdeikis,-1.647109484856327,-2.984383921504411,-4.631493406360738,-0.5142650441400421,2022.0,536
Immanuel Quickley,2.355006638723036,1.543113903264389,3.898120541987425,6.032749844354028,2022.0,1802
Isaac Okoro,-1.110598811152703,0.290011941412274,-0.8205868697404287,1.94135164451053,2022.0,1981
Isaiah Hartenstein,1.197369423658914,1.514727699735899,2.712097123394813,3.413194500630765,2022.0,1216
Isaiah Jackson,-1.294549995462759,0.5718540108618022,-0.7226959846009571,0.5662321611590855,2022.0,541
Isaiah Joe,-1.225805426966218,0.7418205049634834,-0.4839849220027352,0.7212946934463327,2022.0,624
Isaiah Livers,-0.5559707528825918,-1.199747092832923,-1.755717845715515,0.193606672906283,2022.0,383
Isaiah Roby,-0.854444596439599,-1.311908298130346,-2.166352894569945,0.2832315635260893,2022.0,948
Isaiah Stewart,-3.13776458211643,0.8339069343126411,-2.303857647803789,0.4110630973677756,2022.0,1816
Isaiah Thomas,-0.3990148548644902,-1.650599497454309,-2.049614352318799,0.1417613466191624,2022.0,333
Ish Smith,-2.218317627920603,-1.9813709417325,-4.199688569653103,-0.814805095556649,2022.0,1126
Ish Wainright,-1.771420714349911,1.332316448150129,-0.4391042661997817,0.4544127534981586,2022.0,385
Ivica Zubac,-0.6937649547898227,0.7233584622228239,0.0295935074330012,2.626958110405754,2022.0,1852
JT Thor,-3.004718159455292,-1.411621534613065,-4.416339694068357,-0.2227818242395402,2022.0,262
Ja Morant,4.981662827335163,-1.045587475628249,3.936075351706913,7.701920415751063,2022.0,2227
JaMychal Green,-2.207507806982098,-0.2886887255575791,-2.496196532539677,0.1528537349165692,2022.0,1154
JaVale McGee,0.0006131137789987,1.819841661813586,1.820454775592585,3.055057154553711,2022.0,1305
Jaden McDaniels,-2.259979487099824,1.946144605027162,-0.3138348820726621,2.430457531113515,2022.0,1933
Jae Crowder,-0.4004147107190295,1.579044141657024,1.178629430937995,4.546936802261867,2022.0,2269
Jae'Sean Tate,-1.305333948558302,0.7757554870268053,-0.5295784615314965,2.337336442090229,2022.0,2056
Jake Layman,-3.55672535658294,0.0557273955770818,-3.500997961005858,-0.0888938414980108,2022.0,231
Jakob Poeltl,1.639777671270009,2.39028084557149,4.030058516841499,6.796565524912898,2022.0,1970
Jalen Brunson,2.659996012287521,-0.5444135783080295,2.115582433979491,7.788182180376651,2022.0,3153
Jalen Green,-1.538791420617653,-2.72707225691195,-4.265863677529603,-1.664680952321303,2022.0,2138
Jalen McDaniels,-1.017066796593088,0.5799010633174282,-0.43716573327566,1.052512717789506,2022.0,895
Jalen Smith,-0.472717292460941,-0.5416143223333845,-1.014331614794325,0.8184168863976422,2022.0,925
Jalen Suggs,-4.157846232778498,2.826072657876266,-1.331773574902232,0.9588252845828404,2022.0,1307
James Bouknight,-2.389069415210727,-4.973059238024391,-7.362128653235118,-0.7159167472828181,2022.0,304
James Harden,3.522769700548162,-1.456575731354306,2.066193969193855,7.227443906860888,2022.0,2898
James Johnson,-1.830892034657553,-0.664925636890844,-2.495817671548397,0.1535170432452285,2022.0,1191
Jared Butler,-1.946417056376382,0.1044612809136953,-1.841955775462687,0.1728662855892363,2022.0,365
Jaren Jackson Jr.,-0.2397897348086773,2.320862309192478,2.081072574383801,6.161063544418433,2022.0,2458
Jarred Vanderbilt,0.1492067374021225,1.736323812252447,1.885530549654569,4.749572963961539,2022.0,2009
Jarrett Allen,0.1942346735639235,4.089200453318242,4.283435126882165,6.460446751955602,2022.0,1809
Jarrett Culver,-3.289282602879954,-0.0629065467556309,-3.352189149635585,-0.1101652006398168,2022.0,360
Javonte Green,0.1409091265046704,1.658042304693807,1.798951431198477,3.691489659812755,2022.0,1591
Javonte Smart,-3.846610476355568,-0.3081658339329407,-4.154776310288508,-0.143996008858114,2022.0,200
Jaxson Hayes,-1.194148275663042,-1.272255134840403,-2.466403410503445,0.1908155347680337,2022.0,1481
Jaylen Brown,1.719575057502531,1.007910760068769,2.7274858175713,8.905490132342509,2022.0,3140
Jaylen Hoard,-1.650070540140377,-5.151433440298307,-6.801503980438684,-0.4910670525371058,2022.0,240
Jaylen Nowell,2.65512210054128,-3.000240694171548,-0.3451185936302681,1.209905558681154,2022.0,987
Jayson Tatum,3.957832875042819,1.587377648853731,5.54521052389655,15.81635200183726,2022.0,3714
Jeff Green,-1.506757224762046,-1.878335689387584,-3.38509291414963,-0.6273832144274424,2022.0,1962
Jerami Grant,-0.5228566792579588,-0.6882653598021816,-1.21112203906014,1.176527362333205,2022.0,1500
Jeremiah Robinson-Earl,-3.933108069700372,0.6882439833372185,-3.244864086363154,-0.272913201049563,2022.0,1087
Jeremy Lamb,0.7316732623611241,-0.7916468098235814,-0.0599735474624574,1.275457861374799,2022.0,935
Jericho Sims,-2.707509826484187,1.758774094673865,-0.948735731810322,0.507566113774156,2022.0,555
Jevon Carter,-1.605088282100978,-0.9088458384435584,-2.513934120544537,0.1135630575978478,2022.0,1031
Jimmy Butler,4.738007858691475,1.266305634996932,6.004313493688407,11.58011596876057,2022.0,2560
Jock Landale,-0.5818421609124993,-1.469916675745139,-2.051758836657638,0.2105635100041642,2022.0,589
Joe Harris,-2.899924750895373,-1.804470943278506,-4.704395694173881,-0.4213268083054115,2022.0,423
Joe Ingles,-0.2131225884191342,-1.108270805593722,-1.321393394012856,0.8141290782174224,2022.0,1122
Joe Wieskamp,-2.581993229260283,-2.677650576398421,-5.259643805658705,-0.2616088592413991,2022.0,205
Joel Embiid,3.615599884585901,4.160000393535082,7.775600278120985,14.52112669191892,2022.0,2682
John Collins,0.5423479122637608,0.6820487737641727,1.224396686027933,3.600208716442046,2022.0,1785
John Konchar,0.2518346902235934,0.5808253853660619,0.8326600755896554,2.448594730357599,2022.0,1348
Jonas Valanciunas,1.005998238461259,0.5495668275894061,1.555565066050665,5.286671445852669,2022.0,2415
Jonathan Kuminga,-2.691130926571614,-1.986995085409415,-4.678126011981028,-1.310753075617688,2022.0,1323
Jordan Clarkson,2.798122861030323,-0.3915202617490477,2.406602599281276,6.085724548834655,2022.0,2311
Jordan McLaughlin,0.6059030675877687,-0.2864008396923147,0.3195022278954541,1.551209598994426,2022.0,985
Jordan Nwora,-3.131876191000979,-2.493167126498732,-5.625043317499711,-1.770012324593657,2022.0,1205
Jordan Poole,1.958804701009879,-1.05226916153137,0.9065355394785092,5.454729917562367,2022.0,2889
Jose Alvarado,0.5295962330512056,4.342400039890017,4.871996272941223,3.669789400350585,2022.0,951
Josh Christopher,-1.326704847487153,-2.724527744008287,-4.05123259149544,-0.8892844734129102,2022.0,1334
Josh Giddey,-1.893706010144678,0.4628950688170878,-1.43081094132759,1.150803405799353,2022.0,1700
Josh Green,-2.200507605225928,1.874140462471222,-0.3263671427547064,1.440408119357451,2022.0,1160
Josh Hart,0.8600845384698089,-0.0923544011642617,0.7677301373055474,3.218484086452456,2022.0,1791
Josh Jackson,-2.3219311101213,-0.742495382301102,-3.064426492422402,-0.1345591996528761,2022.0,830
Josh Okogie,-4.047737729711285,6.120769869089324,2.073032139378038,1.283343103377397,2022.0,518
Josh Richardson,-0.3603453602516075,-1.063404908941159,-1.423750269192766,1.058682560036735,2022.0,1600
Joshua Primo,-3.741373464643404,-0.7692817769085485,-4.510655241551953,-0.8724405399475781,2022.0,965
Jrue Holiday,3.600652306607744,1.167859688444244,4.768511995051989,10.2591474714889,2022.0,2670
Juan Toscano-Anderson,-1.990522527948269,0.9477202463783688,-1.042802281569901,0.911416432369874,2022.0,1043
Juancho Hernangomez,-0.6730162542218541,-0.0308740949267268,-0.703890349148581,0.563356476981661,2022.0,501
Julius Randle,-2.287313206843011,-0.9926324804787754,-3.279945687321787,-0.6921655778930863,2022.0,2544
Justin Anderson,-0.109617358467341,-4.791641060415535,-4.901258418882876,-0.3504605332475533,2022.0,316
Justin Champagnie,1.054443306503947,-0.7665912550482685,0.2878520514556786,0.4336698559630868,2022.0,281
Justin Holiday,-1.179647834017767,-1.948398866394903,-3.12804670041267,-0.3846079736573603,2022.0,2057
Justin Robinson,-6.204853653297135,1.230548351121777,-4.97430530217536,-0.3195662745213283,2022.0,304
Justise Winslow,-1.21690660155201,1.824597549084057,0.6076909475320472,1.348294238455029,2022.0,774
Jusuf Nurkic,-0.2035866477218811,3.387326215126591,3.18373956740471,4.811648836220027,2022.0,1579
KZ Okpala,-2.631737022754034,-3.326610137901902,-5.958347160655936,-0.3943804457965718,2022.0,244
Karl-Anthony Towns,3.307360420337589,-1.183602639553146,2.123757780784443,6.805829004711795,2022.0,2698
Keifer Sykes,-5.23736533991985,-1.008548600056113,-6.245913939975963,-1.001958311052102,2022.0,566
Keita Bates-Diop,-2.576078240324808,1.038293521145638,-1.53778471917917,0.5898405207718032,2022.0,956
Kelan Martin,-2.652173418072016,-0.3614295210118311,-3.013602939083847,-0.0599997307658223,2022.0,450
Keldon Johnson,1.314922375714753,-0.4112396936663633,0.90368268204839,4.456317094900612,2022.0,2392
Keljin Blevins,-6.01053900933732,-6.395472480884477,-12.4060114902218,-1.710732343303327,2022.0,349
Kelly Olynyk,0.5964765183044345,1.281550524250827,1.878027042555261,1.821635154657407,2022.0,764
Kelly Oubre Jr.,0.2911596047505181,-1.119364948779732,-0.8282053440292141,1.972323640083643,2022.0,1999
Kemba Walker,-0.2553087300697016,0.0562798950598225,-0.1990288350098791,1.225625274974258,2022.0,948
Kenrich Williams,-1.209391856189765,3.773824037412918,2.564432181223153,2.890830214699676,2022.0,1072
Kent Bazemore,-3.652837485925164,3.702800476232486,0.0499629903073218,0.7834455873077644,2022.0,545
Kentavious Caldwell-Pope,-0.9904118254609774,-0.1190249801415398,-1.109436805602517,1.955177918607547,2022.0,2329
Kenyon Martin Jr.,-0.2073219743766955,-2.795675647190507,-3.002997621567202,-0.2128678510879865,2022.0,1656
Keon Johnson,-5.162744973497518,-3.386393618039983,-8.549138591537499,-2.068130032631617,2022.0,697
Kessler Edwards,-2.024499480003195,-1.864445298493421,-3.888944778496616,-0.5794284061272512,2022.0,994
Kevin Durant,4.449173784719288,0.0527266119013374,4.501900396620624,8.250891243511678,2022.0,2223
Kevin Huerter,0.3972578460440581,-0.8856886132858386,-0.4884307672417806,2.697404196416904,2022.0,2342
Kevin Knox II,-1.767835929020805,-5.675863608452512,-7.443699537473318,-0.5486192467525658,2022.0,231
Kevin Love,1.929466557090327,0.3422521290645558,2.271718686154883,4.3130177680766,2022.0,1665
Kevin Porter Jr.,0.1749418767234855,-0.0848402172909825,0.090101659432503,2.786969811183602,2022.0,1907
Kevon Looney,-0.0643648799406213,2.415500501216423,2.351135621275802,5.703890427443824,2022.0,2180
Khem Birch,-1.638160599395467,-0.3185109895615373,-1.956671588957004,0.426356354467062,2022.0,1054
Khris Middleton,1.935834412265986,-0.6678507233104017,1.267983688955584,4.606012025805072,2022.0,2213
Killian Hayes,-3.684559365164491,-0.3734565191139052,-4.058015884278396,-1.101221599901634,2022.0,1647
Killian Tillie,-3.335430739082482,0.839692757235472,-2.49573798184701,0.0599661660992928,2022.0,461
Kira Lewis Jr.,-3.630862593453746,-0.4434151541978388,-4.074277747651585,-0.2318876611971423,2022.0,341
Klay Thompson,0.9799116439694432,-1.750901175163895,-0.7709895311944519,1.760982212531554,2022.0,1733
Kris Dunn,-1.366636074354363,0.1319559503548504,-1.234680123999513,0.2600018320333845,2022.0,336
Kristaps Porzingis,1.26002412198867,0.6001427183471167,1.860166840335787,3.503555541636837,2022.0,1481
Kyle Anderson,-1.324155641422123,0.7177696426405302,-0.6063859987815933,1.876176607307193,2022.0,1705
Kyle Kuzma,-1.754856339476996,-0.6122803100408278,-2.367136649517823,0.4307016062150357,2022.0,2204
Kyle Lowry,1.621001145198848,1.162018228472033,2.783019373670881,6.933985208646288,2022.0,2428
Kyrie Irving,5.033585516203344,-0.8797503404850436,4.153835175718301,4.46909823896289,2022.0,1261
LaMarcus Aldridge,-0.2411573213771769,1.83076823317327,1.589610911796093,2.319517969225026,2022.0,1050
LaMelo Ball,2.711671293118764,-0.6583781373652557,2.053293155753508,6.074391027392224,2022.0,2422
Lamar Stevens,-2.550634621842024,-0.0421116037502377,-2.592746225592261,0.0807971067212379,2022.0,1015
Lance Stephenson,-0.6426356111356821,-5.268125712772596,-5.91076132390828,-1.312600306731557,2022.0,814
Landry Shamet,-0.952293978120563,-0.1503867647086576,-1.102680742829221,1.339853383596152,2022.0,1629
Larry Nance Jr.,-0.0803512888580706,-0.3624590495442075,-0.442810338402278,1.383759750436984,2022.0,1170
Lauri Markkanen,1.642029500496541,-0.8889509675649214,0.7530785329316192,3.351907280596418,2022.0,1878
LeBron James,4.637281780028391,0.1045794050966082,4.741861185124999,7.985028730412155,2022.0,2084
Leandro Bolmaro,-5.373845599201958,1.744560615020618,-3.629284984181341,-0.1082626008568364,2022.0,241
Lindy Waters III,0.7086191601432608,0.7012586681513395,1.4098778282946,0.9871339648198382,2022.0,465
Lonnie Walker IV,-1.408271311158112,-1.825990531281869,-3.234261842439982,-0.3986426004456873,2022.0,1612
Lonzo Ball,0.0043975217821926,2.937473604732819,2.941871126515012,3.545859532037733,2022.0,1212
Lou Williams,-1.323417539419335,-1.08072782206039,-2.404145361479725,0.1404921668218739,2022.0,799
Luguentz Dort,-1.397355963391088,1.18636966808027,-0.2109862953108181,2.174036368856353,2022.0,1665
Luka Doncic,5.740278663199829,0.6425125083200834,6.382791171519912,13.57500802178443,2022.0,2853
Luka Garza,-0.4104542004774336,-2.568381892745369,-2.978836093222803,-0.0457605023352971,2022.0,389
Luke Kennard,1.539114971581311,-0.6674534279790265,0.8716615436022843,3.529662023109957,2022.0,1919
Malachi Flynn,-0.2616533890902585,0.1287979171810473,-0.1328554719092112,0.7604919110103511,2022.0,573
Malcolm Brogdon,2.356553988426825,-0.6601595798984892,1.696394408528336,2.727875359084309,2022.0,1206
Malcolm Hill,-0.1431276170906354,-0.9660616503010042,-1.109189267391639,0.1792571137483059,2022.0,212
Malik Beasley,0.4667716652081398,-2.031229155097284,-1.564457489889143,1.270844472772599,2022.0,2095
Malik Monk,1.785579797407783,-1.235187482001085,0.5503923154066985,3.612769924568255,2022.0,2139
Marcus Morris Sr.,-0.0570887409421891,-3.813781071636402,-3.870869812578591,-0.8890157250278361,2022.0,1564
Marcus Smart,1.222840848998238,1.605841834627773,2.828682683626011,8.8485687342307,2022.0,3056
Markelle Fultz,0.5146631843985613,1.641903698281928,2.156566882680489,0.9071792796028132,2022.0,360
Markieff Morris,-1.386561596755077,-1.768460002733006,-3.155021599488082,-0.0632801887022908,2022.0,301
Marquese Chriss,-3.712656311920829,-3.081899275368624,-6.794555587289454,-0.7753426809534435,2022.0,376
Marvin Bagley III,-0.8512423354025509,-0.1595412173264991,-1.01078355272905,1.006485953995794,2022.0,1146
Mason Plumlee,-2.187550097354838,0.9314078154277424,-1.256142281927096,1.37007474961514,2022.0,1793
Matisse Thybulle,-2.216038597117592,4.007251572630399,1.791212975512808,4.224184751998783,2022.0,1822
Matt Thomas,-1.043461643208775,0.3892432117921714,-0.6542184314166035,0.4864705415653549,2022.0,459
Maurice Harkless,-3.294387339426257,0.0163673634735135,-3.278019975952743,-0.2318442093636816,2022.0,863
Max Strus,1.970906461813424,0.3148675852425807,2.285774047056005,5.493181313162273,2022.0,2110
Maxi Kleber,-2.030055585655937,2.10442000996248,0.0743644243065435,2.757446820284628,2022.0,1907
Michael Porter Jr.,-4.409507857913219,5.636356815331962,1.226848957418743,0.5362090172308289,2022.0,265
Mikal Bridges,1.790096472250305,0.9426667758330632,2.732763248083368,9.382802883350834,2022.0,3354
Mike Conley,2.063415925858949,1.174820970445319,3.238236896304268,6.713103321569532,2022.0,2232
Mike Muscala,2.392034821550176,3.322714949845509,5.714749771395685,2.563662206796771,2022.0,592
Miles Bridges,1.736542251037044,-0.0497288881424985,1.686813362894545,6.431182834382515,2022.0,2837
Miles McBride,-1.432686531333765,1.509197647457839,0.0765111161240739,0.5306841243993198,2022.0,372
Mitchell Robinson,0.4562017095155998,2.438611670407888,2.894813379923487,5.279001481855422,2022.0,1848
Mo Bamba,-2.114574057676145,0.584924445049678,-1.529649612626467,1.136567678060403,2022.0,1824
Monte Morris,1.46455033104997,-2.005096720543583,-0.5405463894936123,2.646984638346186,2022.0,2395
Montrezl Harrell,2.053165171131524,0.5319680472396318,2.585133218371156,4.455444129743747,2022.0,1641
Moritz Wagner,0.448753531333186,-1.506189560228932,-1.057436028895746,0.8359909775014899,2022.0,960
Moses Brown,-4.206634963208524,-0.9370797767263278,-5.143714739934851,-0.4263536471321244,2022.0,345
Moses Moody,-2.604359702965632,-1.742640957397823,-4.347000660363454,-0.5903270435510556,2022.0,712
Mychal Mulder,-6.07535366563258,-3.04418457410371,-9.11953823973629,-0.7750660908986085,2022.0,239
Myles Turner,-1.152313265656377,2.462489939995904,1.310176674339527,2.557906996318148,2022.0,1235
Naji Marshall,-1.41563564859815,0.7264462670188108,-0.689189381579339,0.8446721818103153,2022.0,791
Nassir Little,0.0377075614855997,1.275729745323306,1.313437306808906,2.249052743259837,2022.0,1088
Nathan Knight,-0.6209969197267224,1.701133081331058,1.080136161604336,0.5250543676762844,2022.0,267
Naz Reid,-2.660968624699015,0.6693451871694392,-1.991623437529575,0.4964608154272077,2022.0,1269
Nemanja Bjelica,-1.188650384295163,1.747468186562353,0.5588178022671897,2.186129884753655,2022.0,1292
Nerlens Noel,-2.970886857138796,-0.0136378225506989,-2.984524679689495,-0.0670098254337975,2022.0,562
Nic Claxton,-1.356316030841869,1.636422118869576,0.2801060880277074,1.696352257777099,2022.0,1072
Nick Richards,-4.14958375347412,-0.5652542014809432,-4.714837954955064,-0.3690478820609771,2022.0,367
Nickeil Alexander-Walker,-1.773719915549308,-1.223067919943629,-2.996787835492937,-0.1984664678446322,2022.0,1471
Nicolas Batum,-1.563829036601105,1.709506444597252,0.1456774079961469,2.167206316226813,2022.0,1462
Nikola Jokic,8.52071477617959,6.05169603964178,14.57241081582137,23.9055544931349,2022.0,2647
Nikola Vucevic,-1.816075358926026,1.555940608412147,-0.2601347505138783,3.311257912226643,2022.0,2599
Norman Powell,1.298798140806498,-2.683743053147044,-1.384944912340546,1.008443447195788,2022.0,1458
OG Anunoby,0.1556388855838369,-0.1761561461871871,-0.0205172606033503,2.74299909255406,2022.0,1945
Obi Toppin,-0.543636298053415,-0.2543742890553086,-0.7980105871087235,1.221653643389698,2022.0,1230
Olivier Sarr,-3.439523196887885,-2.338166091844192,-5.777689288732077,-0.649178703863462,2022.0,421
Omer Yurtseven,-2.049417255578872,0.8766846643578272,-1.172732591221045,0.5994523708550108,2022.0,744
Onyeka Okongwu,-0.0373433173071026,2.227108976452611,2.189765659145508,2.775562564922549,2022.0,1100
Oshae Brissett,-1.130375456087037,-2.792230477943744,-3.922605934030781,-0.9365465269152032,2022.0,1564
Otto Porter Jr.,0.7501952381582773,1.797162217469557,2.547357455627834,4.778192807436522,2022.0,1767
P.J. Dozier,-2.638497725156297,2.569958001765075,-0.0685397233912215,0.4639244767289453,2022.0,340
P.J. Tucker,-0.626346826710791,2.327912513783868,1.701565687073077,5.658534823311524,2022.0,2490
P.J. Washington,0.0644951470782407,-1.382198550132365,-1.317703403054125,1.29565106889072,2022.0,1768
Pascal Siakam,1.913557096263009,-0.1960506329355957,1.717506463327413,6.40725094365783,2022.0,2838
Pat Connaughton,0.6029425247525291,0.2287090665984364,0.8316515913509654,3.680611241018695,2022.0,2009
Patrick Beverley,1.679362495827399,1.938938255766462,3.618300751593861,5.435824979259043,2022.0,1670
Patrick Williams,-1.702209935003492,-2.523375943604929,-4.225585878608422,-0.4438352961640102,2022.0,575
Patty Mills,0.2297171464704584,-1.807121716316584,-1.577404569846125,1.446015830086964,2022.0,2418
Paul George,1.140716838247721,3.950826649209097,5.091543487456818,4.402187969469462,2022.0,1077
Paul Millsap,-2.233578671156728,1.238658815810595,-0.9949198553461334,0.3293305510707805,2022.0,382
Paul Reed,0.7031906105333791,0.5373550013310823,1.240545611864462,0.9161576099028212,2022.0,442
Payton Pritchard,1.972848432644763,-0.3239276635233487,1.648920769121414,2.941506045882516,2022.0,1310
Precious Achiuwa,-2.517372390284928,2.144151406740321,-0.3732209835446072,2.262658045779584,2022.0,1892
Quentin Grimes,-1.393638878909563,1.433797932206373,0.0401590532968099,1.117362849367761,2022.0,786
R.J. Hampton,-3.619847276170201,-2.088148930623719,-5.707996206793919,-2.118598929453977,2022.0,1402
RJ Barrett,-0.656354940603608,-0.9226728889697248,-1.579027829573333,1.453869685788175,2022.0,2417
Rajon Rondo,-3.258733220959984,0.9504935680456054,-2.308239652914378,0.1606468321527845,2022.0,697
Raul Neto,-0.4487682643368207,-0.7146882043016911,-1.163456468638512,1.105904480026509,2022.0,1372
Reggie Bullock,-0.2123141300700861,-0.1471034452285948,-0.3594175752986808,3.184023023831464,2022.0,2609
Reggie Jackson,-0.9006622944304482,-0.0523612932106284,-0.9530235876410768,2.138605496984729,2022.0,2337
Richaun Holmes,-1.764674466526436,-1.183199406868299,-2.947873873394734,-0.1084863219084693,2022.0,1074
Ricky Rubio,0.464406264366694,3.580894939537492,4.045301203904186,3.392369214401481,2022.0,970
Robert Covington,-0.7286933137901741,2.641103454371011,1.912410140580837,4.628683417259376,2022.0,1940
Robert Williams III,0.6392239948762584,3.016426321131292,3.65565031600755,7.213416848901503,2022.0,2198
Robin Lopez,-2.63780766131493,-2.172185995367445,-4.809993656682375,-0.6382992059049635,2022.0,612
Rodney Hood,-2.450070270041273,-1.059854420236156,-3.509924690277429,-0.2704733808741794,2022.0,709
Rodney McGruder,-0.1440339154721464,-0.6688173770899889,-0.8128512925621354,0.7441820984058369,2022.0,754
Romeo Langford,-2.335936795012168,0.764370889895176,-1.571565905116992,0.4592611550415217,2022.0,771
Royce O'Neale,0.2440229775144751,1.197038161293686,1.441061138808161,5.544956335066986,2022.0,2594
Rudy Gay,-0.146087099589036,0.7605692832733891,0.614482183684353,1.779664994503969,2022.0,1038
Rudy Gobert,0.0637741439575261,6.822548609710641,6.886322753668167,11.37194670260348,2022.0,2317
Rui Hachimura,-0.8842695823935693,-2.972701874615372,-3.856971457008942,-0.5284910856434302,2022.0,943
Russell Westbrook,-1.155953572003861,-2.069635510293152,-3.225589082297012,-0.6592978821507846,2022.0,2678
Saben Lee,-1.938408482120238,0.0975219814692536,-1.840886500650984,0.2801236683157573,2022.0,604
Saddiq Bey,0.1259407069586663,-2.419866248828346,-2.29392554186968,0.6284311693347711,2022.0,2704
Sandro Mamukelashvili,-1.653392007549584,-7.16989697453546,-8.823288982085042,-1.256358789646226,2022.0,407
Santi Aldama,-2.809477244026139,-1.865065459685644,-4.674542703711783,-0.354748465790142,2022.0,360
Scottie Barnes,0.1446009670578553,0.6901858241586861,0.8347867912165415,5.022354503459047,2022.0,2750
Semi Ojeleye,-5.38692130178534,-4.539674479108197,-9.926595780893535,-1.468582274176583,2022.0,406
Serge Ibaka,-3.988513214247344,-0.5211497612374851,-4.509662975484828,-0.7954617547886937,2022.0,899
Seth Curry,1.324663822176406,-1.052646317617582,0.2720175045588241,3.456124350615775,2022.0,2267
Shai Gilgeous-Alexander,2.752404062046188,-0.8764460051488945,1.875958056897294,4.599762158612561,2022.0,1942
Shake Milton,-0.4921101581150827,-1.119206672759909,-1.611316830874992,0.7965393538474567,2022.0,1337
Skylar Mays,-1.558340218432396,-3.001747806397939,-4.560088024830335,-0.2148772102473042,2022.0,229
Spencer Dinwiddie,1.884695177117911,-0.4806939157010215,1.404001261416889,5.262388025938337,2022.0,2481
Stanley Johnson,-0.6896693830034214,0.1875809316974457,-0.5020884513059757,1.248852331759496,2022.0,1094
Stephen Curry,6.242839239197416,0.5524436027774468,6.795282841974863,14.92691877974969,2022.0,2975
Sterling Brown,-3.318176241386178,1.462859538462581,-1.855316702923597,0.292489091505477,2022.0,654
Steven Adams,1.685480149685471,0.4503484666970344,2.135828616382506,5.263587097232344,2022.0,2113
Svi Mykhailiuk,-2.944605763456585,-1.306221496117965,-4.25082725957455,-0.5384413872389467,2022.0,721
T.J. McConnell,-0.364020699156999,0.8689561052482953,0.5049354060912963,1.078814223884985,2022.0,652
Taj Gibson,-1.700070900573771,0.848117221819257,-0.8519536787545139,0.9066441563603024,2022.0,946
Talen Horton-Tucker,-2.399577767497916,-0.0182279457176064,-2.417805713215523,0.2552684418752125,2022.0,1511
Taurean Prince,-0.9954429763468444,-0.0508798678691781,-1.046322844216023,1.094160587025316,2022.0,1242
Terance Mann,-0.1381220122977062,0.6471638393216974,0.5090418270239911,3.818417476505554,2022.0,2317
Terence Davis,1.956561068357797,0.2804706123576352,2.237031680715432,1.379427339872831,2022.0,536
Terrence Ross,-1.658261505047883,-3.405583237997063,-5.063844743044946,-1.710856967792033,2022.0,1448
Terry Rozier,2.748444734933057,0.2440393236111792,2.992484058544236,7.158162425205495,2022.0,2458
Terry Taylor,1.200653786124255,-3.088716578806117,-1.888062792681862,0.3128505158720083,2022.0,714
Thaddeus Young,-0.5400972249881417,0.7268372931030983,0.1867400681149564,1.417298654215182,2022.0,932
Thanasis Antetokounmpo,-3.107812449653422,-0.7190338401668618,-3.826846289820283,-0.2699030053389405,2022.0,493
Theo Maledon,-3.0184596695405,-1.168548644123592,-4.187008313664092,-0.6667572514632012,2022.0,908
Thomas Bryant,-2.756948700213318,-3.821666327942417,-6.578615028155735,-0.8552378626059384,2022.0,439
Tim Frazier,-5.896141840462313,0.8139080642871769,-5.082233776175137,-0.2538178360493598,2022.0,208
Tim Hardaway Jr.,-0.0883525131415737,0.4936372137021109,0.4052847005605373,2.001993172249828,2022.0,1245
Timothe Luwawu-Cabarrot,-2.164402223571309,-0.9766615613514954,-3.141063784922805,-0.1420006286097391,2022.0,707
Tobias Harris,0.7185663855659797,-1.105967994214522,-0.3874016086485423,3.621488377713569,2022.0,3009
Tomas Satoransky,-2.658047897365452,-1.730744344165299,-4.388792241530751,-0.7614547015762954,2022.0,906
Tony Bradley,-2.437017194230179,3.627789267968235,1.190772073738056,1.097633544033695,2022.0,557
Tony Snell,-2.299828450459559,-1.308051996436699,-3.607880446896258,-0.3606574651495728,2022.0,823
Torrey Craig,-2.236995899333882,0.0435190527569784,-2.193476846576904,0.471482289070438,2022.0,1665
Trae Young,6.715589373105965,-3.049648489931295,3.665940883174671,9.403348566867688,2022.0,2838
Tre Jones,0.2804366886099401,1.935490388277889,2.215927076887829,2.878589553157793,2022.0,1148
Tre Mann,-2.233975542321788,-1.432108524149583,-3.666084066471371,-0.63752549839661,2022.0,1367
Trendon Watford,-2.675920002867042,-4.60810248085326,-7.284022483720303,-2.017638086227539,2022.0,869
Trent Forrest,-0.983422686092542,0.5368065230445092,-0.4466161630480328,0.8887449539557659,2022.0,765
Trevor Ariza,-4.036059281976271,-0.4649381653588801,-4.500997447335151,-0.4092415283242185,2022.0,462
Trey Burke,-2.197735987634369,-0.5302373715625549,-2.727973359196923,-0.001570935470862,2022.0,478
Trey Lyles,-0.4710466594687359,-1.547108501797736,-2.018155161266471,0.5718301510198179,2022.0,1537
Trey Murphy III,0.1636118107512596,-0.6202000779746621,-0.4565882672234026,1.155686975260426,2022.0,984
Tristan Thompson,-1.140320827371215,-0.594637804628821,-1.734958632000036,0.4914040172884237,2022.0,935
Troy Brown Jr.,-1.655592604588525,0.0671278900383706,-1.588464714550154,0.6451346157406724,2022.0,1092
Ty Jerome,-0.9463534611201072,0.4783515836769076,-0.4680018774431997,0.9273736143188543,2022.0,801
Tyler Cook,-4.353333798855542,-1.051623505992624,-5.404957304848166,-0.2703056615879794,2022.0,200
Tyler Herro,1.349516833389415,-1.25892752242555,0.0905893109638646,3.606439057518546,2022.0,2532
Tyrese Haliburton,2.764219875591649,-1.066540206758019,1.69767966883363,6.11234563355192,2022.0,2695
Tyrese Maxey,1.300616638202679,-1.523845892836979,-0.2232292546343005,4.017994131544688,2022.0,3135
Tyus Jones,1.373547283458899,-0.5064428883211132,0.8671043951377859,3.309020731087777,2022.0,1811
Usman Garuba,-1.182699704245779,-0.8972705290410927,-2.079970233286871,0.08178567316801,2022.0,239
Victor Oladipo,-1.114982375288723,1.269227768081677,0.1542453927929534,0.8216814747203895,2022.0,541
Vit Krejci,-2.886735393263637,-2.967887107961067,-5.854622501224704,-1.08804331707199,2022.0,690
Wayne Ellington,-1.287825357715617,-0.8772847085372586,-2.165110066252876,0.2409080720169524,2022.0,810
Wendell Carter Jr.,-0.5152737987377258,1.44233088192484,0.927057083187114,3.488158075628102,2022.0,1852
Wenyen Gabriel,0.9627312204258848,-2.938553477282161,-1.975822256856277,0.1420382410851396,2022.0,358
Wesley Matthews,-1.292151761829584,2.996706288342493,1.704554526512909,3.105203945374999,2022.0,1347
Will Barton,-0.5334564875302086,-1.413020408315325,-1.946476895845533,0.9758200067300596,2022.0,2449
Willy Hernangomez,1.590115743681573,-2.050460430408396,-0.4603446867268233,0.9871945956326744,2022.0,841
Xavier Tillman,-2.822317215929557,3.009920684717985,0.187603468788428,1.262197907651643,2022.0,840
Yuta Watanabe,-3.211671978269062,-1.860914357554802,-5.072586335823862,-0.5382507059088428,2022.0,455
Zach Collins,-3.258712911952761,-0.0460396523330648,-3.304752564285826,-0.1434827915308558,2022.0,502
Zach LaVine,2.359725952931765,-2.282752543891222,0.0769734090405437,3.588639255489834,2022.0,2481
Zeke Nnaji,-0.8456047624181308,-1.499713665530561,-2.345318427948692,0.1423392476590374,2022.0,707
Ziaire Williams,-0.9939264557625584,-0.9009537431020724,-1.89488019886463,0.6669666285452341,2022.0,1514
